                        ; Adapted for RC2014 6502 CPU Board
                        ; Changes are copyright Ben Chong and freely licensed back to the community
                        ;
                        ; Original version:
                        ;       Enhanced BASIC to assemble under 6502 simulator, $ver 2.22
                        ; Original copyright:
                        ;       Lee Davison, RIP
                        ;
                        ; This version was pulled from the github repository of klaus2m5
                        ;
                        ; $E7E1 $E7CF $E7C6 $E7D3 $E7D1 $E7D5 $E7CF $E81E $E825
                        ;
                        ; 2.00	new revision numbers start here
                        ; 2.01	fixed LCASE$() and UCASE$()
                        ; 2.02	new get value routine done
                        ; 2.03	changed RND() to galoise method
                        ; 2.04	fixed SPC()
                        ; 2.05	new get value routine fixed
                        ; 2.06	changed USR() code
                        ; 2.07	fixed STR$()
                        ; 2.08	changed INPUT and READ to remove need for $00 start to input buffer
                        ; 2.09	fixed RND()
                        ; 2.10	integrated missed changes from an earlier version
                        ; 2.20	added ELSE to IF .. THEN and fixed IF .. GOTO <statement> to cause error
                        ; 2.21	fixed IF .. THEN RETURN to not cause error
                        ; 2.22	fixed RND() breaking the get byte routine
                        ;
                        ; -----------------------------------------------
                        ; RAM usage
                        ; 0000 - 00FF    = zero page
                        ; 0100 - 01FF   = stack
                        ; 0200 - 02FF   = misc flags & vectors & buffers
                        ; 0300 - 03FF   = misc Monitor stuff
                        ; 0500 -        = main memory

      = FF03            input_char      = $ff03
      = FF06            check_input     = $ff06
      = FF09            output_char     = $ff09

                        ; zero page use ..

      = 0000            LAB_WARM 		= $00		; BASIC warm start entry point
      = 0001            Wrmjpl 		= LAB_WARM+1; BASIC warm start vector jump low byte
      = 0002            Wrmjph 		= LAB_WARM+2; BASIC warm start vector jump high byte

      = 000A            Usrjmp		= $0A		; USR function JMP address
      = 000B            Usrjpl		= Usrjmp+1	; USR function JMP vector low byte
      = 000C            Usrjph		= Usrjmp+2	; USR function JMP vector high byte
      = 000D            Nullct		= $0D		; nulls output after each line
      = 000E            TPos			= $0E		; BASIC terminal position byte
      = 000F            TWidth		= $0F		; BASIC terminal width byte
      = 0010            Iclim			= $10		; input column limit
      = 0011            Itempl		= $11		; temporary integer low byte
      = 0012            Itemph		= Itempl+1	; temporary integer high byte

      = 0011            nums_1		= Itempl	; number to bin/hex string convert MSB
      = 0012            nums_2		= nums_1+1	; number to bin/hex string convert
      = 0013            nums_3		= nums_1+2	; number to bin/hex string convert LSB

      = 005B            Srchc			= $5B		; search character
      = 005B            Temp3			= Srchc	; temp byte used in number routines
      = 005C            Scnquo		= $5C		; scan-between-quotes flag
      = 005C            Asrch			= Scnquo	; alt search character

      = 005B            XOAw_l		= Srchc	; eXclusive OR, OR and AND word low byte
      = 005C            XOAw_h		= Scnquo	; eXclusive OR, OR and AND word high byte

      = 005D            Ibptr			= $5D		; input buffer pointer
      = 005D            Dimcnt		= Ibptr	; # of dimensions
      = 005D            Tindx			= Ibptr	; token index

      = 005E            Defdim		= $5E		; default DIM flag
      = 005F            Dtypef		= $5F		; data type flag, $FF=string, $00=numeric
      = 0060            Oquote		= $60		; open quote flag (b7) (Flag: DATA scan; LIST quote; memory)
      = 0060            Gclctd		= $60		; garbage collected flag
      = 0061            Sufnxf		= $61		; subscript/FNX flag, 1xxx xxx = FN(0xxx xxx)
      = 0062            Imode			= $62		; input mode flag, $00=INPUT, $80=READ

      = 0063            Cflag			= $63		; comparison evaluation flag

      = 0064            TabSiz		= $64		; TAB step size (was input flag)

      = 0065            next_s		= $65		; next descriptor stack address

                        					; these two bytes form a word pointer to the item
                        					; currently on top of the descriptor stack
      = 0066            last_sl		= $66		; last descriptor stack address low byte
      = 0067            last_sh		= $67		; last descriptor stack address high byte (always $00)

      = 0068            des_sk		= $68		; descriptor stack start address (temp strings)

                        ;			= $70		; End of descriptor stack

      = 0071            ut1_pl		= $71		; utility pointer 1 low byte
      = 0072            ut1_ph		= ut1_pl+1	; utility pointer 1 high byte
      = 0073            ut2_pl		= $73		; utility pointer 2 low byte
      = 0074            ut2_ph		= ut2_pl+1	; utility pointer 2 high byte

      = 0071            Temp_2		= ut1_pl	; temp byte for block move	

      = 0075            FACt_1		= $75		; FAC temp mantissa1
      = 0076            FACt_2		= FACt_1+1	; FAC temp mantissa2
      = 0077            FACt_3		= FACt_2+1	; FAC temp mantissa3

      = 0076            dims_l		= FACt_2	; array dimension size low byte
      = 0077            dims_h		= FACt_3	; array dimension size high byte

      = 0078            TempB			= $78		; temp page 0 byte

      = 0079            Smeml			= $79		; start of mem low byte		(Start-of-Basic)
      = 007A            Smemh			= Smeml+1	; start of mem high byte	(Start-of-Basic)
      = 007B            Svarl			= $7B		; start of vars low byte	(Start-of-Variables)
      = 007C            Svarh			= Svarl+1	; start of vars high byte	(Start-of-Variables)
      = 007D            Sarryl		= $7D		; var mem end low byte		(Start-of-Arrays)
      = 007E            Sarryh		= Sarryl+1	; var mem end high byte		(Start-of-Arrays)
      = 007F            Earryl		= $7F		; array mem end low byte	(End-of-Arrays)
      = 0080            Earryh		= Earryl+1	; array mem end high byte	(End-of-Arrays)
      = 0081            Sstorl		= $81		; string storage low byte	(String storage (moving down))
      = 0082            Sstorh		= Sstorl+1	; string storage high byte	(String storage (moving down))
      = 0083            Sutill		= $83		; string utility ptr low byte
      = 0084            Sutilh		= Sutill+1	; string utility ptr high byte
      = 0085            Ememl			= $85		; end of mem low byte		(Limit-of-memory)
      = 0086            Ememh			= Ememl+1	; end of mem high byte		(Limit-of-memory)
      = 0087            Clinel		= $87		; current line low byte		(Basic line number)
      = 0088            Clineh		= Clinel+1	; current line high byte	(Basic line number)
      = 0089            Blinel		= $89		; break line low byte		(Previous Basic line number)
      = 008A            Blineh		= Blinel+1	; break line high byte		(Previous Basic line number)

      = 008B            Cpntrl		= $8B		; continue pointer low byte
      = 008C            Cpntrh		= Cpntrl+1	; continue pointer high byte

      = 008D            Dlinel		= $8D		; current DATA line low byte
      = 008E            Dlineh		= Dlinel+1	; current DATA line high byte

      = 008F            Dptrl			= $8F		; DATA pointer low byte
      = 0090            Dptrh			= Dptrl+1	; DATA pointer high byte

      = 0091            Rdptrl		= $91		; read pointer low byte
      = 0092            Rdptrh		= Rdptrl+1	; read pointer high byte

      = 0093            Varnm1		= $93		; current var name 1st byte
      = 0094            Varnm2		= Varnm1+1	; current var name 2nd byte

      = 0095            Cvaral		= $95		; current var address low byte
      = 0096            Cvarah		= Cvaral+1	; current var address high byte

      = 0097            Frnxtl		= $97		; var pointer for FOR/NEXT low byte
      = 0098            Frnxth		= Frnxtl+1	; var pointer for FOR/NEXT high byte

      = 0097            Tidx1			= Frnxtl	; temp line index

      = 0097            Lvarpl		= Frnxtl	; let var pointer low byte
      = 0098            Lvarph		= Frnxth	; let var pointer high byte

      = 0099            prstk			= $99		; precedence stacked flag

      = 009B            comp_f		= $9B		; compare function flag, bits 0,1 and 2 used
                        					; bit 2 set if >
                        					; bit 1 set if =
                        					; bit 0 set if <

      = 009C            func_l		= $9C		; function pointer low byte
      = 009D            func_h		= func_l+1	; function pointer high byte

      = 009C            garb_l		= func_l	; garbage collection working pointer low byte
      = 009D            garb_h		= func_h	; garbage collection working pointer high byte

      = 009E            des_2l		= $9E		; string descriptor_2 pointer low byte
      = 009F            des_2h		= des_2l+1	; string descriptor_2 pointer high byte

      = 00A0            g_step		= $A0		; garbage collect step size

      = 00A1            Fnxjmp		= $A1		; jump vector for functions
      = 00A2            Fnxjpl		= Fnxjmp+1	; functions jump vector low byte
      = 00A3            Fnxjph		= Fnxjmp+2	; functions jump vector high byte

      = 00A2            g_indx		= Fnxjpl	; garbage collect temp index

      = 00A3            FAC2_r		= $A3		; FAC2 rounding byte

      = 00A4            Adatal		= $A4		; array data pointer low byte
      = 00A5            Adatah		= Adatal+1	; array data pointer high  byte

      = 00A4            Nbendl		= Adatal	; new block end pointer low byte
      = 00A5            Nbendh		= Adatah	; new block end pointer high  byte

      = 00A6            Obendl		= $A6		; old block end pointer low byte
      = 00A7            Obendh		= Obendl+1	; old block end pointer high  byte

      = 00A8            numexp		= $A8		; string to float number exponent count
      = 00A9            expcnt		= $A9		; string to float exponent count

      = 00A8            numbit		= numexp	; bit count for array element calculations

      = 00AA            numdpf		= $AA		; string to float decimal point flag
      = 00AB            expneg		= $AB		; string to float eval exponent -ve flag

      = 00AA            Astrtl		= numdpf	; array start pointer low byte
      = 00AB            Astrth		= expneg	; array start pointer high  byte

      = 00AA            Histrl		= numdpf	; highest string low byte
      = 00AB            Histrh		= expneg	; highest string high  byte

      = 00AA            Baslnl		= numdpf	; BASIC search line pointer low byte
      = 00AB            Baslnh		= expneg	; BASIC search line pointer high  byte

      = 00AA            Fvar_l		= numdpf	; find/found variable pointer low byte
      = 00AB            Fvar_h		= expneg	; find/found variable pointer high  byte

      = 00AA            Ostrtl		= numdpf	; old block start pointer low byte
      = 00AB            Ostrth		= expneg	; old block start pointer high  byte

      = 00AA            Vrschl		= numdpf	; variable search pointer low byte
      = 00AB            Vrschh		= expneg	; variable search pointer high  byte

      = 00AC            FAC1_e		= $AC		; FAC1 exponent
      = 00AD            FAC1_1		= FAC1_e+1	; FAC1 mantissa1
      = 00AE            FAC1_2		= FAC1_e+2	; FAC1 mantissa2
      = 00AF            FAC1_3		= FAC1_e+3	; FAC1 mantissa3
      = 00B0            FAC1_s		= FAC1_e+4	; FAC1 sign (b7)

      = 00AC            str_ln		= FAC1_e	; string length
      = 00AD            str_pl		= FAC1_1	; string pointer low byte
      = 00AE            str_ph		= FAC1_2	; string pointer high byte

      = 00AE            des_pl		= FAC1_2	; string descriptor pointer low byte
      = 00AF            des_ph		= FAC1_3	; string descriptor pointer high byte

      = 00AF            mids_l		= FAC1_3	; MID$ string temp length byte

      = 00B1            negnum		= $B1		; string to float eval -ve flag
      = 00B1            numcon		= $B1		; series evaluation constant count

      = 00B2            FAC1_o		= $B2		; FAC1 overflow byte

      = 00B3            FAC2_e		= $B3		; FAC2 exponent
      = 00B4            FAC2_1		= FAC2_e+1	; FAC2 mantissa1
      = 00B5            FAC2_2		= FAC2_e+2	; FAC2 mantissa2
      = 00B6            FAC2_3		= FAC2_e+3	; FAC2 mantissa3
      = 00B7            FAC2_s		= FAC2_e+4	; FAC2 sign (b7)

      = 00B8            FAC_sc		= $B8		; FAC sign comparison, Acc#1 vs #2
      = 00B9            FAC1_r		= $B9		; FAC1 rounding byte

      = 00B8            ssptr_l		= FAC_sc	; string start pointer low byte
      = 00B9            ssptr_h		= FAC1_r	; string start pointer high byte

      = 00B8            sdescr		= FAC_sc	; string descriptor pointer

      = 00BA            csidx			= $BA		; line crunch save index
      = 00BA            Asptl			= csidx	; array size/pointer low byte
      = 00BB            Aspth			= $BB		; array size/pointer high byte

      = 00BA            Btmpl			= Asptl	; BASIC pointer temp low byte
      = 00BB            Btmph			= Aspth	; BASIC pointer temp low byte

      = 00BA            Cptrl			= Asptl	; BASIC pointer temp low byte
      = 00BB            Cptrh			= Aspth	; BASIC pointer temp low byte

      = 00BA            Sendl			= Asptl	; BASIC pointer temp low byte
      = 00BB            Sendh			= Aspth	; BASIC pointer temp low byte

      = 00BC            LAB_IGBY		= $BC		; get next BASIC byte subroutine

      = 00C2            LAB_GBYT		= $C2		; get current BASIC byte subroutine
      = 00C3            Bpntrl		= $C3		; BASIC execute (get byte) pointer low byte
      = 00C4            Bpntrh		= Bpntrl+1	; BASIC execute (get byte) pointer high byte

                        ;			= $D7		; end of get BASIC char subroutine

      = 00D8            Rbyte4		= $D8		; extra PRNG byte
      = 00D9            Rbyte1		= Rbyte4+1	; most significant PRNG byte
      = 00DA            Rbyte2		= Rbyte4+2	; middle PRNG byte
      = 00DB            Rbyte3		= Rbyte4+3	; least significant PRNG byte

      = 00DC            NmiBase		= $DC		; NMI handler enabled/setup/triggered flags
                        					; bit	function
                        					; ===	========
                        					; 7	interrupt enabled
                        					; 6	interrupt setup
                        					; 5	interrupt happened
                        ;			= $DD		; NMI handler addr low byte
                        ;			= $DE		; NMI handler addr high byte
      = 00DF            IrqBase		= $DF		; IRQ handler enabled/setup/triggered flags
                        ;			= $E0		; IRQ handler addr low byte
                        ;			= $E1		; IRQ handler addr high byte

                        ;			= $DE		; unused
                        ;			= $DF		; unused
                        ;			= $E0		; unused
                        ;			= $E1		; unused
                        ;			= $E2		; unused
                        ;			= $E3		; unused
                        ;			= $E4		; unused
                        ;			= $E5		; unused
                        ;			= $E6		; unused
                        ;			= $E7		; unused
                        ;			= $E8		; unused
                        ;			= $E9		; unused
                        ;			= $EA		; unused
                        ;			= $EB		; unused
                        ;			= $EC		; unused
                        ;			= $ED		; unused
                        ;			= $EE		; unused

      = 00EF            Decss			= $EF		; number to decimal string start
      = 00F0            Decssp1		= Decss+1	; number to decimal string start

                        ;			= $FF		; decimal string end

                        ; token values needed for BASIC

                        ; primary command tokens (can start a statement)

      = 0080            TK_END		= $80			; END token
      = 0081            TK_FOR		= TK_END+1		; FOR token
      = 0082            TK_NEXT		= TK_FOR+1		; NEXT token
      = 0083            TK_DATA		= TK_NEXT+1		; DATA token
      = 0084            TK_INPUT		= TK_DATA+1		; INPUT token
      = 0085            TK_DIM		= TK_INPUT+1	; DIM token
      = 0086            TK_READ		= TK_DIM+1		; READ token
      = 0087            TK_LET		= TK_READ+1		; LET token
      = 0088            TK_DEC		= TK_LET+1		; DEC token
      = 0089            TK_GOTO		= TK_DEC+1		; GOTO token
      = 008A            TK_RUN		= TK_GOTO+1		; RUN token
      = 008B            TK_IF			= TK_RUN+1		; IF token
      = 008C            TK_RESTORE		= TK_IF+1		; RESTORE token
      = 008D            TK_GOSUB		= TK_RESTORE+1	; GOSUB token
      = 008E            TK_RETIRQ		= TK_GOSUB+1	; RETIRQ token
      = 008F            TK_RETNMI		= TK_RETIRQ+1	; RETNMI token
      = 0090            TK_RETURN		= TK_RETNMI+1	; RETURN token
      = 0091            TK_REM		= TK_RETURN+1	; REM token
      = 0092            TK_STOP		= TK_REM+1		; STOP token
      = 0093            TK_ON			= TK_STOP+1		; ON token
      = 0094            TK_NULL		= TK_ON+1		; NULL token
      = 0095            TK_INC		= TK_NULL+1		; INC token
      = 0096            TK_WAIT		= TK_INC+1		; WAIT token
      = 0097            TK_LOAD		= TK_WAIT+1		; LOAD token
      = 0098            TK_SAVE		= TK_LOAD+1		; SAVE token
      = 0099            TK_DEF		= TK_SAVE+1		; DEF token
      = 009A            TK_POKE		= TK_DEF+1		; POKE token
      = 009B            TK_DOKE		= TK_POKE+1		; DOKE token
      = 009C            TK_CALL		= TK_DOKE+1		; CALL token
      = 009D            TK_DO			= TK_CALL+1		; DO token
      = 009E            TK_LOOP		= TK_DO+1		; LOOP token
      = 009F            TK_PRINT		= TK_LOOP+1		; PRINT token
      = 00A0            TK_CONT		= TK_PRINT+1	; CONT token
      = 00A1            TK_LIST		= TK_CONT+1		; LIST token
      = 00A2            TK_CLEAR		= TK_LIST+1		; CLEAR token
      = 00A3            TK_NEW		= TK_CLEAR+1	; NEW token
      = 00A4            TK_WIDTH		= TK_NEW+1		; WIDTH token
      = 00A5            TK_GET		= TK_WIDTH+1	; GET token
      = 00A6            TK_SWAP		= TK_GET+1		; SWAP token
      = 00A7            TK_BITSET		= TK_SWAP+1		; BITSET token
      = 00A8            TK_BITCLR		= TK_BITSET+1	; BITCLR token
      = 00A9            TK_IRQ		= TK_BITCLR+1	; IRQ token
      = 00AA            TK_NMI		= TK_IRQ+1		; NMI token
      = 00AB            TK_SYS          = TK_NMI+1

                        ; secondary command tokens, can't start a statement

                        ;;TK_TAB		= TK_NMI+1		; TAB token
      = 00AC            TK_TAB		= TK_SYS+1		; TAB token
      = 00AD            TK_ELSE		= TK_TAB+1		; ELSE token
      = 00AE            TK_TO			= TK_ELSE+1		; TO token
      = 00AF            TK_FN			= TK_TO+1		; FN token
      = 00B0            TK_SPC		= TK_FN+1		; SPC token
      = 00B1            TK_THEN		= TK_SPC+1		; THEN token
      = 00B2            TK_NOT		= TK_THEN+1		; NOT token
      = 00B3            TK_STEP		= TK_NOT+1		; STEP token
      = 00B4            TK_UNTIL		= TK_STEP+1		; UNTIL token
      = 00B5            TK_WHILE		= TK_UNTIL+1	; WHILE token
      = 00B6            TK_OFF		= TK_WHILE+1	; OFF token

                        ; opperator tokens

      = 00B7            TK_PLUS		= TK_OFF+1		; + token
      = 00B8            TK_MINUS		= TK_PLUS+1		; - token
      = 00B9            TK_MUL		= TK_MINUS+1	; * token
      = 00BA            TK_DIV		= TK_MUL+1		; / token
      = 00BB            TK_POWER		= TK_DIV+1		; ^ token
      = 00BC            TK_AND		= TK_POWER+1	; AND token
      = 00BD            TK_EOR		= TK_AND+1		; EOR token
      = 00BE            TK_OR			= TK_EOR+1		; OR token
      = 00BF            TK_RSHIFT		= TK_OR+1		; RSHIFT token
      = 00C0            TK_LSHIFT		= TK_RSHIFT+1	; LSHIFT token
      = 00C1            TK_GT			= TK_LSHIFT+1	; > token
      = 00C2            TK_EQUAL		= TK_GT+1		; = token
      = 00C3            TK_LT			= TK_EQUAL+1	; < token

                        ; functions tokens

      = 00C4            TK_SGN		= TK_LT+1		; SGN token
      = 00C5            TK_INT		= TK_SGN+1		; INT token
      = 00C6            TK_ABS		= TK_INT+1		; ABS token
      = 00C7            TK_USR		= TK_ABS+1		; USR token
      = 00C8            TK_FRE		= TK_USR+1		; FRE token
      = 00C9            TK_POS		= TK_FRE+1		; POS token
      = 00CA            TK_SQR		= TK_POS+1		; SQR token
      = 00CB            TK_RND		= TK_SQR+1		; RND token
      = 00CC            TK_LOG		= TK_RND+1		; LOG token
      = 00CD            TK_EXP		= TK_LOG+1		; EXP token
      = 00CE            TK_COS		= TK_EXP+1		; COS token
      = 00CF            TK_SIN		= TK_COS+1		; SIN token
      = 00D0            TK_TAN		= TK_SIN+1		; TAN token
      = 00D1            TK_ATN		= TK_TAN+1		; ATN token
      = 00D2            TK_PEEK		= TK_ATN+1		; PEEK token
      = 00D3            TK_DEEK		= TK_PEEK+1		; DEEK token
      = 00D4            TK_SADD		= TK_DEEK+1		; SADD token
      = 00D5            TK_LEN		= TK_SADD+1		; LEN token
      = 00D6            TK_STRS		= TK_LEN+1		; STR$ token
      = 00D7            TK_VAL		= TK_STRS+1		; VAL token
      = 00D8            TK_ASC		= TK_VAL+1		; ASC token
      = 00D9            TK_UCASES		= TK_ASC+1		; UCASE$ token
      = 00DA            TK_LCASES		= TK_UCASES+1	; LCASE$ token
      = 00DB            TK_CHRS		= TK_LCASES+1	; CHR$ token
      = 00DC            TK_HEXS		= TK_CHRS+1		; HEX$ token
      = 00DD            TK_BINS		= TK_HEXS+1		; BIN$ token
      = 00DE            TK_BITTST		= TK_BINS+1		; BITTST token
      = 00DF            TK_MAX		= TK_BITTST+1	; MAX token
      = 00E0            TK_MIN		= TK_MAX+1		; MIN token
      = 00E1            TK_PI			= TK_MIN+1		; PI token
      = 00E2            TK_TWOPI		= TK_PI+1		; TWOPI token
      = 00E3            TK_VPTR		= TK_TWOPI+1	; VARPTR token
      = 00E4            TK_LEFTS		= TK_VPTR+1		; LEFT$ token
      = 00E5            TK_RIGHTS		= TK_LEFTS+1	; RIGHT$ token
      = 00E6            TK_MIDS		= TK_RIGHTS+1	; MID$ token

                        ; offsets from a base of X or Y

      = 0000            PLUS_0		= $00		; X or Y plus 0
      = 0001            PLUS_1		= $01		; X or Y plus 1
      = 0002            PLUS_2		= $02		; X or Y plus 2
      = 0003            PLUS_3		= $03		; X or Y plus 3

                        ; -----------------------------------------------
                        ; Stack page, Page 1
                        ; -----------------------------------------------

      = 0100            LAB_STAK		= $0100	; stack bottom, no offset

      = 01FE            LAB_SKFE		= LAB_STAK+$FE
                        					; flushed stack address
      = 01FF            LAB_SKFF		= LAB_STAK+$FF
                        					; flushed stack address
                        ; -----------------------------------------------
                        ; Page 2
                        ; -----------------------------------------------

      = 0200            ccflag		= $0200	; BASIC CTRL-C flag, 00 = enabled, 01 = dis
      = 0201            ccbyte		= ccflag+1	; BASIC CTRL-C byte
      = 0202            ccnull		= ccbyte+1	; BASIC CTRL-C byte timeout

      = 0203            VEC_CC		= ccnull+1	; ctrl c check vector

      = 0205            VEC_IN		= VEC_CC+2	; input vector
      = 0207            VEC_OUT		= VEC_IN+2	; output vector
      = 0209            VEC_LD		= VEC_OUT+2	; load vector
      = 020B            VEC_SV		= VEC_LD+2	; save vector

                        ; Ibuffs cannot be anywhere in RAM
                        ; It has to be in the same Page as ccflag
                        ; ensure that the max length is < $80
      = 020D            IRQ_vec	= VEC_SV+2		; IRQ code vector
      = 0221            Ibuffs		= IRQ_vec+$14
                        					; start of input buffer after IRQ/NMI code
      = 0268            Ibuffe		= Ibuffs+$47; end of input buffer

                        ; -----------------------------------------------
                        ; Main RAM
                        ; -----------------------------------------------
                        ; Set hardware configuration here
      = 0400            Ram_base	= $0400	; start of user RAM (set as needed, should be page aligned)

                        ; $8000 = 32KB of RAM in system
                        ; $c000 = if you have 48KB of RAM
                        ;Ram_top		= $5000	; end of user RAM+1 (set as needed, should be page aligned)
      = 8000            Ram_top		= $8000	; end of user RAM+1 (set as needed, should be page aligned)

                        ; -----------------------------------------------
                        ; Program space
                        ; -----------------------------------------------
                        ; Note that Program space has to be in higher memory than RAM
                        ; This is for execution in ROM
C100                            .org    $c100   ; Start after RC2014 IO space
                        ; This is for execution in RAM
                        ;        .org    $5000   ;

C100                    basic_start_address

                        ; BASIC cold start entry point
C100  4C 06C1                   jmp     LAB_COLD
C103  4C 60C2                   jmp     LAB_1274                ; Warm start
                        ; new page 2 initialisation, copy block to ccflag on

C106                    LAB_COLD
C106  A0 04             	LDY	#PG2_TABE-PG2_TABS-1
                        					; byte count-1
C108                    LAB_2D13
C108  B9 F9E1           	LDA	PG2_TABS,Y		; get byte
C10B  99 0002           	STA	ccflag,Y		; store in page 2
C10E  88                	DEY				; decrement count
C10F  10 F7             	BPL	LAB_2D13		; loop if not done

C111  A2 FF             	LDX	#$FF			; set byte
C113  86 88             	STX	Clineh		; set current line high byte (set immediate mode)
C115  9A                	TXS				; reset stack pointer

C116  A9 4C             	LDA	#$4C			; code for JMP
C118  85 A1             	STA	Fnxjmp		; save for jump vector for functions

                        ; copy block from LAB_2CEE to $00BC - $00D3

C11A  A2 1C             	LDX	#StrTab-LAB_2CEE	; set byte count
C11C                    LAB_2D4E
C11C  BD FDE1           	LDA	LAB_2CEE-1,X	; get byte from table
C11F  95 BB             	STA	LAB_IGBY-1,X	; save byte in page zero
C121  CA                	DEX				; decrement count
C122  D0 F8             	BNE	LAB_2D4E		; loop if not all done

                        ; copy block from StrTab to $0000 - $0012

C124                    LAB_GMEM
C124  A2 12             	LDX	#EndTab-StrTab-1	; set byte count-1
C126                    TabLoop
C126  BD 1AE2           	LDA	StrTab,X		; get byte from table
C129  95 00             	STA	PLUS_0,X		; save byte in page zero
C12B  CA                	DEX				; decrement count
C12C  10 F8             	BPL	TabLoop		; loop if not all done

                        ; set-up start values

C12E  A9 00             	LDA	#$00			; clear A
C130  85 DC             	STA	NmiBase		; clear NMI handler enabled flag
C132  85 DF             	STA	IrqBase		; clear IRQ handler enabled flag
C134  85 B2             	STA	FAC1_o		; clear FAC1 overflow byte
C136  85 67             	STA	last_sh		; clear descriptor stack top item pointer high byte

C138  A9 0E             	LDA	#$0E			; set default tab size
C13A  85 64             	STA	TabSiz		; save it
C13C  A9 03             	LDA	#$03			; set garbage collect step size for descriptor stack
C13E  85 A0             	STA	g_step		; save it
C140  A2 68             	LDX	#des_sk		; descriptor stack start
C142  86 65             	STX	next_s		; set descriptor stack pointer
C144  20 A3C9           	JSR	LAB_CRLF		; print CR/LF
C147  A9 2D             	LDA	#<LAB_MSZM		; point to memory size message (low addr)
C149  A0 E2             	LDY	#>LAB_MSZM		; point to memory size message (high addr)
C14B  20 E4C9           	JSR	LAB_18C3		; print null terminated string from memory
C14E  20 46C3           	JSR	LAB_INLN		; print "? " and get BASIC input
C151  86 C3             	STX	Bpntrl		; set BASIC execute pointer low byte
C153  84 C4             	STY	Bpntrh		; set BASIC execute pointer high byte
C155  20 C200           	JSR	LAB_GBYT		; get last byte back

C158  D0 1F             	BNE	LAB_2DAA		; branch if not null (user typed something)

C15A  A0 00             	LDY	#$00			; else clear Y
                        					; character was null so get memory size the hard way
                        					; we get here with Y=0 and Itempl/h = Ram_base
C15C                    LAB_2D93
C15C  E6 11             	INC	Itempl		; increment temporary integer low byte
C15E  D0 08             	BNE	LAB_2D99		; branch if no overflow

C160  E6 12             	INC	Itemph		; increment temporary integer high byte
C162  A5 12             	LDA	Itemph		; get high byte
C164  C9 80             	CMP	#>Ram_top		; compare with top of RAM+1
C166  F0 1D             	BEQ	LAB_2DB6		; branch if match (end of user RAM)

C168                    LAB_2D99
C168  A9 55             	LDA	#$55			; set test byte
C16A  91 11             	STA	(Itempl),Y		; save via temporary integer
C16C  D1 11             	CMP	(Itempl),Y		; compare via temporary integer
C16E  D0 15             	BNE	LAB_2DB6		; branch if fail

C170  0A                	ASL				; shift test byte left (now $AA)
C171  91 11             	STA	(Itempl),Y		; save via temporary integer
C173  D1 11             	CMP	(Itempl),Y		; compare via temporary integer
C175  F0 E5             	BEQ	LAB_2D93		; if ok go do next byte

C177  D0 0C             	BNE	LAB_2DB6		; branch if fail

C179                    LAB_2DAA
C179  20 B7DA           	JSR	LAB_2887		; get FAC1 from string
C17C  A5 AC             	LDA	FAC1_e		; get FAC1 exponent
C17E  C9 98             	CMP	#$98			; compare with exponent = 2^24
C180  B0 A2             	BCS	LAB_GMEM		; if too large go try again

C182  20 08D6           	JSR	LAB_F2FU		; save integer part of FAC1 in temporary integer
                        					; (no range check)

C185                    LAB_2DB6
C185  A5 11             	LDA	Itempl		; get temporary integer low byte
C187  A4 12             	LDY	Itemph		; get temporary integer high byte
C189  C0 01             	CPY	#<Ram_base+1	; compare with start of RAM+$100 high byte
C18B  90 97             	BCC	LAB_GMEM		; if too small go try again


                        ; uncomment these lines if you want to check on the high limit of memory. Note if
                        ; Ram_top is set too low then this will fail. default is ignore it and assume the
                        ; users know what they're doing!

                        ;	CPY	#>Ram_top		; compare with top of RAM high byte
                        ;	BCC	MEM_OK		; branch if < RAM top

                        ;	BNE	LAB_GMEM		; if too large go try again
                        					; else was = so compare low bytes
                        ;	CMP	#<Ram_top		; compare with top of RAM low byte
                        ;	BEQ	MEM_OK		; branch if = RAM top

                        ;	BCS	LAB_GMEM		; if too large go try again

                        ;MEM_OK
C18D  85 85             	STA	Ememl			; set end of mem low byte
C18F  84 86             	STY	Ememh			; set end of mem high byte
C191  85 81             	STA	Sstorl		; set bottom of string space low byte
C193  84 82             	STY	Sstorh		; set bottom of string space high byte

C195  A0 00             	LDY	#<Ram_base		; set start addr low byte
C197  A2 04             	LDX	#>Ram_base		; set start addr high byte
C199  84 79             	STY	Smeml			; save start of mem low byte
C19B  86 7A             	STX	Smemh			; save start of mem high byte

                        ; this line is only needed if Ram_base is not $xx00

                        ;	LDY	#$00			; clear Y
C19D  98                	TYA				; clear A
C19E  91 79             	STA	(Smeml),Y		; clear first byte
C1A0  E6 79             	INC	Smeml			; increment start of mem low byte

                        ; these two lines are only needed if Ram_base is $xxFF

                        ;	BNE	LAB_2E05		; branch if no rollover

                        ;	INC	Smemh			; increment start of mem high byte
C1A2                    LAB_2E05
C1A2  20 A3C9           	JSR	LAB_CRLF		; print CR/LF
C1A5  20 5EC4           	JSR	LAB_1463		; do "NEW" and "CLEAR"
C1A8  A5 85             	LDA	Ememl			; get end of mem low byte
C1AA  38                	SEC				; set carry for subtract
C1AB  E5 79             	SBC	Smeml			; subtract start of mem low byte
C1AD  AA                	TAX				; copy to X
C1AE  A5 86             	LDA	Ememh			; get end of mem high byte
C1B0  E5 7A             	SBC	Smemh			; subtract start of mem high byte
C1B2  20 93DB           	JSR	LAB_295E		; print XA as unsigned integer (bytes free)
C1B5  A9 3C             	LDA	#<LAB_SMSG		; point to sign-on message (low addr)
C1B7  A0 E2             	LDY	#>LAB_SMSG		; point to sign-on message (high addr)
C1B9  20 E4C9           	JSR	LAB_18C3		; print null terminated string from memory
C1BC  A9 60             	LDA	#<LAB_1274		; warm start vector low byte
C1BE  A0 C2             	LDY	#>LAB_1274		; warm start vector high byte
C1C0  85 01             	STA	Wrmjpl		; save warm start vector low byte
C1C2  84 02             	STY	Wrmjph		; save warm start vector high byte
C1C4  6C 0100           	JMP	(Wrmjpl)		; go do warm start

                        ; open up space in memory
                        ; move (Ostrtl)-(Obendl) to new block ending at (Nbendl)

                        ; Nbendl,Nbendh - new block end address (A/Y)
                        ; Obendl,Obendh - old block end address
                        ; Ostrtl,Ostrth - old block start address

                        ; returns with ..

                        ; Nbendl,Nbendh - new block start address (high byte - $100)
                        ; Obendl,Obendh - old block start address (high byte - $100)
                        ; Ostrtl,Ostrth - old block start address (unchanged)

C1C7                    LAB_11CF
C1C7  20 11C2           	JSR	LAB_121F		; check available memory, "Out of memory" error if no room
                        					; addr to check is in AY (low/high)
C1CA  85 7F             	STA	Earryl		; save new array mem end low byte
C1CC  84 80             	STY	Earryh		; save new array mem end high byte

                        ; open up space in memory
                        ; move (Ostrtl)-(Obendl) to new block ending at (Nbendl)
                        ; don't set array end

C1CE                    LAB_11D6
C1CE  38                	SEC				; set carry for subtract
C1CF  A5 A6             	LDA	Obendl		; get block end low byte
C1D1  E5 AA             	SBC	Ostrtl		; subtract block start low byte
C1D3  A8                	TAY				; copy MOD(block length/$100) byte to Y
C1D4  A5 A7             	LDA	Obendh		; get block end high byte
C1D6  E5 AB             	SBC	Ostrth		; subtract block start high byte
C1D8  AA                	TAX				; copy block length high byte to X
C1D9  E8                	INX				; +1 to allow for count=0 exit
C1DA  98                	TYA				; copy block length low byte to A
C1DB  F0 24             	BEQ	LAB_120A		; branch if length low byte=0

                        					; block is (X-1)*256+Y bytes, do the Y bytes first

C1DD  38                	SEC				; set carry for add + 1, two's complement
C1DE  49 FF             	EOR	#$FF			; invert low byte for subtract
C1E0  65 A6             	ADC	Obendl		; add block end low byte

C1E2  85 A6             	STA	Obendl		; save corrected old block end low byte
C1E4  B0 03             	BCS	LAB_11F3		; branch if no underflow

C1E6  C6 A7             	DEC	Obendh		; else decrement block end high byte
C1E8  38                	SEC				; set carry for add + 1, two's complement
C1E9                    LAB_11F3
C1E9  98                	TYA				; get MOD(block length/$100) byte
C1EA  49 FF             	EOR	#$FF			; invert low byte for subtract
C1EC  65 A4             	ADC	Nbendl		; add destination end low byte
C1EE  85 A4             	STA	Nbendl		; save modified new block end low byte
C1F0  B0 08             	BCS	LAB_1203		; branch if no underflow

C1F2  C6 A5             	DEC	Nbendh		; else decrement block end high byte
C1F4  90 04             	BCC	LAB_1203		; branch always

C1F6                    LAB_11FF
C1F6  B1 A6             	LDA	(Obendl),Y		; get byte from source
C1F8  91 A4             	STA	(Nbendl),Y		; copy byte to destination
C1FA                    LAB_1203
C1FA  88                	DEY				; decrement index
C1FB  D0 F9             	BNE	LAB_11FF		; loop until Y=0

                        					; now do Y=0 indexed byte
C1FD  B1 A6             	LDA	(Obendl),Y		; get byte from source
C1FF  91 A4             	STA	(Nbendl),Y		; save byte to destination
C201                    LAB_120A
C201  C6 A7             	DEC	Obendh		; decrement source pointer high byte
C203  C6 A5             	DEC	Nbendh		; decrement destination pointer high byte
C205  CA                	DEX				; decrement block count
C206  D0 F2             	BNE	LAB_1203		; loop until count = $0

C208  60                	RTS

                        ; check room on stack for A bytes
                        ; stack too deep? do OM error

C209                    LAB_1212
C209  85 78             	STA	TempB			; save result in temp byte
C20B  BA                	TSX				; copy stack
C20C  E4 78             	CPX	TempB			; compare new "limit" with stack
C20E  90 30             	BCC	LAB_OMER		; if stack < limit do "Out of memory" error then warm start

C210  60                	RTS

                        ; check available memory, "Out of memory" error if no room
                        ; addr to check is in AY (low/high)

C211                    LAB_121F
C211  C4 82             	CPY	Sstorh		; compare bottom of string mem high byte
C213  90 2A             	BCC	LAB_124B		; if less then exit (is ok)

C215  D0 04             	BNE	LAB_1229		; skip next test if greater (tested <)

                        					; high byte was =, now do low byte
C217  C5 81             	CMP	Sstorl		; compare with bottom of string mem low byte
C219  90 24             	BCC	LAB_124B		; if less then exit (is ok)

                        					; addr is > string storage ptr (oops!)
C21B                    LAB_1229
C21B  48                	PHA				; push addr low byte
C21C  A2 08             	LDX	#$08			; set index to save Adatal to expneg inclusive
C21E  98                	TYA				; copy addr high byte (to push on stack)

                        					; save misc numeric work area
C21F                    LAB_122D
C21F  48                	PHA				; push byte
C220  B5 A3             	LDA	Adatal-1,X		; get byte from Adatal to expneg ( ,$00 not pushed)
C222  CA                	DEX				; decrement index
C223  10 FA             	BPL	LAB_122D		; loop until all done

C225  20 F0D2           	JSR	LAB_GARB		; garbage collection routine

                        					; restore misc numeric work area
C228  A2 00             	LDX	#$00			; clear the index to restore bytes
C22A                    LAB_1238
C22A  68                	PLA				; pop byte
C22B  95 A4             	STA	Adatal,X		; save byte to Adatal to expneg
C22D  E8                	INX				; increment index
C22E  E0 08             	CPX	#$08			; compare with end + 1
C230  30 F8             	BMI	LAB_1238		; loop if more to do

C232  68                	PLA				; pop addr high byte
C233  A8                	TAY				; copy back to Y
C234  68                	PLA				; pop addr low byte
C235  C4 82             	CPY	Sstorh		; compare bottom of string mem high byte
C237  90 06             	BCC	LAB_124B		; if less then exit (is ok)

C239  D0 05             	BNE	LAB_OMER		; if greater do "Out of memory" error then warm start

                        					; high byte was =, now do low byte
C23B  C5 81             	CMP	Sstorl		; compare with bottom of string mem low byte
C23D  B0 01             	BCS	LAB_OMER		; if >= do "Out of memory" error then warm start

                        					; ok exit, carry clear
C23F                    LAB_124B
C23F  60                	RTS

                        ; do "Out of memory" error then warm start

C240                    LAB_OMER
C240  A2 0C             	LDX	#$0C			; error code $0C ("Out of memory" error)

                        ; do error #X, then warm start

C242                    LAB_XERR
C242  20 A3C9           	JSR	LAB_CRLF		; print CR/LF

C245  BD B5E7           	LDA	LAB_BAER,X		; get error message pointer low byte
C248  BC B6E7           	LDY	LAB_BAER+1,X	; get error message pointer high byte
C24B  20 E4C9           	JSR	LAB_18C3		; print null terminated string from memory

C24E  20 97C4           	JSR	LAB_1491		; flush stack and clear continue flag
C251  A9 F2             	LDA	#<LAB_EMSG		; point to " Error" low addr
C253  A0 E8             	LDY	#>LAB_EMSG		; point to " Error" high addr
C255                    LAB_1269
C255  20 E4C9           	JSR	LAB_18C3		; print null terminated string from memory
C258  A4 88             	LDY	Clineh		; get current line high byte
C25A  C8                	INY				; increment it
C25B  F0 03             	BEQ	LAB_1274		; go do warm start (was immediate mode)

                        					; else print line number
C25D  20 88DB           	JSR	LAB_2953		; print " in line [LINE #]"

                        ; BASIC warm start entry point
                        ; wait for Basic command

C260                    LAB_1274
                        					; clear ON IRQ/NMI bytes
C260  A9 00             	LDA	#$00			; clear A
C262  85 DF             	STA	IrqBase		; clear enabled byte
C264  85 DC             	STA	NmiBase		; clear enabled byte
C266  A9 03             	LDA	#<LAB_RMSG		; point to "Ready" message low byte
C268  A0 E9             	LDY	#>LAB_RMSG		; point to "Ready" message high byte

C26A  20 E4C9           	JSR	LAB_18C3		; go do print string

                        ; wait for Basic command (no "Ready")

C26D                    LAB_127D
C26D  20 53C3           	JSR	LAB_1357		; call for BASIC input
C270                    LAB_1280
C270  86 C3             	STX	Bpntrl		; set BASIC execute pointer low byte
C272  84 C4             	STY	Bpntrh		; set BASIC execute pointer high byte
C274  20 C200           	JSR	LAB_GBYT		; scan memory
C277  F0 F4             	BEQ	LAB_127D		; loop while null

                        ; got to interpret input line now ..

C279  A2 FF             	LDX	#$FF			; current line to null value
C27B  86 88             	STX	Clineh		; set current line high byte
C27D  90 06             	BCC	LAB_1295		; branch if numeric character (handle new BASIC line)

                        					; no line number .. immediate mode
C27F  20 86C3           	JSR	LAB_13A6		; crunch keywords into Basic tokens
C282  4C 04C6           	JMP	LAB_15F6		; go scan and interpret code

                        ; handle new BASIC line

C285                    LAB_1295
C285  20 66C8           	JSR	LAB_GFPN		; get fixed-point number into temp integer
C288  20 86C3           	JSR	LAB_13A6		; crunch keywords into Basic tokens
C28B  84 5D             	STY	Ibptr			; save index pointer to end of crunched line
C28D  20 32C4           	JSR	LAB_SSLN		; search BASIC for temp integer line number
C290  90 44             	BCC	LAB_12E6		; branch if not found

                        					; aroooogah! line # already exists! delete it
C292  A0 01             	LDY	#$01			; set index to next line pointer high byte
C294  B1 AA             	LDA	(Baslnl),Y		; get next line pointer high byte
C296  85 72             	STA	ut1_ph		; save it
C298  A5 7B             	LDA	Svarl			; get start of vars low byte
C29A  85 71             	STA	ut1_pl		; save it
C29C  A5 AB             	LDA	Baslnh		; get found line pointer high byte
C29E  85 74             	STA	ut2_ph		; save it
C2A0  A5 AA             	LDA	Baslnl		; get found line pointer low byte
C2A2  88                	DEY				; decrement index
C2A3  F1 AA             	SBC	(Baslnl),Y		; subtract next line pointer low byte
C2A5  18                	CLC				; clear carry for add
C2A6  65 7B             	ADC	Svarl			; add start of vars low byte
C2A8  85 7B             	STA	Svarl			; save new start of vars low byte
C2AA  85 73             	STA	ut2_pl		; save destination pointer low byte
C2AC  A5 7C             	LDA	Svarh			; get start of vars high byte
C2AE  69 FF             	ADC	#$FF			; -1 + carry
C2B0  85 7C             	STA	Svarh			; save start of vars high byte
C2B2  E5 AB             	SBC	Baslnh		; subtract found line pointer high byte
C2B4  AA                	TAX				; copy to block count
C2B5  38                	SEC				; set carry for subtract
C2B6  A5 AA             	LDA	Baslnl		; get found line pointer low byte
C2B8  E5 7B             	SBC	Svarl			; subtract start of vars low byte
C2BA  A8                	TAY				; copy to bytes in first block count
C2BB  B0 03             	BCS	LAB_12D0		; branch if overflow

C2BD  E8                	INX				; increment block count (correct for =0 loop exit)
C2BE  C6 74             	DEC	ut2_ph		; decrement destination high byte
C2C0                    LAB_12D0
C2C0  18                	CLC				; clear carry for add
C2C1  65 71             	ADC	ut1_pl		; add source pointer low byte
C2C3  90 03             	BCC	LAB_12D8		; branch if no overflow

C2C5  C6 72             	DEC	ut1_ph		; else decrement source pointer high byte
C2C7  18                	CLC				; clear carry

                        					; close up memory to delete old line
C2C8                    LAB_12D8
C2C8  B1 71             	LDA	(ut1_pl),Y		; get byte from source
C2CA  91 73             	STA	(ut2_pl),Y		; copy to destination
C2CC  C8                	INY				; increment index
C2CD  D0 F9             	BNE	LAB_12D8		; while <> 0 do this block

C2CF  E6 72             	INC	ut1_ph		; increment source pointer high byte
C2D1  E6 74             	INC	ut2_ph		; increment destination pointer high byte
C2D3  CA                	DEX				; decrement block count
C2D4  D0 F2             	BNE	LAB_12D8		; loop until all done

                        					; got new line in buffer and no existing same #
C2D6                    LAB_12E6
C2D6  AD 2102           	LDA	Ibuffs		; get byte from start of input buffer
C2D9  F0 3F             	BEQ	LAB_1319		; if null line just go flush stack/vars and exit

                        					; got new line and it isn't empty line
C2DB  A5 85             	LDA	Ememl			; get end of mem low byte
C2DD  A4 86             	LDY	Ememh			; get end of mem high byte
C2DF  85 81             	STA	Sstorl		; set bottom of string space low byte
C2E1  84 82             	STY	Sstorh		; set bottom of string space high byte
C2E3  A5 7B             	LDA	Svarl			; get start of vars low byte	(end of BASIC)
C2E5  85 A6             	STA	Obendl		; save old block end low byte
C2E7  A4 7C             	LDY	Svarh			; get start of vars high byte	(end of BASIC)
C2E9  84 A7             	STY	Obendh		; save old block end high byte
C2EB  65 5D             	ADC	Ibptr			; add input buffer pointer	(also buffer length)
C2ED  90 01             	BCC	LAB_1301		; branch if no overflow from add

C2EF  C8                	INY				; else increment high byte
C2F0                    LAB_1301
C2F0  85 A4             	STA	Nbendl		; save new block end low byte	(move to, low byte)
C2F2  84 A5             	STY	Nbendh		; save new block end high byte
C2F4  20 C7C1           	JSR	LAB_11CF		; open up space in memory
                        					; old start pointer Ostrtl,Ostrth set by the find line call
C2F7  A5 7F             	LDA	Earryl		; get array mem end low byte
C2F9  A4 80             	LDY	Earryh		; get array mem end high byte
C2FB  85 7B             	STA	Svarl			; save start of vars low byte
C2FD  84 7C             	STY	Svarh			; save start of vars high byte
C2FF  A4 5D             	LDY	Ibptr			; get input buffer pointer	(also buffer length)
C301  88                	DEY				; adjust for loop type
C302                    LAB_1311
C302  B9 1D02           	LDA	Ibuffs-4,Y		; get byte from crunched line
C305  91 AA             	STA	(Baslnl),Y		; save it to program memory
C307  88                	DEY				; decrement count
C308  C0 03             	CPY	#$03			; compare with first byte-1
C30A  D0 F6             	BNE	LAB_1311		; continue while count <> 3

C30C  A5 12             	LDA	Itemph		; get line # high byte
C30E  91 AA             	STA	(Baslnl),Y		; save it to program memory
C310  88                	DEY				; decrement count
C311  A5 11             	LDA	Itempl		; get line # low byte
C313  91 AA             	STA	(Baslnl),Y		; save it to program memory
C315  88                	DEY				; decrement count
C316  A9 FF             	LDA	#$FF			; set byte to allow chain rebuild. if you didn't set this
                        					; byte then a zero already here would stop the chain rebuild
                        					; as it would think it was the [EOT] marker.
C318  91 AA             	STA	(Baslnl),Y		; save it to program memory

C31A                    LAB_1319
C31A  20 73C4           	JSR	LAB_1477		; reset execution to start, clear vars and flush stack
C31D  A6 79             	LDX	Smeml			; get start of mem low byte
C31F  A5 7A             	LDA	Smemh			; get start of mem high byte
C321  A0 01             	LDY	#$01			; index to high byte of next line pointer
C323                    LAB_1325
C323  86 71             	STX	ut1_pl		; set line start pointer low byte
C325  85 72             	STA	ut1_ph		; set line start pointer high byte
C327  B1 71             	LDA	(ut1_pl),Y		; get it
C329  F0 18             	BEQ	LAB_133E		; exit if end of program

                        ; rebuild chaining of Basic lines

C32B  A0 04             	LDY	#$04			; point to first code byte of line
                        					; there is always 1 byte + [EOL] as null entries are deleted
C32D                    LAB_1330
C32D  C8                	INY				; next code byte
C32E  B1 71             	LDA	(ut1_pl),Y		; get byte
C330  D0 FB             	BNE	LAB_1330		; loop if not [EOL]

C332  38                	SEC				; set carry for add + 1
C333  98                	TYA				; copy end index
C334  65 71             	ADC	ut1_pl		; add to line start pointer low byte
C336  AA                	TAX				; copy to X
C337  A0 00             	LDY	#$00			; clear index, point to this line's next line pointer
C339  91 71             	STA	(ut1_pl),Y		; set next line pointer low byte
C33B  98                	TYA				; clear A
C33C  65 72             	ADC	ut1_ph		; add line start pointer high byte + carry
C33E  C8                	INY				; increment index to high byte
C33F  91 71             	STA	(ut1_pl),Y		; save next line pointer low byte
C341  90 E0             	BCC	LAB_1325		; go do next line, branch always, carry clear


C343                    LAB_133E
C343  4C 6DC2           	JMP	LAB_127D		; else we just wait for Basic command, no "Ready"

                        ; print "? " and get BASIC input

C346                    LAB_INLN
C346  20 FCC9           	JSR	LAB_18E3		; print "?" character
C349  20 F9C9           	JSR	LAB_18E0		; print " "
C34C  D0 05             	BNE	LAB_1357		; call for BASIC input and return

                        ; receive line from keyboard

                        					; $08 as delete key (BACKSPACE on standard keyboard)
C34E                    LAB_134B
C34E  20 FEC9           	JSR	LAB_PRNA		; go print the character
C351  CA                	DEX				; decrement the buffer counter (delete)
C352  2C                	.byte	$2C			; make LDX into BIT abs

                        ; call for BASIC input (main entry point)

C353                    LAB_1357
C353  A2 00             	LDX	#$00			; clear BASIC line buffer pointer
C355                    LAB_1359
C355  20 F1E1           	JSR	V_INPT		; call scan input device
C358  90 FB             	BCC	LAB_1359		; loop if no byte
C35A  C9 00                     cmp     #$00
C35C  F0 F7             	BEQ	LAB_1359		; loop until valid input (ignore NULLs)

C35E  C9 07             	CMP	#$07			; compare with [BELL]
C360  F0 10             	BEQ	LAB_1378		; branch if [BELL]

C362  C9 0D             	CMP	#$0D			; compare with [CR]
C364  F0 19             	BEQ	LAB_1384		; do CR/LF exit if [CR]

C366  E0 00             	CPX	#$00			; compare pointer with $00
C368  D0 04             	BNE	LAB_1374		; branch if not empty

                        ; next two lines ignore any non print character and [SPACE] if input buffer empty

C36A  C9 21             	CMP	#$21			; compare with [SP]+1
C36C  90 E7             	BCC	LAB_1359		; if < ignore character

C36E                    LAB_1374
C36E  C9 08             	CMP	#$08			; compare with [BACKSPACE] (delete last character)
C370  F0 DC             	BEQ	LAB_134B		; go delete last character

C372                    LAB_1378
C372  E0 47             	CPX	#Ibuffe-Ibuffs	; compare character count with max
C374  B0 0C             	BCS	LAB_138E		; skip store and do [BELL] if buffer full

C376  9D 2102           	STA	Ibuffs,X		; else store in buffer
C379  E8                	INX				; increment pointer
C37A                    LAB_137F
C37A  20 FEC9           	JSR	LAB_PRNA		; go print the character
C37D  D0 D6             	BNE	LAB_1359		; always loop for next character

C37F                    LAB_1384
C37F  4C 9AC9           	JMP	LAB_1866		; do CR/LF exit to BASIC

                        ; announce buffer full

C382                    LAB_138E
C382  A9 07             	LDA	#$07			; [BELL] character into A
C384  D0 F4             	BNE	LAB_137F		; go print the [BELL] but ignore input character
                        					; branch always

                        ; crunch keywords into Basic tokens
                        ; position independent buffer version ..
                        ; faster, dictionary search version ....

C386                    LAB_13A6
C386  A0 FF             	LDY	#$FF			; set save index (makes for easy math later)

C388  38                	SEC				; set carry for subtract
C389  A5 C3             	LDA	Bpntrl		; get basic execute pointer low byte
C38B  E9 21             	SBC	#<Ibuffs		; subtract input buffer start pointer
C38D  AA                	TAX				; copy result to X (index past line # if any)

C38E  86 60             	STX	Oquote		; clear open quote/DATA flag
C390                    LAB_13AC
C390  BD 2102           	LDA	Ibuffs,X		; get byte from input buffer
C393  F0 51             	BEQ	LAB_13EC		; if null save byte then exit

C395  C9 5F             	CMP	#'_'			; compare with "_"
C397  B0 4D             	BCS	LAB_13EC		; if >= go save byte then continue crunching

C399  C9 3C             	CMP	#'<'			; compare with "<"
C39B  B0 0E             	BCS	LAB_13CC		; if >= go crunch now

C39D  C9 30             	CMP	#'0'			; compare with "0"
C39F  B0 45             	BCS	LAB_13EC		; if >= go save byte then continue crunching

C3A1  85 5C             	STA	Scnquo		; save buffer byte as search character
C3A3  C9 22             	CMP	#$22			; is it quote character?
C3A5  F0 61             	BEQ	LAB_1410		; branch if so (copy quoted string)

C3A7  C9 2A             	CMP	#'*'			; compare with "*"
C3A9  90 3B             	BCC	LAB_13EC		; if < go save byte then continue crunching

                        					; else crunch now
C3AB                    LAB_13CC
C3AB  24 60             	BIT	Oquote		; get open quote/DATA token flag
C3AD  70 37             	BVS	LAB_13EC		; branch if b6 of Oquote set (was DATA)
                        					; go save byte then continue crunching

C3AF  86 78             	STX	TempB			; save buffer read index
C3B1  84 BA             	STY	csidx			; copy buffer save index
C3B3  A0 15             	LDY	#<TAB_1STC		; get keyword first character table low address
C3B5  84 73             	STY	ut2_pl		; save pointer low byte
C3B7  A0 E4             	LDY	#>TAB_1STC		; get keyword first character table high address
C3B9  84 74             	STY	ut2_ph		; save pointer high byte
C3BB  A0 00             	LDY	#$00			; clear table pointer

C3BD                    LAB_13D0
C3BD  D1 73             	CMP	(ut2_pl),Y		; compare with keyword first character table byte
C3BF  F0 05             	BEQ	LAB_13D1		; go do word_table_chr if match

C3C1  90 21             	BCC	LAB_13EA		; if < keyword first character table byte go restore
                        					; Y and save to crunched

C3C3  C8                	INY				; else increment pointer
C3C4  D0 F7             	BNE	LAB_13D0		; and loop (branch always)

                        ; have matched first character of some keyword

C3C6                    LAB_13D1
C3C6  98                	TYA				; copy matching index
C3C7  0A                	ASL				; *2 (bytes per pointer)
C3C8  AA                	TAX				; copy to new index
C3C9  BD 33E4           	LDA	TAB_CHRT,X		; get keyword table pointer low byte
C3CC  85 73             	STA	ut2_pl		; save pointer low byte
C3CE  BD 34E4           	LDA	TAB_CHRT+1,X	; get keyword table pointer high byte
C3D1  85 74             	STA	ut2_ph		; save pointer high byte

C3D3  A0 FF             	LDY	#$FF			; clear table pointer (make -1 for start)

C3D5  A6 78             	LDX	TempB			; restore buffer read index

C3D7                    LAB_13D6
C3D7  C8                	INY				; next table byte
C3D8  B1 73             	LDA	(ut2_pl),Y		; get byte from table
C3DA                    LAB_13D8
C3DA  30 08             	BMI	LAB_13EA		; all bytes matched so go save token

C3DC  E8                	INX				; next buffer byte
C3DD  DD 2102           	CMP	Ibuffs,X		; compare with byte from input buffer
C3E0  F0 F5             	BEQ	LAB_13D6		; go compare next if match

C3E2  D0 2B             	BNE	LAB_1417		; branch if >< (not found keyword)

C3E4                    LAB_13EA
C3E4  A4 BA             	LDY	csidx			; restore save index

                        					; save crunched to output
C3E6                    LAB_13EC
C3E6  E8                	INX				; increment buffer index (to next input byte)
C3E7  C8                	INY				; increment save index (to next output byte)
C3E8  99 2102           	STA	Ibuffs,Y		; save byte to output
C3EB  C9 00             	CMP	#$00			; set the flags, set carry
C3ED  F0 32             	BEQ	LAB_142A		; do exit if was null [EOL]

                        					; A holds token or byte here
C3EF  E9 3A             	SBC	#':'			; subtract ":" (carry set by CMP #00)
C3F1  F0 04             	BEQ	LAB_13FF		; branch if it was ":" (is now $00)

                        					; A now holds token-$3A
C3F3  C9 49             	CMP	#TK_DATA-$3A	; compare with DATA token - $3A
C3F5  D0 02             	BNE	LAB_1401		; branch if not DATA

                        					; token was : or DATA
C3F7                    LAB_13FF
C3F7  85 60             	STA	Oquote		; save token-$3A (clear for ":", TK_DATA-$3A for DATA)
C3F9                    LAB_1401
C3F9  49 57             	EOR	#TK_REM-$3A		; effectively subtract REM token offset
C3FB  D0 93             	BNE	LAB_13AC		; If wasn't REM then go crunch rest of line

C3FD  85 5C             	STA	Asrch			; else was REM so set search for [EOL]

                        					; loop for REM, "..." etc.
C3FF                    LAB_1408
C3FF  BD 2102           	LDA	Ibuffs,X		; get byte from input buffer
C402  F0 E2             	BEQ	LAB_13EC		; branch if null [EOL]

C404  C5 5C             	CMP	Asrch			; compare with stored character
C406  F0 DE             	BEQ	LAB_13EC		; branch if match (end quote)

                        					; entry for copy string in quotes, don't crunch
C408                    LAB_1410
C408  C8                	INY				; increment buffer save index
C409  99 2102           	STA	Ibuffs,Y		; save byte to output
C40C  E8                	INX				; increment buffer read index
C40D  D0 F0             	BNE	LAB_1408		; loop while <> 0 (should never be 0!)

                        					; not found keyword this go
C40F                    LAB_1417
C40F  A6 78             	LDX	TempB			; compare has failed, restore buffer index (start byte!)

                        					; now find the end of this word in the table
C411                    LAB_141B
C411  B1 73             	LDA	(ut2_pl),Y		; get table byte
C413  08                	PHP				; save status
C414  C8                	INY				; increment table index
C415  28                	PLP				; restore byte status
C416  10 F9             	BPL	LAB_141B		; if not end of keyword go do next

C418  B1 73             	LDA	(ut2_pl),Y		; get byte from keyword table
C41A  D0 BE             	BNE	LAB_13D8		; go test next word if not zero byte (end of table)

                        					; reached end of table with no match
C41C  BD 2102           	LDA	Ibuffs,X		; restore byte from input buffer
C41F  10 C3             	BPL	LAB_13EA		; branch always (all bytes in buffer are $00-$7F)
                        					; go save byte in output and continue crunching

                        					; reached [EOL]
C421                    LAB_142A
C421  C8                	INY				; increment pointer
C422  C8                	INY				; increment pointer (makes it next line pointer high byte)
C423  99 2102           	STA	Ibuffs,Y		; save [EOL] (marks [EOT] in immediate mode)
C426  C8                	INY				; adjust for line copy
C427  C8                	INY				; adjust for line copy
C428  C8                	INY				; adjust for line copy
                        	; add patch for when Ibuffs is $xx00 - Daryl Rictor
C429  A5 C3                     LDA     Bpntrl          ; test for $00
C42B  D0 02                     BNE     LAB_142P        ; not $00
C42D  C6 C4                     DEC     Bpntrh          ; allow for increment when $xx00
C42F                    LAB_142P
                                ; end of patch
C42F  C6 C3             	DEC	Bpntrl		; allow for increment (change if buffer starts at $xxFF)
C431  60                	RTS

                        ; search Basic for temp integer line number from start of mem

C432                    LAB_SSLN
C432  A5 79             	LDA	Smeml			; get start of mem low byte
C434  A6 7A             	LDX	Smemh			; get start of mem high byte

                        ; search Basic for temp integer line number from AX
                        ; returns carry set if found
                        ; returns Baslnl/Baslnh pointer to found or next higher (not found) line

                        ; old 541 new 507

C436                    LAB_SHLN
C436  A0 01             	LDY	#$01			; set index
C438  85 AA             	STA	Baslnl		; save low byte as current
C43A  86 AB             	STX	Baslnh		; save high byte as current
C43C  B1 AA             	LDA	(Baslnl),Y		; get pointer high byte from addr
C43E  F0 1A             	BEQ	LAB_145F		; pointer was zero so we're done, do 'not found' exit

C440  A0 03             	LDY	#$03			; set index to line # high byte
C442  B1 AA             	LDA	(Baslnl),Y		; get line # high byte
C444  88                	DEY				; decrement index (point to low byte)
C445  C5 12             	CMP	Itemph		; compare with temporary integer high byte
C447  D0 04             	BNE	LAB_1455		; if <> skip low byte check

C449  B1 AA             	LDA	(Baslnl),Y		; get line # low byte
C44B  C5 11             	CMP	Itempl		; compare with temporary integer low byte
C44D                    LAB_1455
C44D  B0 09             	BCS	LAB_145E		; else if temp < this line, exit (passed line#)

C44F                    LAB_1456
C44F  88                	DEY				; decrement index to next line ptr high byte
C450  B1 AA             	LDA	(Baslnl),Y		; get next line pointer high byte
C452  AA                	TAX				; copy to X
C453  88                	DEY				; decrement index to next line ptr low byte
C454  B1 AA             	LDA	(Baslnl),Y		; get next line pointer low byte
C456  90 DE             	BCC	LAB_SHLN		; go search for line # in temp (Itempl/Itemph) from AX
                        					; (carry always clear)

C458                    LAB_145E
C458  F0 01             	BEQ	LAB_1460		; exit if temp = found line #, carry is set

C45A                    LAB_145F
C45A  18                	CLC				; clear found flag
C45B                    LAB_1460
C45B  60                	RTS

                        ; perform NEW

C45C                    LAB_NEW
C45C  D0 FD             	BNE	LAB_1460		; exit if not end of statement (to do syntax error)

C45E                    LAB_1463
C45E  A9 00             	LDA	#$00			; clear A
C460  A8                	TAY				; clear Y
C461  91 79             	STA	(Smeml),Y		; clear first line, next line pointer, low byte
C463  C8                	INY				; increment index
C464  91 79             	STA	(Smeml),Y		; clear first line, next line pointer, high byte
C466  18                	CLC				; clear carry
C467  A5 79             	LDA	Smeml			; get start of mem low byte
C469  69 02             	ADC	#$02			; calculate end of BASIC low byte
C46B  85 7B             	STA	Svarl			; save start of vars low byte
C46D  A5 7A             	LDA	Smemh			; get start of mem high byte
C46F  69 00             	ADC	#$00			; add any carry
C471  85 7C             	STA	Svarh			; save start of vars high byte

                        ; reset execution to start, clear vars and flush stack

C473                    LAB_1477
C473  18                	CLC				; clear carry
C474  A5 79             	LDA	Smeml			; get start of mem low byte
C476  69 FF             	ADC	#$FF			; -1
C478  85 C3             	STA	Bpntrl		; save BASIC execute pointer low byte
C47A  A5 7A             	LDA	Smemh			; get start of mem high byte
C47C  69 FF             	ADC	#$FF			; -1+carry
C47E  85 C4             	STA	Bpntrh		; save BASIC execute pointer high byte

                        ; "CLEAR" command gets here

C480                    LAB_147A
C480  A5 85             	LDA	Ememl			; get end of mem low byte
C482  A4 86             	LDY	Ememh			; get end of mem high byte
C484  85 81             	STA	Sstorl		; set bottom of string space low byte
C486  84 82             	STY	Sstorh		; set bottom of string space high byte
C488  A5 7B             	LDA	Svarl			; get start of vars low byte
C48A  A4 7C             	LDY	Svarh			; get start of vars high byte
C48C  85 7D             	STA	Sarryl		; save var mem end low byte
C48E  84 7E             	STY	Sarryh		; save var mem end high byte
C490  85 7F             	STA	Earryl		; save array mem end low byte
C492  84 80             	STY	Earryh		; save array mem end high byte
C494  20 55C6           	JSR	LAB_161A		; perform RESTORE command

                        ; flush stack and clear continue flag

C497                    LAB_1491
C497  A2 68             	LDX	#des_sk		; set descriptor stack pointer
C499  86 65             	STX	next_s		; save descriptor stack pointer
C49B  68                	PLA				; pull return address low byte
C49C  AA                	TAX				; copy return address low byte
C49D  68                	PLA				; pull return address high byte
C49E  8E FE01           	STX	LAB_SKFE		; save to cleared stack
C4A1  8D FF01           	STA	LAB_SKFF		; save to cleared stack
C4A4  A2 FD             	LDX	#$FD			; new stack pointer
C4A6  9A                	TXS				; reset stack
C4A7  A9 00             	LDA	#$00			; clear byte
C4A9  85 8C             	STA	Cpntrh		; clear continue pointer high byte
C4AB  85 61             	STA	Sufnxf		; clear subscript/FNX flag
C4AD                    LAB_14A6
C4AD  60                	RTS

                        ; perform CLEAR

C4AE                    LAB_CLEAR
C4AE  F0 D0             	BEQ	LAB_147A		; if no following token go do "CLEAR"

                        					; else there was a following token (go do syntax error)
C4B0  60                	RTS

C4B1                    LAB_SYS
C4B1  4C 00FF                   jmp     $ff00

                        ; perform LIST [n][-m]
                        ; bigger, faster version (a _lot_ faster)

C4B4                    LAB_LIST
C4B4  90 06             	BCC	LAB_14BD		; branch if next character numeric (LIST n..)

C4B6  F0 04             	BEQ	LAB_14BD		; branch if next character [NULL] (LIST)

C4B8  C9 B8             	CMP	#TK_MINUS		; compare with token for -
C4BA  D0 F1             	BNE	LAB_14A6		; exit if not - (LIST -m)

                        					; LIST [[n][-m]]
                        					; this bit sets the n , if present, as the start and end
C4BC                    LAB_14BD
C4BC  20 66C8           	JSR	LAB_GFPN		; get fixed-point number into temp integer
C4BF  20 32C4           	JSR	LAB_SSLN		; search BASIC for temp integer line number
                        					; (pointer in Baslnl/Baslnh)
C4C2  20 C200           	JSR	LAB_GBYT		; scan memory
C4C5  F0 0C             	BEQ	LAB_14D4		; branch if no more characters

                        					; this bit checks the - is present
C4C7  C9 B8             	CMP	#TK_MINUS		; compare with token for -
C4C9  D0 90             	BNE	LAB_1460		; return if not "-" (will be Syntax error)

                        					; LIST [n]-m
                        					; the - was there so set m as the end value
C4CB  20 BC00           	JSR	LAB_IGBY		; increment and scan memory
C4CE  20 66C8           	JSR	LAB_GFPN		; get fixed-point number into temp integer
C4D1  D0 88             	BNE	LAB_1460		; exit if not ok

C4D3                    LAB_14D4
C4D3  A5 11             	LDA	Itempl		; get temporary integer low byte
C4D5  05 12             	ORA	Itemph		; OR temporary integer high byte
C4D7  D0 06             	BNE	LAB_14E2		; branch if start set

C4D9  A9 FF             	LDA	#$FF			; set for -1
C4DB  85 11             	STA	Itempl		; set temporary integer low byte
C4DD  85 12             	STA	Itemph		; set temporary integer high byte
C4DF                    LAB_14E2
C4DF  A0 01             	LDY	#$01			; set index for line
C4E1  84 60             	STY	Oquote		; clear open quote flag
C4E3  20 A3C9           	JSR	LAB_CRLF		; print CR/LF
C4E6  B1 AA             	LDA	(Baslnl),Y		; get next line pointer high byte
                        					; pointer initially set by search at LAB_14BD
C4E8  F0 3E             	BEQ	LAB_152B		; if null all done so exit
C4EA  20 25C6           	JSR	LAB_1629		; do CRTL-C check vector

C4ED  C8                	INY				; increment index for line
C4EE  B1 AA             	LDA	(Baslnl),Y		; get line # low byte
C4F0  AA                	TAX				; copy to X
C4F1  C8                	INY				; increment index
C4F2  B1 AA             	LDA	(Baslnl),Y		; get line # high byte
C4F4  C5 12             	CMP	Itemph		; compare with temporary integer high byte
C4F6  D0 04             	BNE	LAB_14FF		; branch if no high byte match

C4F8  E4 11             	CPX	Itempl		; compare with temporary integer low byte
C4FA  F0 02             	BEQ	LAB_1501		; branch if = last line to do (< will pass next branch)

C4FC                    LAB_14FF				; else ..
C4FC  B0 2A             	BCS	LAB_152B		; if greater all done so exit

C4FE                    LAB_1501
C4FE  84 97             	STY	Tidx1			; save index for line
C500  20 93DB           	JSR	LAB_295E		; print XA as unsigned integer
C503  A9 20             	LDA	#$20			; space is the next character
C505                    LAB_1508
C505  A4 97             	LDY	Tidx1			; get index for line
C507  29 7F             	AND	#$7F			; mask top out bit of character
C509                    LAB_150C
C509  20 FEC9           	JSR	LAB_PRNA		; go print the character
C50C  C9 22             	CMP	#$22			; was it " character
C50E  D0 06             	BNE	LAB_1519		; branch if not

                        					; we are either entering or leaving a pair of quotes
C510  A5 60             	LDA	Oquote		; get open quote flag
C512  49 FF             	EOR	#$FF			; toggle it
C514  85 60             	STA	Oquote		; save it back
C516                    LAB_1519
C516  C8                	INY				; increment index
C517  B1 AA             	LDA	(Baslnl),Y		; get next byte
C519  D0 0E             	BNE	LAB_152E		; branch if not [EOL] (go print character)
C51B  A8                	TAY				; else clear index
C51C  B1 AA             	LDA	(Baslnl),Y		; get next line pointer low byte
C51E  AA                	TAX				; copy to X
C51F  C8                	INY				; increment index
C520  B1 AA             	LDA	(Baslnl),Y		; get next line pointer high byte
C522  86 AA             	STX	Baslnl		; set pointer to line low byte
C524  85 AB             	STA	Baslnh		; set pointer to line high byte
C526  D0 B7             	BNE	LAB_14E2		; go do next line if not [EOT]
                        					; else ..
C528                    LAB_152B
C528  60                	RTS

C529                    LAB_152E
C529  10 DE             	BPL	LAB_150C		; just go print it if not token byte

                        					; else was token byte so uncrunch it (maybe)
C52B  24 60             	BIT	Oquote		; test the open quote flag
C52D  30 DA             	BMI	LAB_150C		; just go print character if open quote set

C52F  A2 E6             	LDX	#>LAB_KEYT		; get table address high byte
C531  0A                	ASL				; *2
C532  0A                	ASL				; *4
C533  90 02             	BCC	LAB_152F		; branch if no carry

C535  E8                	INX				; else increment high byte
C536  18                	CLC				; clear carry for add
C537                    LAB_152F
C537  69 19             	ADC	#<LAB_KEYT		; add low byte
C539  90 01             	BCC	LAB_1530		; branch if no carry

C53B  E8                	INX				; else increment high byte
C53C                    LAB_1530
C53C  85 73             	STA	ut2_pl		; save table pointer low byte
C53E  86 74             	STX	ut2_ph		; save table pointer high byte
C540  84 97             	STY	Tidx1			; save index for line
C542  A0 00             	LDY	#$00			; clear index
C544  B1 73             	LDA	(ut2_pl),Y		; get length
C546  AA                	TAX				; copy length
C547  C8                	INY				; increment index
C548  B1 73             	LDA	(ut2_pl),Y		; get 1st character
C54A  CA                	DEX				; decrement length
C54B  F0 B8             	BEQ	LAB_1508		; if no more characters exit and print

C54D  20 FEC9           	JSR	LAB_PRNA		; go print the character
C550  C8                	INY				; increment index
C551  B1 73             	LDA	(ut2_pl),Y		; get keyword address low byte
C553  48                	PHA				; save it for now
C554  C8                	INY				; increment index
C555  B1 73             	LDA	(ut2_pl),Y		; get keyword address high byte
C557  A0 00             	LDY	#$00
C559  85 74             	STA	ut2_ph		; save keyword pointer high byte
C55B  68                	PLA				; pull low byte
C55C  85 73             	STA	ut2_pl		; save keyword pointer low byte
C55E                    LAB_1540
C55E  B1 73             	LDA	(ut2_pl),Y		; get character
C560  CA                	DEX				; decrement character count
C561  F0 A2             	BEQ	LAB_1508		; if last character exit and print

C563  20 FEC9           	JSR	LAB_PRNA		; go print the character
C566  C8                	INY				; increment index
C567  D0 F5             	BNE	LAB_1540		; loop for next character

                        ; perform FOR

C569                    LAB_FOR
C569  A9 80             	LDA	#$80			; set FNX
C56B  85 61             	STA	Sufnxf		; set subscript/FNX flag
C56D  20 C5C8           	JSR	LAB_LET		; go do LET
C570  68                	PLA				; pull return address
C571  68                	PLA				; pull return address
C572  A9 10             	LDA	#$10			; we need 16d bytes !
C574  20 09C2           	JSR	LAB_1212		; check room on stack for A bytes
C577  20 AEC7           	JSR	LAB_SNBS		; scan for next BASIC statement ([:] or [EOL])
C57A  18                	CLC				; clear carry for add
C57B  98                	TYA				; copy index to A
C57C  65 C3             	ADC	Bpntrl		; add BASIC execute pointer low byte
C57E  48                	PHA				; push onto stack
C57F  A5 C4             	LDA	Bpntrh		; get BASIC execute pointer high byte
C581  69 00             	ADC	#$00			; add carry
C583  48                	PHA				; push onto stack
C584  A5 88             	LDA	Clineh		; get current line high byte
C586  48                	PHA				; push onto stack
C587  A5 87             	LDA	Clinel		; get current line low byte
C589  48                	PHA				; push onto stack
C58A  A9 AE             	LDA	#TK_TO		; get "TO" token
C58C  20 02CD           	JSR	LAB_SCCA		; scan for CHR$(A) , else do syntax error then warm start
C58F  20 E1CB           	JSR	LAB_CTNM		; check if source is numeric, else do type mismatch
C592  20 DECB           	JSR	LAB_EVNM		; evaluate expression and check is numeric,
                        					; else do type mismatch
C595  A5 B0             	LDA	FAC1_s		; get FAC1 sign (b7)
C597  09 7F             	ORA	#$7F			; set all non sign bits
C599  25 AD             	AND	FAC1_1		; and FAC1 mantissa1
C59B  85 AD             	STA	FAC1_1		; save FAC1 mantissa1
C59D  A9 A8             	LDA	#<LAB_159F		; set return address low byte
C59F  A0 C5             	LDY	#>LAB_159F		; set return address high byte
C5A1  85 71             	STA	ut1_pl		; save return address low byte
C5A3  84 72             	STY	ut1_ph		; save return address high byte
C5A5  4C 95CC           	JMP	LAB_1B66		; round FAC1 and put on stack (returns to next instruction)

C5A8                    LAB_159F
C5A8  A9 E3             	LDA	#<LAB_259C		; set 1 pointer low addr (default step size)
C5AA  A0 E2             	LDY	#>LAB_259C		; set 1 pointer high addr
C5AC  20 8ED9           	JSR	LAB_UFAC		; unpack memory (AY) into FAC1
C5AF  20 C200           	JSR	LAB_GBYT		; scan memory
C5B2  C9 B3             	CMP	#TK_STEP		; compare with STEP token
C5B4  D0 06             	BNE	LAB_15B3		; jump if not "STEP"

                        					;.was step so ..
C5B6  20 BC00           	JSR	LAB_IGBY		; increment and scan memory
C5B9  20 DECB           	JSR	LAB_EVNM		; evaluate expression and check is numeric,
                        					; else do type mismatch
C5BC                    LAB_15B3
C5BC  20 FAD9           	JSR	LAB_27CA		; return A=FF,C=1/-ve A=01,C=0/+ve
C5BF  85 B0             	STA	FAC1_s		; set FAC1 sign (b7)
                        					; this is +1 for +ve step and -1 for -ve step, in NEXT we
                        					; compare the FOR value and the TO value and return +1 if
                        					; FOR > TO, 0 if FOR = TO and -1 if FOR < TO. the value
                        					; here (+/-1) is then compared to that result and if they
                        					; are the same (+ve and FOR > TO or -ve and FOR < TO) then
                        					; the loop is done
C5C1  20 8ACC           	JSR	LAB_1B5B		; push sign, round FAC1 and put on stack
C5C4  A5 98             	LDA	Frnxth		; get var pointer for FOR/NEXT high byte
C5C6  48                	PHA				; push on stack
C5C7  A5 97             	LDA	Frnxtl		; get var pointer for FOR/NEXT low byte
C5C9  48                	PHA				; push on stack
C5CA  A9 81             	LDA	#TK_FOR		; get FOR token
C5CC  48                	PHA				; push on stack

                        ; interpreter inner loop

C5CD                    LAB_15C2
C5CD  20 25C6           	JSR	LAB_1629		; do CRTL-C check vector
C5D0  A5 C3             	LDA	Bpntrl		; get BASIC execute pointer low byte
C5D2  A4 C4             	LDY	Bpntrh		; get BASIC execute pointer high byte

C5D4  A6 88             	LDX	Clineh		; continue line is $FFxx for immediate mode
                        					; ($00xx for RUN from immediate mode)
C5D6  E8                	INX				; increment it (now $00 if immediate mode)
C5D7  F0 04             	BEQ	LAB_15D1		; branch if null (immediate mode)

C5D9  85 8B             	STA	Cpntrl		; save continue pointer low byte
C5DB  84 8C             	STY	Cpntrh		; save continue pointer high byte
C5DD                    LAB_15D1
C5DD  A0 00             	LDY	#$00			; clear index
C5DF  B1 C3             	LDA	(Bpntrl),Y		; get next byte
C5E1  F0 07             	BEQ	LAB_15DC		; branch if null [EOL]

C5E3  C9 3A             	CMP	#':'			; compare with ":"
C5E5  F0 1D             	BEQ	LAB_15F6		; branch if = (statement separator)

C5E7                    LAB_15D9
C5E7  4C 13CD           	JMP	LAB_SNER		; else syntax error then warm start

                        					; have reached [EOL]
C5EA                    LAB_15DC
C5EA  A0 02             	LDY	#$02			; set index
C5EC  B1 C3             	LDA	(Bpntrl),Y		; get next line pointer high byte
C5EE  18                	CLC				; clear carry for no "BREAK" message
C5EF  F0 56             	BEQ	LAB_1651		; if null go to immediate mode (was immediate or [EOT]
                        					; marker)

C5F1  C8                	INY				; increment index
C5F2  B1 C3             	LDA	(Bpntrl),Y		; get line # low byte
C5F4  85 87             	STA	Clinel		; save current line low byte
C5F6  C8                	INY				; increment index
C5F7  B1 C3             	LDA	(Bpntrl),Y		; get line # high byte
C5F9  85 88             	STA	Clineh		; save current line high byte
C5FB  98                	TYA				; A now = 4
C5FC  65 C3             	ADC	Bpntrl		; add BASIC execute pointer low byte
C5FE  85 C3             	STA	Bpntrl		; save BASIC execute pointer low byte
C600  90 02             	BCC	LAB_15F6		; branch if no overflow

C602  E6 C4             	INC	Bpntrh		; else increment BASIC execute pointer high byte
C604                    LAB_15F6
C604  20 BC00           	JSR	LAB_IGBY		; increment and scan memory

C607                    LAB_15F9
C607  20 0DC6           	JSR	LAB_15FF		; go interpret BASIC code from (Bpntrl)

C60A                    LAB_15FC
C60A  4C CDC5           	JMP	LAB_15C2		; loop

                        ; interpret BASIC code from (Bpntrl)

C60D                    LAB_15FF
C60D  F0 54             	BEQ	LAB_1628		; exit if zero [EOL]

C60F                    LAB_1602
C60F  0A                	ASL				; *2 bytes per vector and normalise token
C610  B0 03             	BCS	LAB_1609		; branch if was token

C612  4C C5C8           	JMP	LAB_LET		; else go do implied LET

C615                    LAB_1609
C615  C9 58             	CMP	#[TK_TAB-$80]*2	; compare normalised token * 2 with TAB
C617  B0 CE             	BCS	LAB_15D9		; branch if A>=TAB (do syntax error then warm start)
                        					; only tokens before TAB can start a line
C619  A8                	TAY				; copy to index
C61A  B9 0BE3           	LDA	LAB_CTBL+1,Y	; get vector high byte
C61D  48                	PHA				; onto stack
C61E  B9 0AE3           	LDA	LAB_CTBL,Y		; get vector low byte
C621  48                	PHA				; onto stack
C622  4C BC00           	JMP	LAB_IGBY		; jump to increment and scan memory
                        					; then "return" to vector

                        ; CTRL-C check jump. this is called as a subroutine but exits back via a jump if a
                        ; key press is detected.

C625                    LAB_1629
C625  6C 0302           	JMP	(VEC_CC)		; ctrl c check vector

                        ; if there was a key press it gets back here ..

C628                    LAB_1636
C628  C9 03             	CMP	#$03			; compare with CTRL-C

                        ; perform STOP

C62A                    LAB_STOP
C62A  B0 01             	BCS	LAB_163B		; branch if token follows STOP
                        					; else just END
                        ; END

C62C                    LAB_END
C62C  18                	CLC				; clear the carry, indicate a normal program end
C62D                    LAB_163B
C62D  D0 67             	BNE	LAB_167A		; if wasn't CTRL-C or there is a following byte return

C62F  A5 C4             	LDA	Bpntrh		; get the BASIC execute pointer high byte
C631  49 02             	EOR	#>Ibuffs		; compare with buffer address high byte (Cb unchanged)
C633  F0 10             	BEQ	LAB_164F		; branch if the BASIC pointer is in the input buffer
                        					; (can't continue in immediate mode)

                        					; else ..
C635  49 02             	EOR	#>Ibuffs		; correct the bits
C637  A4 C3             	LDY	Bpntrl		; get BASIC execute pointer low byte
C639  84 8B             	STY	Cpntrl		; save continue pointer low byte
C63B  85 8C             	STA	Cpntrh		; save continue pointer high byte
C63D                    LAB_1647
C63D  A5 87             	LDA	Clinel		; get current line low byte
C63F  A4 88             	LDY	Clineh		; get current line high byte
C641  85 89             	STA	Blinel		; save break line low byte
C643  84 8A             	STY	Blineh		; save break line high byte
C645                    LAB_164F
C645  68                	PLA				; pull return address low
C646  68                	PLA				; pull return address high
C647                    LAB_1651
C647  90 07             	BCC	LAB_165E		; if was program end just do warm start

                        					; else ..
C649  A9 EA             	LDA	#<LAB_BMSG		; point to "Break" low byte
C64B  A0 E8             	LDY	#>LAB_BMSG		; point to "Break" high byte
C64D  4C 55C2           	JMP	LAB_1269		; print "Break" and do warm start

C650                    LAB_165E
C650  4C 60C2           	JMP	LAB_1274		; go do warm start

                        ; perform RESTORE

C653                    LAB_RESTORE
C653  D0 0F             	BNE	LAB_RESTOREn	; branch if next character not null (RESTORE n)

C655                    LAB_161A
C655  38                	SEC				; set carry for subtract
C656  A5 79             	LDA	Smeml			; get start of mem low byte
C658  E9 01             	SBC	#$01			; -1
C65A  A4 7A             	LDY	Smemh			; get start of mem high byte
C65C  B0 01             	BCS	LAB_1624		; branch if no underflow

C65E                    LAB_uflow
C65E  88                	DEY				; else decrement high byte
C65F                    LAB_1624
C65F  85 8F             	STA	Dptrl			; save DATA pointer low byte
C661  84 90             	STY	Dptrh			; save DATA pointer high byte
C663                    LAB_1628
C663  60                	RTS

                        					; is RESTORE n
C664                    LAB_RESTOREn
C664  20 66C8           	JSR	LAB_GFPN		; get fixed-point number into temp integer
C667  20 B1C7           	JSR	LAB_SNBL		; scan for next BASIC line
C66A  A5 88             	LDA	Clineh		; get current line high byte
C66C  C5 12             	CMP	Itemph		; compare with temporary integer high byte
C66E  B0 0B             	BCS	LAB_reset_search	; branch if >= (start search from beginning)

C670  98                	TYA				; else copy line index to A
C671  38                	SEC				; set carry (+1)
C672  65 C3             	ADC	Bpntrl		; add BASIC execute pointer low byte
C674  A6 C4             	LDX	Bpntrh		; get BASIC execute pointer high byte
C676  90 07             	BCC	LAB_go_search	; branch if no overflow to high byte

C678  E8                	INX				; increment high byte
C679  B0 04             	BCS	LAB_go_search	; branch always (can never be carry clear)

                        ; search for line # in temp (Itempl/Itemph) from start of mem pointer (Smeml)

C67B                    LAB_reset_search
C67B  A5 79             	LDA	Smeml			; get start of mem low byte
C67D  A6 7A             	LDX	Smemh			; get start of mem high byte

                        ; search for line # in temp (Itempl/Itemph) from (AX)

C67F                    LAB_go_search

C67F  20 36C4           	JSR	LAB_SHLN		; search Basic for temp integer line number from AX
C682  B0 03             	BCS	LAB_line_found	; if carry set go set pointer

C684  4C 83C7           	JMP	LAB_16F7		; else go do "Undefined statement" error

C687                    LAB_line_found
                        					; carry already set for subtract
C687  A5 AA             	LDA	Baslnl		; get pointer low byte
C689  E9 01             	SBC	#$01			; -1
C68B  A4 AB             	LDY	Baslnh		; get pointer high byte
C68D  B0 D0             	BCS	LAB_1624		; branch if no underflow (save DATA pointer and return)

C68F  90 CD             	BCC	LAB_uflow		; else decrement high byte then save DATA pointer and
                        					; return (branch always)

                        ; perform NULL

C691                    LAB_NULL
C691  20 9DD5           	JSR	LAB_GTBY		; get byte parameter
C694  86 0D             	STX	Nullct		; save new NULL count
C696                    LAB_167A
C696  60                	RTS

                        ; perform CONT

C697                    LAB_CONT
C697  D0 FD             	BNE	LAB_167A		; if following byte exit to do syntax error

C699  A4 8C             	LDY	Cpntrh		; get continue pointer high byte
C69B  D0 05             	BNE	LAB_166C		; go do continue if we can

C69D  A2 1E             	LDX	#$1E			; error code $1E ("Can't continue" error)
C69F  4C 42C2           	JMP	LAB_XERR		; do error #X, then warm start

                        					; we can continue so ..
C6A2                    LAB_166C
C6A2  A9 93             	LDA	#TK_ON		; set token for ON
C6A4  20 1BE0           	JSR	LAB_IRQ		; set IRQ flags
C6A7  A9 93             	LDA	#TK_ON		; set token for ON
C6A9  20 1EE0           	JSR	LAB_NMI		; set NMI flags

C6AC  84 C4             	STY	Bpntrh		; save BASIC execute pointer high byte
C6AE  A5 8B             	LDA	Cpntrl		; get continue pointer low byte
C6B0  85 C3             	STA	Bpntrl		; save BASIC execute pointer low byte
C6B2  A5 89             	LDA	Blinel		; get break line low byte
C6B4  A4 8A             	LDY	Blineh		; get break line high byte
C6B6  85 87             	STA	Clinel		; set current line low byte
C6B8  84 88             	STY	Clineh		; set current line high byte
C6BA  60                	RTS

                        ; perform RUN

C6BB                    LAB_RUN
C6BB  D0 03             	BNE	LAB_1696		; branch if RUN n
C6BD  4C 73C4           	JMP	LAB_1477		; reset execution to start, clear variables, flush stack and
                        					; return

                        ; does RUN n

C6C0                    LAB_1696
C6C0  20 80C4           	JSR	LAB_147A		; go do "CLEAR"
C6C3  F0 2E             	BEQ	LAB_16B0		; get n and do GOTO n (branch always as CLEAR sets Z=1)

                        ; perform DO

C6C5                    LAB_DO
C6C5  A9 05             	LDA	#$05			; need 5 bytes for DO
C6C7  20 09C2           	JSR	LAB_1212		; check room on stack for A bytes
C6CA  A5 C4             	LDA	Bpntrh		; get BASIC execute pointer high byte
C6CC  48                	PHA				; push on stack
C6CD  A5 C3             	LDA	Bpntrl		; get BASIC execute pointer low byte
C6CF  48                	PHA				; push on stack
C6D0  A5 88             	LDA	Clineh		; get current line high byte
C6D2  48                	PHA				; push on stack
C6D3  A5 87             	LDA	Clinel		; get current line low byte
C6D5  48                	PHA				; push on stack
C6D6  A9 9D             	LDA	#TK_DO		; token for DO
C6D8  48                	PHA				; push on stack
C6D9  20 C200           	JSR	LAB_GBYT		; scan memory
C6DC  4C CDC5           	JMP	LAB_15C2		; go do interpreter inner loop

                        ; perform GOSUB

C6DF                    LAB_GOSUB
C6DF  A9 05             	LDA	#$05			; need 5 bytes for GOSUB
C6E1  20 09C2           	JSR	LAB_1212		; check room on stack for A bytes
C6E4  A5 C4             	LDA	Bpntrh		; get BASIC execute pointer high byte
C6E6  48                	PHA				; push on stack
C6E7  A5 C3             	LDA	Bpntrl		; get BASIC execute pointer low byte
C6E9  48                	PHA				; push on stack
C6EA  A5 88             	LDA	Clineh		; get current line high byte
C6EC  48                	PHA				; push on stack
C6ED  A5 87             	LDA	Clinel		; get current line low byte
C6EF  48                	PHA				; push on stack
C6F0  A9 8D             	LDA	#TK_GOSUB		; token for GOSUB
C6F2  48                	PHA				; push on stack
C6F3                    LAB_16B0
C6F3  20 C200           	JSR	LAB_GBYT		; scan memory
C6F6  20 FCC6           	JSR	LAB_GOTO		; perform GOTO n
C6F9  4C CDC5           	JMP	LAB_15C2		; go do interpreter inner loop
                        					; (can't RTS, we used the stack!)

                        ; perform GOTO

C6FC                    LAB_GOTO
C6FC  20 66C8           	JSR	LAB_GFPN		; get fixed-point number into temp integer
C6FF  20 B1C7           	JSR	LAB_SNBL		; scan for next BASIC line
C702  A5 88             	LDA	Clineh		; get current line high byte
C704  C5 12             	CMP	Itemph		; compare with temporary integer high byte
C706  B0 0B             	BCS	LAB_16D0		; branch if >= (start search from beginning)

C708  98                	TYA				; else copy line index to A
C709  38                	SEC				; set carry (+1)
C70A  65 C3             	ADC	Bpntrl		; add BASIC execute pointer low byte
C70C  A6 C4             	LDX	Bpntrh		; get BASIC execute pointer high byte
C70E  90 07             	BCC	LAB_16D4		; branch if no overflow to high byte

C710  E8                	INX				; increment high byte
C711  B0 04             	BCS	LAB_16D4		; branch always (can never be carry)

                        ; search for line # in temp (Itempl/Itemph) from start of mem pointer (Smeml)

C713                    LAB_16D0
C713  A5 79             	LDA	Smeml			; get start of mem low byte
C715  A6 7A             	LDX	Smemh			; get start of mem high byte

                        ; search for line # in temp (Itempl/Itemph) from (AX)

C717                    LAB_16D4
C717  20 36C4           	JSR	LAB_SHLN		; search Basic for temp integer line number from AX
C71A  90 67             	BCC	LAB_16F7		; if carry clear go do "Undefined statement" error
                        					; (unspecified statement)

                        					; carry already set for subtract
C71C  A5 AA             	LDA	Baslnl		; get pointer low byte
C71E  E9 01             	SBC	#$01			; -1
C720  85 C3             	STA	Bpntrl		; save BASIC execute pointer low byte
C722  A5 AB             	LDA	Baslnh		; get pointer high byte
C724  E9 00             	SBC	#$00			; subtract carry
C726  85 C4             	STA	Bpntrh		; save BASIC execute pointer high byte
C728                    LAB_16E5
C728  60                	RTS

C729                    LAB_DONOK
C729  A2 22             	LDX	#$22			; error code $22 ("LOOP without DO" error)
C72B  4C 42C2           	JMP	LAB_XERR		; do error #X, then warm start

                        ; perform LOOP

C72E                    LAB_LOOP
C72E  A8                	TAY				; save following token
C72F  BA                	TSX				; copy stack pointer
C730  BD 0301           	LDA	LAB_STAK+3,X	; get token byte from stack
C733  C9 9D             	CMP	#TK_DO		; compare with DO token
C735  D0 F2             	BNE	LAB_DONOK		; branch if no matching DO

C737  E8                	INX				; dump calling routine return address
C738  E8                	INX				; dump calling routine return address
C739  9A                	TXS				; correct stack
C73A  98                	TYA				; get saved following token back
C73B  F0 20             	BEQ	LoopAlways		; if no following token loop forever
                        					; (stack pointer in X)

C73D  C9 3A             	CMP	#':'			; could be ':'
C73F  F0 1C             	BEQ	LoopAlways		; if :... loop forever

C741  E9 B4             	SBC	#TK_UNTIL		; subtract token for UNTIL, we know carry is set here
C743  AA                	TAX				; copy to X (if it was UNTIL then Y will be correct)
C744  F0 04             	BEQ	DoRest		; branch if was UNTIL

C746  CA                	DEX				; decrement result
C747  D0 62             	BNE	LAB_16FC		; if not WHILE go do syntax error and warm start
                        					; only if the token was WHILE will this fail

C749  CA                	DEX				; set invert result byte
C74A                    DoRest
C74A  86 98             	STX	Frnxth		; save invert result byte
C74C  20 BC00           	JSR	LAB_IGBY		; increment and scan memory
C74F  20 F2CB           	JSR	LAB_EVEX		; evaluate expression
C752  A5 AC             	LDA	FAC1_e		; get FAC1 exponent
C754  F0 02             	BEQ	DoCmp			; if =0 go do straight compare

C756  A9 FF             	LDA	#$FF			; else set all bits
C758                    DoCmp
C758  BA                	TSX				; copy stack pointer
C759  45 98             	EOR	Frnxth		; EOR with invert byte
C75B  D0 1A             	BNE	LoopDone		; if <> 0 clear stack and back to interpreter loop

                        					; loop condition wasn't met so do it again
C75D                    LoopAlways
C75D  BD 0201           	LDA	LAB_STAK+2,X	; get current line low byte
C760  85 87             	STA	Clinel		; save current line low byte
C762  BD 0301           	LDA	LAB_STAK+3,X	; get current line high byte
C765  85 88             	STA	Clineh		; save current line high byte
C767  BD 0401           	LDA	LAB_STAK+4,X	; get BASIC execute pointer low byte
C76A  85 C3             	STA	Bpntrl		; save BASIC execute pointer low byte
C76C  BD 0501           	LDA	LAB_STAK+5,X	; get BASIC execute pointer high byte
C76F  85 C4             	STA	Bpntrh		; save BASIC execute pointer high byte
C771  20 C200           	JSR	LAB_GBYT		; scan memory
C774  4C CDC5           	JMP	LAB_15C2		; go do interpreter inner loop

                        					; clear stack and back to interpreter loop
C777                    LoopDone
C777  E8                	INX				; dump DO token
C778  E8                	INX				; dump current line low byte
C779  E8                	INX				; dump current line high byte
C77A  E8                	INX				; dump BASIC execute pointer low byte
C77B  E8                	INX				; dump BASIC execute pointer high byte
C77C  9A                	TXS				; correct stack
C77D  4C 9DC7           	JMP	LAB_DATA		; go perform DATA (find : or [EOL])

                        ; do the return without gosub error

C780                    LAB_16F4
C780  A2 04             	LDX	#$04			; error code $04 ("RETURN without GOSUB" error)
C782  2C                	.byte	$2C			; makes next line BIT LAB_0EA2

C783                    LAB_16F7				; do undefined statement error
C783  A2 0E             	LDX	#$0E			; error code $0E ("Undefined statement" error)
C785  4C 42C2           	JMP	LAB_XERR		; do error #X, then warm start

                        ; perform RETURN

C788                    LAB_RETURN
C788  D0 9E             	BNE	LAB_16E5		; exit if following token (to allow syntax error)

C78A                    LAB_16E8
C78A  68                	PLA				; dump calling routine return address
C78B  68                	PLA				; dump calling routine return address
C78C  68                	PLA				; pull token
C78D  C9 8D             	CMP	#TK_GOSUB		; compare with GOSUB token
C78F  D0 EF             	BNE	LAB_16F4		; branch if no matching GOSUB

C791                    LAB_16FF
C791  68                	PLA				; pull current line low byte
C792  85 87             	STA	Clinel		; save current line low byte
C794  68                	PLA				; pull current line high byte
C795  85 88             	STA	Clineh		; save current line high byte
C797  68                	PLA				; pull BASIC execute pointer low byte
C798  85 C3             	STA	Bpntrl		; save BASIC execute pointer low byte
C79A  68                	PLA				; pull BASIC execute pointer high byte
C79B  85 C4             	STA	Bpntrh		; save BASIC execute pointer high byte

                        					; now do the DATA statement as we could be returning into
                        					; the middle of an ON <var> GOSUB n,m,p,q line
                        					; (the return address used by the DATA statement is the one
                        					; pushed before the GOSUB was executed!)

                        ; perform DATA

C79D                    LAB_DATA
C79D  20 AEC7           	JSR	LAB_SNBS		; scan for next BASIC statement ([:] or [EOL])

                        					; set BASIC execute pointer
C7A0                    LAB_170F
C7A0  98                	TYA				; copy index to A
C7A1  18                	CLC				; clear carry for add
C7A2  65 C3             	ADC	Bpntrl		; add BASIC execute pointer low byte
C7A4  85 C3             	STA	Bpntrl		; save BASIC execute pointer low byte
C7A6  90 02             	BCC	LAB_1719		; skip next if no carry

C7A8  E6 C4             	INC	Bpntrh		; else increment BASIC execute pointer high byte
C7AA                    LAB_1719
C7AA  60                	RTS

C7AB                    LAB_16FC
C7AB  4C 13CD           	JMP	LAB_SNER		; do syntax error then warm start

                        ; scan for next BASIC statement ([:] or [EOL])
                        ; returns Y as index to [:] or [EOL]

C7AE                    LAB_SNBS
C7AE  A2 3A             	LDX	#':'			; set look for character = ":"
C7B0  2C                	.byte	$2C			; makes next line BIT $00A2

                        ; scan for next BASIC line
                        ; returns Y as index to [EOL]

C7B1                    LAB_SNBL
C7B1  A2 00             	LDX	#$00			; set alt search character = [EOL]
C7B3  A0 00             	LDY	#$00			; set search character = [EOL]
C7B5  84 5C             	STY	Asrch			; store search character
C7B7                    LAB_1725
C7B7  8A                	TXA				; get alt search character
C7B8  45 5C             	EOR	Asrch			; toggle search character, effectively swap with $00
C7BA  85 5C             	STA	Asrch			; save swapped search character
C7BC                    LAB_172D
C7BC  B1 C3             	LDA	(Bpntrl),Y		; get next byte
C7BE  F0 EA             	BEQ	LAB_1719		; exit if null [EOL]

C7C0  C5 5C             	CMP	Asrch			; compare with search character
C7C2  F0 E6             	BEQ	LAB_1719		; exit if found

C7C4  C8                	INY				; increment index
C7C5  C9 22             	CMP	#$22			; compare current character with open quote
C7C7  D0 F3             	BNE	LAB_172D		; if not open quote go get next character

C7C9  F0 EC             	BEQ	LAB_1725		; if found go swap search character for alt search character

                        ; perform IF

C7CB                    LAB_IF
C7CB  20 F2CB           	JSR	LAB_EVEX		; evaluate the expression
C7CE  20 C200           	JSR	LAB_GBYT		; scan memory
C7D1  C9 B1             	CMP	#TK_THEN		; compare with THEN token
C7D3  F0 11             	BEQ	LAB_174B		; if it was THEN go do IF

                        					; wasn't IF .. THEN so must be IF .. GOTO
C7D5  C9 89             	CMP	#TK_GOTO		; compare with GOTO token
C7D7  D0 D2             	BNE	LAB_16FC		; if it wasn't GOTO go do syntax error

C7D9  A6 C3             	LDX	Bpntrl		; save the basic pointer low byte
C7DB  A4 C4             	LDY	Bpntrh		; save the basic pointer high byte
C7DD  20 BC00           	JSR	LAB_IGBY		; increment and scan memory
C7E0  B0 C9             	BCS	LAB_16FC		; if not numeric go do syntax error

C7E2  86 C3             	STX	Bpntrl		; restore the basic pointer low byte
C7E4  84 C4             	STY	Bpntrh		; restore the basic pointer high byte
C7E6                    LAB_174B
C7E6  A5 AC             	LDA	FAC1_e		; get FAC1 exponent
C7E8  F0 1B             	BEQ	LAB_174E		; if the result was zero go look for an ELSE

C7EA  20 BC00           	JSR	LAB_IGBY		; else increment and scan memory
C7ED  B0 03             	BCS	LAB_174D		; if not numeric go do var or keyword

C7EF                    LAB_174C
C7EF  4C FCC6           	JMP	LAB_GOTO		; else was numeric so do GOTO n

                        					; is var or keyword
C7F2                    LAB_174D
C7F2  C9 90             	CMP	#TK_RETURN		; compare the byte with the token for RETURN
C7F4  D0 03             	BNE	LAB_174G		; if it wasn't RETURN go interpret BASIC code from (Bpntrl)
                        					; and return to this code to process any following code

C7F6  4C 0FC6           	JMP	LAB_1602		; else it was RETURN so interpret BASIC code from (Bpntrl)
                        					; but don't return here

C7F9                    LAB_174G
C7F9  20 0DC6           	JSR	LAB_15FF		; interpret BASIC code from (Bpntrl)

                        ; the IF was executed and there may be a following ELSE so the code needs to return
                        ; here to check and ignore the ELSE if present

C7FC  A0 00             	LDY	#$00			; clear the index
C7FE  B1 C3             	LDA	(Bpntrl),Y		; get the next BASIC byte
C800  C9 AD             	CMP	#TK_ELSE		; compare it with the token for ELSE
C802  F0 99             	BEQ	LAB_DATA		; if ELSE ignore the following statement

                        ; there was no ELSE so continue execution of IF <expr> THEN <stat> [: <stat>]. any
                        ; following ELSE will, correctly, cause a syntax error

C804  60                	RTS				; else return to the interpreter inner loop

                        ; perform ELSE after IF

C805                    LAB_174E
C805  A0 00             	LDY	#$00			; clear the BASIC byte index
C807  A2 01             	LDX	#$01			; clear the nesting depth
C809                    LAB_1750
C809  C8                	INY				; increment the BASIC byte index
C80A  B1 C3             	LDA	(Bpntrl),Y		; get the next BASIC byte
C80C  F0 0F             	BEQ	LAB_1753		; if EOL go add the pointer and return

C80E  C9 8B             	CMP	#TK_IF		; compare the byte with the token for IF
C810  D0 03             	BNE	LAB_1752		; if not IF token skip the depth increment

C812  E8                	INX				; else increment the nesting depth ..
C813  D0 F4             	BNE	LAB_1750		; .. and continue looking

C815                    LAB_1752
C815  C9 AD             	CMP	#TK_ELSE		; compare the byte with the token for ELSE
C817  D0 F0             	BNE	LAB_1750		; if not ELSE token continue looking

C819  CA                	DEX				; was ELSE so decrement the nesting depth
C81A  D0 ED             	BNE	LAB_1750		; loop if still nested

C81C  C8                	INY				; increment the BASIC byte index past the ELSE

                        ; found the matching ELSE, now do <{n|statement}>

C81D                    LAB_1753
C81D  98                	TYA				; else copy line index to A
C81E  18                	CLC				; clear carry for add
C81F  65 C3             	ADC	Bpntrl		; add the BASIC execute pointer low byte
C821  85 C3             	STA	Bpntrl		; save the BASIC execute pointer low byte
C823  90 02             	BCC	LAB_1754		; branch if no overflow to high byte

C825  E6 C4             	INC	Bpntrh		; else increment the BASIC execute pointer high byte
C827                    LAB_1754
C827  20 C200           	JSR	LAB_GBYT		; scan memory
C82A  90 C3             	BCC	LAB_174C		; if numeric do GOTO n
                        					; the code will return to the interpreter loop at the
                        					; tail end of the GOTO <n>

C82C  4C 0DC6           	JMP	LAB_15FF		; interpret BASIC code from (Bpntrl)
                        					; the code will return to the interpreter loop at the
                        					; tail end of the <statement>

                        ; perform REM, skip (rest of) line

C82F                    LAB_REM
C82F  20 B1C7           	JSR	LAB_SNBL		; scan for next BASIC line
C832  4C A0C7           	JMP	LAB_170F		; go set BASIC execute pointer and return, branch always

C835                    LAB_16FD
C835  4C 13CD           	JMP	LAB_SNER		; do syntax error then warm start

                        ; perform ON

C838                    LAB_ON
C838  C9 A9             	CMP	#TK_IRQ		; was it IRQ token ?
C83A  D0 03             	BNE	LAB_NOIN		; if not go check NMI

C83C  4C 3FE0           	JMP	LAB_SIRQ		; else go set-up IRQ

C83F                    LAB_NOIN
C83F  C9 AA             	CMP	#TK_NMI		; was it NMI token ?
C841  D0 03             	BNE	LAB_NONM		; if not go do normal ON command

C843  4C 43E0           	JMP	LAB_SNMI		; else go set-up NMI

C846                    LAB_NONM
C846  20 9DD5           	JSR	LAB_GTBY		; get byte parameter
C849  48                	PHA				; push GOTO/GOSUB token
C84A  C9 8D             	CMP	#TK_GOSUB		; compare with GOSUB token
C84C  F0 04             	BEQ	LAB_176B		; branch if GOSUB

C84E  C9 89             	CMP	#TK_GOTO		; compare with GOTO token
C850                    LAB_1767
C850  D0 E3             	BNE	LAB_16FD		; if not GOTO do syntax error then warm start


                        ; next character was GOTO or GOSUB

C852                    LAB_176B
C852  C6 AF             	DEC	FAC1_3		; decrement index (byte value)
C854  D0 04             	BNE	LAB_1773		; branch if not zero

C856  68                	PLA				; pull GOTO/GOSUB token
C857  4C 0FC6           	JMP	LAB_1602		; go execute it

C85A                    LAB_1773
C85A  20 BC00           	JSR	LAB_IGBY		; increment and scan memory
C85D  20 66C8           	JSR	LAB_GFPN		; get fixed-point number into temp integer (skip this n)
                        					; (we could LDX #',' and JSR LAB_SNBL+2, then we
                        					; just BNE LAB_176B for the loop. should be quicker ..
                        					; no we can't, what if we meet a colon or [EOL]?)
C860  C9 2C             	CMP	#$2C			; compare next character with ","
C862  F0 EE             	BEQ	LAB_176B		; loop if ","

C864                    LAB_177E
C864  68                	PLA				; else pull keyword token (run out of options)
                        					; also dump +/-1 pointer low byte and exit
C865                    LAB_177F
C865  60                	RTS

                        ; takes n * 106 + 11 cycles where n is the number of digits

                        ; get fixed-point number into temp integer

C866                    LAB_GFPN
C866  A2 00             	LDX	#$00			; clear reg
C868  86 11             	STX	Itempl		; clear temporary integer low byte
C86A                    LAB_1785
C86A  86 12             	STX	Itemph		; save temporary integer high byte
C86C  B0 F7             	BCS	LAB_177F		; return if carry set, end of scan, character was
                        					; not 0-9

C86E  E0 19             	CPX	#$19			; compare high byte with $19
C870  A8                	TAY				; ensure Zb = 0 if the branch is taken
C871  B0 DD             	BCS	LAB_1767		; branch if >=, makes max line # 63999 because next
                        					; bit does *$0A, = 64000, compare at target will fail
                        					; and do syntax error

C873  E9 2F             	SBC	#'0'-1		; subtract "0", $2F + carry, from byte
C875  A8                	TAY				; copy binary digit
C876  A5 11             	LDA	Itempl		; get temporary integer low byte
C878  0A                	ASL				; *2 low byte
C879  26 12             	ROL	Itemph		; *2 high byte
C87B  0A                	ASL				; *2 low byte
C87C  26 12             	ROL	Itemph		; *2 high byte, *4
C87E  65 11             	ADC	Itempl		; + low byte, *5
C880  85 11             	STA	Itempl		; save it
C882  8A                	TXA				; get high byte copy to A
C883  65 12             	ADC	Itemph		; + high byte, *5
C885  06 11             	ASL	Itempl		; *2 low byte, *10d
C887  2A                	ROL				; *2 high byte, *10d
C888  AA                	TAX				; copy high byte back to X
C889  98                	TYA				; get binary digit back
C88A  65 11             	ADC	Itempl		; add number low byte
C88C  85 11             	STA	Itempl		; save number low byte
C88E  90 01             	BCC	LAB_17B3		; if no overflow to high byte get next character

C890  E8                	INX				; else increment high byte
C891                    LAB_17B3
C891  20 BC00           	JSR	LAB_IGBY		; increment and scan memory
C894  4C 6AC8           	JMP	LAB_1785		; loop for next character

                        ; perform DEC

C897                    LAB_DEC
C897  A9 E7             	LDA	#<LAB_2AFD		; set -1 pointer low byte
C899  2C                	.byte	$2C			; BIT abs to skip the LDA below

                        ; perform INC

C89A                    LAB_INC
C89A  A9 E3             	LDA	#<LAB_259C		; set 1 pointer low byte
C89C                    LAB_17B5
C89C  48                	PHA				; save +/-1 pointer low byte
C89D                    LAB_17B7
C89D  20 BBCE           	JSR	LAB_GVAR		; get var address
C8A0  A6 5F             	LDX	Dtypef		; get data type flag, $FF=string, $00=numeric
C8A2  30 1E             	BMI	IncrErr		; exit if string

C8A4  85 97             	STA	Lvarpl		; save var address low byte
C8A6  84 98             	STY	Lvarph		; save var address high byte
C8A8  20 8ED9           	JSR	LAB_UFAC		; unpack memory (AY) into FAC1
C8AB  68                	PLA				; get +/-1 pointer low byte
C8AC  48                	PHA				; save +/-1 pointer low byte
C8AD  A0 E2             	LDY	#>LAB_259C		; set +/-1 pointer high byte (both the same)
C8AF  20 CFD6           	JSR	LAB_246C		; add (AY) to FAC1
C8B2  20 B4D9           	JSR	LAB_PFAC		; pack FAC1 into variable (Lvarpl)

C8B5  20 C200           	JSR	LAB_GBYT		; scan memory
C8B8  C9 2C             	CMP	#','			; compare with ","
C8BA  D0 A8             	BNE	LAB_177E		; exit if not "," (either end or error)

                        					; was "," so another INCR variable to do
C8BC  20 BC00           	JSR	LAB_IGBY		; increment and scan memory
C8BF  4C 9DC8           	JMP	LAB_17B7		; go do next var

C8C2                    IncrErr
C8C2  4C EDCB           	JMP	LAB_1ABC		; do "Type mismatch" error then warm start

                        ; perform LET

C8C5                    LAB_LET
C8C5  20 BBCE           	JSR	LAB_GVAR		; get var address
C8C8  85 97             	STA	Lvarpl		; save var address low byte
C8CA  84 98             	STY	Lvarph		; save var address high byte
C8CC  A9 C2             	LDA	#TK_EQUAL		; get = token
C8CE  20 02CD           	JSR	LAB_SCCA		; scan for CHR$(A), else do syntax error then warm start
C8D1  A5 5F             	LDA	Dtypef		; get data type flag, $FF=string, $00=numeric
C8D3  48                	PHA				; push data type flag
C8D4  20 F2CB           	JSR	LAB_EVEX		; evaluate expression
C8D7  68                	PLA				; pop data type flag
C8D8  2A                	ROL				; set carry if type = string
C8D9  20 E4CB           	JSR	LAB_CKTM		; type match check, set C for string
C8DC  D0 03             	BNE	LAB_17D5		; branch if string

C8DE  4C B4D9           	JMP	LAB_PFAC		; pack FAC1 into variable (Lvarpl) and return

                        ; string LET

C8E1                    LAB_17D5
C8E1  A0 02             	LDY	#$02			; set index to pointer high byte
C8E3  B1 AE             	LDA	(des_pl),Y		; get string pointer high byte
C8E5  C5 82             	CMP	Sstorh		; compare bottom of string space high byte
C8E7  90 17             	BCC	LAB_17F4		; if less assign value and exit (was in program memory)

C8E9  D0 07             	BNE	LAB_17E6		; branch if >
                        					; else was equal so compare low bytes
C8EB  88                	DEY				; decrement index
C8EC  B1 AE             	LDA	(des_pl),Y		; get pointer low byte
C8EE  C5 81             	CMP	Sstorl		; compare bottom of string space low byte
C8F0  90 0E             	BCC	LAB_17F4		; if less assign value and exit (was in program memory)

                        					; pointer was >= to bottom of string space pointer
C8F2                    LAB_17E6
C8F2  A4 AF             	LDY	des_ph		; get descriptor pointer high byte
C8F4  C4 7C             	CPY	Svarh			; compare start of vars high byte
C8F6  90 08             	BCC	LAB_17F4		; branch if less (descriptor is on stack)

C8F8  D0 0D             	BNE	LAB_17FB		; branch if greater (descriptor is not on stack)

                        					; else high bytes were equal so ..
C8FA  A5 AE             	LDA	des_pl		; get descriptor pointer low byte
C8FC  C5 7B             	CMP	Svarl			; compare start of vars low byte
C8FE  B0 07             	BCS	LAB_17FB		; branch if >= (descriptor is not on stack)

C900                    LAB_17F4
C900  A5 AE             	LDA	des_pl		; get descriptor pointer low byte
C902  A4 AF             	LDY	des_ph		; get descriptor pointer high byte
C904  4C 1DC9           	JMP	LAB_1811		; clean stack, copy descriptor to variable and return

                        					; make space and copy string
C907                    LAB_17FB
C907  A0 00             	LDY	#$00			; index to length
C909  B1 AE             	LDA	(des_pl),Y		; get string length
C90B  20 43D2           	JSR	LAB_209C		; copy string
C90E  A5 9E             	LDA	des_2l		; get descriptor pointer low byte
C910  A4 9F             	LDY	des_2h		; get descriptor pointer high byte
C912  85 B8             	STA	ssptr_l		; save descriptor pointer low byte
C914  84 B9             	STY	ssptr_h		; save descriptor pointer high byte
C916  20 22D4           	JSR	LAB_228A		; copy string from descriptor (sdescr) to (Sutill)
C919  A9 AC             	LDA	#<FAC1_e		; set descriptor pointer low byte
C91B  A0 00             	LDY	#>FAC1_e		; get descriptor pointer high byte

                        					; clean stack and assign value to string variable
C91D                    LAB_1811
C91D  85 9E             	STA	des_2l		; save descriptor_2 pointer low byte
C91F  84 9F             	STY	des_2h		; save descriptor_2 pointer high byte
C921  20 84D4           	JSR	LAB_22EB		; clean descriptor stack, YA = pointer
C924  A0 00             	LDY	#$00			; index to length
C926  B1 9E             	LDA	(des_2l),Y		; get string length
C928  91 97             	STA	(Lvarpl),Y		; copy to let string variable
C92A  C8                	INY				; index to string pointer low byte
C92B  B1 9E             	LDA	(des_2l),Y		; get string pointer low byte
C92D  91 97             	STA	(Lvarpl),Y		; copy to let string variable
C92F  C8                	INY				; index to string pointer high byte
C930  B1 9E             	LDA	(des_2l),Y		; get string pointer high byte
C932  91 97             	STA	(Lvarpl),Y		; copy to let string variable
C934  60                	RTS

                        ; perform GET

C935                    LAB_GET
C935  20 BBCE           	JSR	LAB_GVAR		; get var address
C938  85 97             	STA	Lvarpl		; save var address low byte
C93A  84 98             	STY	Lvarph		; save var address high byte
C93C  20 07E0           	JSR	INGET			; get input byte
C93F  A6 5F             	LDX	Dtypef		; get data type flag, $FF=string, $00=numeric
C941  30 07             	BMI	LAB_GETS		; go get string character

                        					; was numeric get
C943  A8                	TAY				; copy character to Y
C944  20 77D1           	JSR	LAB_1FD0		; convert Y to byte in FAC1
C947  4C B4D9           	JMP	LAB_PFAC		; pack FAC1 into variable (Lvarpl) and return

C94A                    LAB_GETS
C94A  48                	PHA				; save character
C94B  A9 01             	LDA	#$01			; string is single byte
C94D  B0 01             	BCS	LAB_IsByte		; branch if byte received

C94F  68                	PLA				; string is null
C950                    LAB_IsByte
C950  20 4BD2           	JSR	LAB_MSSP		; make string space A bytes long A=$AC=length,
                        					; X=$AD=Sutill=ptr low byte, Y=$AE=Sutilh=ptr high byte
C953  F0 05             	BEQ	LAB_NoSt		; skip store if null string

C955  68                	PLA				; get character back
C956  A0 00             	LDY	#$00			; clear index
C958  91 AD             	STA	(str_pl),Y		; save byte in string (byte IS string!)
C95A                    LAB_NoSt
C95A  20 96D2           	JSR	LAB_RTST		; check for space on descriptor stack then put address
                        					; and length on descriptor stack and update stack pointers

C95D  4C E1C8           	JMP	LAB_17D5		; do string LET and return

                        ; perform PRINT

C960                    LAB_1829
C960  20 E7C9           	JSR	LAB_18C6		; print string from Sutill/Sutilh
C963                    LAB_182C
C963  20 C200           	JSR	LAB_GBYT		; scan memory

                        ; PRINT

C966                    LAB_PRINT
C966  F0 3B             	BEQ	LAB_CRLF		; if nothing following just print CR/LF

C968                    LAB_1831
C968  C9 AC             	CMP	#TK_TAB		; compare with TAB( token
C96A  F0 56             	BEQ	LAB_18A2		; go do TAB/SPC

C96C  C9 B0             	CMP	#TK_SPC		; compare with SPC( token
C96E  F0 52             	BEQ	LAB_18A2		; go do TAB/SPC

C970  C9 2C             	CMP	#','			; compare with ","
C972  F0 38             	BEQ	LAB_188B		; go do move to next TAB mark

C974  C9 3B             	CMP	#';'			; compare with ";"
C976  F0 66             	BEQ	LAB_18BD		; if ";" continue with PRINT processing

C978  20 F2CB           	JSR	LAB_EVEX		; evaluate expression
C97B  24 5F             	BIT	Dtypef		; test data type flag, $FF=string, $00=numeric
C97D  30 E1             	BMI	LAB_1829		; branch if string

C97F  20 A6DB           	JSR	LAB_296E		; convert FAC1 to string
C982  20 55D2           	JSR	LAB_20AE		; print " terminated string to Sutill/Sutilh
C985  A0 00             	LDY	#$00			; clear index

                        ; don't check fit if terminal width byte is zero

C987  A5 0F             	LDA	TWidth		; get terminal width byte
C989  F0 0A             	BEQ	LAB_185E		; skip check if zero

C98B  38                	SEC				; set carry for subtract
C98C  E5 0E             	SBC	TPos			; subtract terminal position
C98E  F1 AE             	SBC	(des_pl),Y		; subtract string length
C990  B0 03             	BCS	LAB_185E		; branch if less than terminal width

C992  20 A3C9           	JSR	LAB_CRLF		; else print CR/LF
C995                    LAB_185E
C995  20 E7C9           	JSR	LAB_18C6		; print string from Sutill/Sutilh
C998  F0 C9             	BEQ	LAB_182C		; always go continue processing line

                        ; CR/LF return to BASIC from BASIC input handler

C99A                    LAB_1866
C99A  A9 00             	LDA	#$00			; clear byte
C99C  9D 2102           	STA	Ibuffs,X		; null terminate input
C99F  A2 21             	LDX	#<Ibuffs		; set X to buffer start-1 low byte
C9A1  A0 02             	LDY	#>Ibuffs		; set Y to buffer start-1 high byte

                        ; print CR/LF

C9A3                    LAB_CRLF
C9A3  A9 0D             	LDA	#$0D			; load [CR]
C9A5  20 FEC9           	JSR	LAB_PRNA		; go print the character
C9A8  A9 0A             	LDA	#$0A			; load [LF]
C9AA  D0 52             	BNE	LAB_PRNA		; go print the character and return, branch always

C9AC                    LAB_188B
C9AC  A5 0E             	LDA	TPos			; get terminal position
C9AE  C5 10             	CMP	Iclim			; compare with input column limit
C9B0  90 05             	BCC	LAB_1897		; branch if less

C9B2  20 A3C9           	JSR	LAB_CRLF		; else print CR/LF (next line)
C9B5  D0 27             	BNE	LAB_18BD		; continue with PRINT processing (branch always)

C9B7                    LAB_1897
C9B7  38                	SEC				; set carry for subtract
C9B8                    LAB_1898
C9B8  E5 64             	SBC	TabSiz		; subtract TAB size
C9BA  B0 FC             	BCS	LAB_1898		; loop if result was +ve

C9BC  49 FF             	EOR	#$FF			; complement it
C9BE  69 01             	ADC	#$01			; +1 (twos complement)
C9C0  D0 12             	BNE	LAB_18B6		; always print A spaces (result is never $00)

                        					; do TAB/SPC
C9C2                    LAB_18A2
C9C2  48                	PHA				; save token
C9C3  20 9AD5           	JSR	LAB_SGBY		; scan and get byte parameter
C9C6  C9 29             	CMP	#$29			; is next character )
C9C8  D0 7B             	BNE	LAB_1910		; if not do syntax error then warm start

C9CA  68                	PLA				; get token back
C9CB  C9 AC             	CMP	#TK_TAB		; was it TAB ?
C9CD  D0 06             	BNE	LAB_18B7		; if not go do SPC

                        					; calculate TAB offset
C9CF  8A                	TXA				; copy integer value to A
C9D0  E5 0E             	SBC	TPos			; subtract terminal position
C9D2  90 0A             	BCC	LAB_18BD		; branch if result was < 0 (can't TAB backwards)

                        					; print A spaces
C9D4                    LAB_18B6
C9D4  AA                	TAX				; copy result to X
C9D5                    LAB_18B7
C9D5  8A                	TXA				; set flags on size for SPC
C9D6  F0 06             	BEQ	LAB_18BD		; branch if result was = $0, already here

                        					; print X spaces
C9D8                    LAB_18BA
C9D8  20 F9C9           	JSR	LAB_18E0		; print " "
C9DB  CA                	DEX				; decrement count
C9DC  D0 FA             	BNE	LAB_18BA		; loop if not all done

                        					; continue with PRINT processing
C9DE                    LAB_18BD
C9DE  20 BC00           	JSR	LAB_IGBY		; increment and scan memory
C9E1  D0 85             	BNE	LAB_1831		; if more to print go do it

C9E3  60                	RTS

                        ; print null terminated string from memory

C9E4                    LAB_18C3
C9E4  20 55D2           	JSR	LAB_20AE		; print " terminated string to Sutill/Sutilh

                        ; print string from Sutill/Sutilh

C9E7                    LAB_18C6
C9E7  20 4FD4           	JSR	LAB_22B6		; pop string off descriptor stack, or from top of string
                        					; space returns with A = length, X=$71=pointer low byte,
                        					; Y=$72=pointer high byte
C9EA  A0 00             	LDY	#$00			; reset index
C9EC  AA                	TAX				; copy length to X
C9ED  F0 49             	BEQ	LAB_188C		; exit (RTS) if null string

C9EF                    LAB_18CD

C9EF  B1 71             	LDA	(ut1_pl),Y		; get next byte
C9F1  20 FEC9           	JSR	LAB_PRNA		; go print the character
C9F4  C8                	INY				; increment index
C9F5  CA                	DEX				; decrement count
C9F6  D0 F7             	BNE	LAB_18CD		; loop if not done yet

C9F8  60                	RTS

                        					; Print single format character
                        ; print " "

C9F9                    LAB_18E0
C9F9  A9 20             	LDA	#$20			; load " "
C9FB  2C                	.byte	$2C			; change next line to BIT LAB_3FA9

                        ; print "?" character

C9FC                    LAB_18E3
C9FC  A9 3F             	LDA	#$3F			; load "?" character

                        ; print character in A
                        ; now includes the null handler
                        ; also includes infinite line length code
                        ; note! some routines expect this one to exit with Zb=0

C9FE                    LAB_PRNA
C9FE  C9 20             	CMP	#' '			; compare with " "
CA00  90 19             	BCC	LAB_18F9		; branch if less (non printing)

                        					; else printable character
CA02  48                	PHA				; save the character

                        ; don't check fit if terminal width byte is zero

CA03  A5 0F             	LDA	TWidth		; get terminal width
CA05  D0 0A             	BNE	LAB_18F0		; branch if not zero (not infinite length)

                        ; is "infinite line" so check TAB position

CA07  A5 0E             	LDA	TPos			; get position
CA09  E5 64             	SBC	TabSiz		; subtract TAB size, carry set by CMP #$20 above
CA0B  D0 0B             	BNE	LAB_18F7		; skip reset if different

CA0D  85 0E             	STA	TPos			; else reset position
CA0F  F0 07             	BEQ	LAB_18F7		; go print character

CA11                    LAB_18F0
CA11  C5 0E             	CMP	TPos			; compare with terminal character position
CA13  D0 03             	BNE	LAB_18F7		; branch if not at end of line

CA15  20 A3C9           	JSR	LAB_CRLF		; else print CR/LF
CA18                    LAB_18F7
CA18  E6 0E             	INC	TPos			; increment terminal position
CA1A  68                	PLA				; get character back
CA1B                    LAB_18F9
CA1B  20 F4E1           	JSR	V_OUTP		; output byte via output vector
CA1E  C9 0D             	CMP	#$0D			; compare with [CR]
CA20  D0 14             	BNE	LAB_188A		; branch if not [CR]

                        					; else print nullct nulls after the [CR]
CA22  86 78             	STX	TempB			; save buffer index
CA24  A6 0D             	LDX	Nullct		; get null count
CA26  F0 0A             	BEQ	LAB_1886		; branch if no nulls

CA28  A9 00             	LDA	#$00			; load [NULL]
CA2A                    LAB_1880
CA2A  20 FEC9           	JSR	LAB_PRNA		; go print the character
CA2D  CA                	DEX				; decrement count
CA2E  D0 FA             	BNE	LAB_1880		; loop if not all done

CA30  A9 0D             	LDA	#$0D			; restore the character (and set the flags)
CA32                    LAB_1886
CA32  86 0E             	STX	TPos			; clear terminal position (X always = zero when we get here)
CA34  A6 78             	LDX	TempB			; restore buffer index
CA36                    LAB_188A
CA36  29 FF             	AND	#$FF			; set the flags
CA38                    LAB_188C
CA38  60                	RTS

                        ; handle bad input data

CA39                    LAB_1904
CA39  A5 62             	LDA	Imode			; get input mode flag, $00=INPUT, $00=READ
CA3B  10 0B             	BPL	LAB_1913		; branch if INPUT (go do redo)

CA3D  A5 8D             	LDA	Dlinel		; get current DATA line low byte
CA3F  A4 8E             	LDY	Dlineh		; get current DATA line high byte
CA41  85 87             	STA	Clinel		; save current line low byte
CA43  84 88             	STY	Clineh		; save current line high byte
CA45                    LAB_1910
CA45  4C 13CD           	JMP	LAB_SNER		; do syntax error then warm start

                        					; mode was INPUT
CA48                    LAB_1913
CA48  A9 1E             	LDA	#<LAB_REDO		; point to redo message (low addr)
CA4A  A0 E9             	LDY	#>LAB_REDO		; point to redo message (high addr)
CA4C  20 E4C9           	JSR	LAB_18C3		; print null terminated string from memory
CA4F  A5 8B             	LDA	Cpntrl		; get continue pointer low byte
CA51  A4 8C             	LDY	Cpntrh		; get continue pointer high byte
CA53  85 C3             	STA	Bpntrl		; save BASIC execute pointer low byte
CA55  84 C4             	STY	Bpntrh		; save BASIC execute pointer high byte
CA57  60                	RTS

                        ; perform INPUT

CA58                    LAB_INPUT
CA58  C9 22             	CMP	#$22			; compare next byte with open quote
CA5A  D0 0B             	BNE	LAB_1934		; branch if no prompt string

CA5C  20 CFCC           	JSR	LAB_1BC1		; print "..." string
CA5F  A9 3B             	LDA	#$3B			; load A with ";"
CA61  20 02CD           	JSR	LAB_SCCA		; scan for CHR$(A), else do syntax error then warm start
CA64  20 E7C9           	JSR	LAB_18C6		; print string from Sutill/Sutilh

                        					; done with prompt, now get data
CA67                    LAB_1934
CA67  20 7BD1           	JSR	LAB_CKRN		; check not Direct, back here if ok
CA6A  20 46C3           	JSR	LAB_INLN		; print "? " and get BASIC input
CA6D  A9 00             	LDA	#$00			; set mode = INPUT
CA6F  CD 2102           	CMP	Ibuffs		; test first byte in buffer
CA72  D0 0A             	BNE	LAB_1953		; branch if not null input

CA74  18                	CLC				; was null input so clear carry to exit program
CA75  4C 3DC6           	JMP	LAB_1647		; go do BREAK exit

                        ; perform READ

CA78                    LAB_READ
CA78  A6 8F             	LDX	Dptrl			; get DATA pointer low byte
CA7A  A4 90             	LDY	Dptrh			; get DATA pointer high byte
CA7C  A9 80             	LDA	#$80			; set mode = READ

CA7E                    LAB_1953
CA7E  85 62             	STA	Imode			; set input mode flag, $00=INPUT, $80=READ
CA80  86 91             	STX	Rdptrl		; save READ pointer low byte
CA82  84 92             	STY	Rdptrh		; save READ pointer high byte

                        					; READ or INPUT next variable from list
CA84                    LAB_195B
CA84  20 BBCE           	JSR	LAB_GVAR		; get (var) address
CA87  85 97             	STA	Lvarpl		; save address low byte
CA89  84 98             	STY	Lvarph		; save address high byte
CA8B  A5 C3             	LDA	Bpntrl		; get BASIC execute pointer low byte
CA8D  A4 C4             	LDY	Bpntrh		; get BASIC execute pointer high byte
CA8F  85 11             	STA	Itempl		; save as temporary integer low byte
CA91  84 12             	STY	Itemph		; save as temporary integer high byte
CA93  A6 91             	LDX	Rdptrl		; get READ pointer low byte
CA95  A4 92             	LDY	Rdptrh		; get READ pointer high byte
CA97  86 C3             	STX	Bpntrl		; set BASIC execute pointer low byte
CA99  84 C4             	STY	Bpntrh		; set BASIC execute pointer high byte
CA9B  20 C200           	JSR	LAB_GBYT		; scan memory
CA9E  D0 11             	BNE	LAB_1988		; branch if not null

                        					; pointer was to null entry
CAA0  24 62             	BIT	Imode			; test input mode flag, $00=INPUT, $80=READ
CAA2  30 65             	BMI	LAB_19DD		; branch if READ

                        					; mode was INPUT
CAA4  20 FCC9           	JSR	LAB_18E3		; print "?" character (double ? for extended input)
CAA7  20 46C3           	JSR	LAB_INLN		; print "? " and get BASIC input
CAAA  86 C3             	STX	Bpntrl		; set BASIC execute pointer low byte
CAAC  84 C4             	STY	Bpntrh		; set BASIC execute pointer high byte
CAAE                    LAB_1985
CAAE  20 C200           	JSR	LAB_GBYT		; scan memory
CAB1                    LAB_1988
CAB1  24 5F             	BIT	Dtypef		; test data type flag, $FF=string, $00=numeric
CAB3  10 24             	BPL	LAB_19B0		; branch if numeric

                        					; else get string
CAB5  85 5B             	STA	Srchc			; save search character
CAB7  C9 22             	CMP	#$22			; was it " ?
CAB9  F0 07             	BEQ	LAB_1999		; branch if so

CABB  A9 3A             	LDA	#':'			; else search character is ":"
CABD  85 5B             	STA	Srchc			; set new search character
CABF  A9 2C             	LDA	#','			; other search character is ","
CAC1  18                	CLC				; clear carry for add
CAC2                    LAB_1999
CAC2  85 5C             	STA	Asrch			; set second search character
CAC4  A5 C3             	LDA	Bpntrl		; get BASIC execute pointer low byte
CAC6  A4 C4             	LDY	Bpntrh		; get BASIC execute pointer high byte

CAC8  69 00             	ADC	#$00			; c is =1 if we came via the BEQ LAB_1999, else =0
CACA  90 01             	BCC	LAB_19A4		; branch if no execute pointer low byte rollover

CACC  C8                	INY				; else increment high byte
CACD                    LAB_19A4
CACD  20 5BD2           	JSR	LAB_20B4		; print Srchc or Asrch terminated string to Sutill/Sutilh
CAD0  20 E0D5           	JSR	LAB_23F3		; restore BASIC execute pointer from temp (Btmpl/Btmph)
CAD3  20 E1C8           	JSR	LAB_17D5		; go do string LET
CAD6  4C DFCA           	JMP	LAB_19B6		; go check string terminator

                        					; get numeric INPUT
CAD9                    LAB_19B0
CAD9  20 B7DA           	JSR	LAB_2887		; get FAC1 from string
CADC  20 B4D9           	JSR	LAB_PFAC		; pack FAC1 into (Lvarpl)
CADF                    LAB_19B6
CADF  20 C200           	JSR	LAB_GBYT		; scan memory
CAE2  F0 0A             	BEQ	LAB_19C5		; branch if null (last entry)

CAE4  C9 2C             	CMP	#','			; else compare with ","
CAE6  F0 03             	BEQ	LAB_19C2		; branch if ","

CAE8  4C 39CA           	JMP	LAB_1904		; else go handle bad input data

                        					; got good input data
CAEB                    LAB_19C2
CAEB  20 BC00           	JSR	LAB_IGBY		; increment and scan memory
CAEE                    LAB_19C5
CAEE  A5 C3             	LDA	Bpntrl		; get BASIC execute pointer low byte (temp READ/INPUT ptr)
CAF0  A4 C4             	LDY	Bpntrh		; get BASIC execute pointer high byte (temp READ/INPUT ptr)
CAF2  85 91             	STA	Rdptrl		; save for now
CAF4  84 92             	STY	Rdptrh		; save for now
CAF6  A5 11             	LDA	Itempl		; get temporary integer low byte (temp BASIC execute ptr)
CAF8  A4 12             	LDY	Itemph		; get temporary integer high byte (temp BASIC execute ptr)
CAFA  85 C3             	STA	Bpntrl		; set BASIC execute pointer low byte
CAFC  84 C4             	STY	Bpntrh		; set BASIC execute pointer high byte
CAFE  20 C200           	JSR	LAB_GBYT		; scan memory
CB01  F0 2C             	BEQ	LAB_1A03		; if null go do extra ignored message

CB03  20 0FCD           	JSR	LAB_1C01		; else scan for "," , else do syntax error then warm start
CB06  4C 84CA           	JMP	LAB_195B		; go INPUT next variable from list

                        					; find next DATA statement or do "Out of DATA" error
CB09                    LAB_19DD
CB09  20 AEC7           	JSR	LAB_SNBS		; scan for next BASIC statement ([:] or [EOL])
CB0C  C8                	INY				; increment index
CB0D  AA                	TAX				; copy character ([:] or [EOL])
CB0E  D0 12             	BNE	LAB_19F6		; branch if [:]

CB10  A2 06             	LDX	#$06			; set for "Out of DATA" error
CB12  C8                	INY				; increment index, now points to next line pointer high byte
CB13  B1 C3             	LDA	(Bpntrl),Y		; get next line pointer high byte
CB15  F0 73             	BEQ	LAB_1A54		; branch if end (eventually does error X)

CB17  C8                	INY				; increment index
CB18  B1 C3             	LDA	(Bpntrl),Y		; get next line # low byte
CB1A  85 8D             	STA	Dlinel		; save current DATA line low byte
CB1C  C8                	INY				; increment index
CB1D  B1 C3             	LDA	(Bpntrl),Y		; get next line # high byte
CB1F  C8                	INY				; increment index
CB20  85 8E             	STA	Dlineh		; save current DATA line high byte
CB22                    LAB_19F6
CB22  B1 C3             	LDA	(Bpntrl),Y		; get byte
CB24  C8                	INY				; increment index
CB25  AA                	TAX				; copy to X
CB26  20 A0C7           	JSR	LAB_170F		; set BASIC execute pointer
CB29  E0 83             	CPX	#TK_DATA		; compare with "DATA" token
CB2B  F0 81             	BEQ	LAB_1985		; was "DATA" so go do next READ

CB2D  D0 DA             	BNE	LAB_19DD		; go find next statement if not "DATA"

                        ; end of INPUT/READ routine

CB2F                    LAB_1A03
CB2F  A5 91             	LDA	Rdptrl		; get temp READ pointer low byte
CB31  A4 92             	LDY	Rdptrh		; get temp READ pointer high byte
CB33  A6 62             	LDX	Imode			; get input mode flag, $00=INPUT, $80=READ
CB35  10 03             	BPL	LAB_1A0E		; branch if INPUT

CB37  4C 5FC6           	JMP	LAB_1624		; save AY as DATA pointer and return

                        					; we were getting INPUT
CB3A                    LAB_1A0E
CB3A  A0 00             	LDY	#$00			; clear index
CB3C  B1 91             	LDA	(Rdptrl),Y		; get next byte
CB3E  D0 01             	BNE	LAB_1A1B		; error if not end of INPUT

CB40  60                	RTS

                        					; user typed too much
CB41                    LAB_1A1B
CB41  A9 0D             	LDA	#<LAB_IMSG		; point to extra ignored message (low addr)
CB43  A0 E9             	LDY	#>LAB_IMSG		; point to extra ignored message (high addr)
CB45  4C E4C9           	JMP	LAB_18C3		; print null terminated string from memory and return

                        ; search the stack for FOR activity
                        ; exit with z=1 if FOR else exit with z=0

CB48                    LAB_11A1
CB48  BA                	TSX				; copy stack pointer
CB49  E8                	INX				; +1 pass return address
CB4A  E8                	INX				; +2 pass return address
CB4B  E8                	INX				; +3 pass calling routine return address
CB4C  E8                	INX				; +4 pass calling routine return address
CB4D                    LAB_11A6
CB4D  BD 0101           	LDA	LAB_STAK+1,X	; get token byte from stack
CB50  C9 81             	CMP	#TK_FOR		; is it FOR token
CB52  D0 21             	BNE	LAB_11CE		; exit if not FOR token

                        					; was FOR token
CB54  A5 98             	LDA	Frnxth		; get var pointer for FOR/NEXT high byte
CB56  D0 0A             	BNE	LAB_11BB		; branch if not null

CB58  BD 0201           	LDA	LAB_STAK+2,X	; get FOR variable pointer low byte
CB5B  85 97             	STA	Frnxtl		; save var pointer for FOR/NEXT low byte
CB5D  BD 0301           	LDA	LAB_STAK+3,X	; get FOR variable pointer high byte
CB60  85 98             	STA	Frnxth		; save var pointer for FOR/NEXT high byte
CB62                    LAB_11BB
CB62  DD 0301           	CMP	LAB_STAK+3,X	; compare var pointer with stacked var pointer (high byte)
CB65  D0 07             	BNE	LAB_11C7		; branch if no match

CB67  A5 97             	LDA	Frnxtl		; get var pointer for FOR/NEXT low byte
CB69  DD 0201           	CMP	LAB_STAK+2,X	; compare var pointer with stacked var pointer (low byte)
CB6C  F0 07             	BEQ	LAB_11CE		; exit if match found

CB6E                    LAB_11C7
CB6E  8A                	TXA				; copy index
CB6F  18                	CLC				; clear carry for add
CB70  69 10             	ADC	#$10			; add FOR stack use size
CB72  AA                	TAX				; copy back to index
CB73  D0 D8             	BNE	LAB_11A6		; loop if not at start of stack

CB75                    LAB_11CE
CB75  60                	RTS

                        ; perform NEXT

CB76                    LAB_NEXT
CB76  D0 04             	BNE	LAB_1A46		; branch if NEXT var

CB78  A0 00             	LDY	#$00			; else clear Y
CB7A  F0 03             	BEQ	LAB_1A49		; branch always (no variable to search for)

                        ; NEXT var

CB7C                    LAB_1A46
CB7C  20 BBCE           	JSR	LAB_GVAR		; get variable address
CB7F                    LAB_1A49
CB7F  85 97             	STA	Frnxtl		; store variable pointer low byte
CB81  84 98             	STY	Frnxth		; store variable pointer high byte
                        					; (both cleared if no variable defined)
CB83  20 48CB           	JSR	LAB_11A1		; search the stack for FOR activity
CB86  F0 04             	BEQ	LAB_1A56		; branch if found

CB88  A2 00             	LDX	#$00			; else set error $00 ("NEXT without FOR" error)
CB8A                    LAB_1A54
CB8A  F0 63             	BEQ	LAB_1ABE		; do error #X, then warm start

CB8C                    LAB_1A56
CB8C  9A                	TXS				; set stack pointer, X set by search, dumps return addresses

CB8D  8A                	TXA				; copy stack pointer
CB8E  38                	SEC				; set carry for subtract
CB8F  E9 F7             	SBC	#$F7			; point to TO var
CB91  85 73             	STA	ut2_pl		; save pointer to TO var for compare
CB93  69 FB             	ADC	#$FB			; point to STEP var

CB95  A0 01             	LDY	#>LAB_STAK		; point to stack page high byte
CB97  20 8ED9           	JSR	LAB_UFAC		; unpack memory (STEP value) into FAC1
CB9A  BA                	TSX				; get stack pointer back
CB9B  BD 0801           	LDA	LAB_STAK+8,X	; get step sign
CB9E  85 B0             	STA	FAC1_s		; save FAC1 sign (b7)
CBA0  A5 97             	LDA	Frnxtl		; get FOR variable pointer low byte
CBA2  A4 98             	LDY	Frnxth		; get FOR variable pointer high byte
CBA4  20 CFD6           	JSR	LAB_246C		; add (FOR variable) to FAC1
CBA7  20 B4D9           	JSR	LAB_PFAC		; pack FAC1 into (FOR variable)
CBAA  A0 01             	LDY	#>LAB_STAK		; point to stack page high byte
CBAC  20 2ADA           	JSR	LAB_27FA		; compare FAC1 with (Y,ut2_pl) (TO value)
CBAF  BA                	TSX				; get stack pointer back
CBB0  DD 0801           	CMP	LAB_STAK+8,X	; compare step sign
CBB3  F0 17             	BEQ	LAB_1A9B		; branch if = (loop complete)

                        					; loop back and do it all again
CBB5  BD 0D01           	LDA	LAB_STAK+$0D,X	; get FOR line low byte
CBB8  85 87             	STA	Clinel		; save current line low byte
CBBA  BD 0E01           	LDA	LAB_STAK+$0E,X	; get FOR line high byte
CBBD  85 88             	STA	Clineh		; save current line high byte
CBBF  BD 1001           	LDA	LAB_STAK+$10,X	; get BASIC execute pointer low byte
CBC2  85 C3             	STA	Bpntrl		; save BASIC execute pointer low byte
CBC4  BD 0F01           	LDA	LAB_STAK+$0F,X	; get BASIC execute pointer high byte
CBC7  85 C4             	STA	Bpntrh		; save BASIC execute pointer high byte
CBC9                    LAB_1A98
CBC9  4C CDC5           	JMP	LAB_15C2		; go do interpreter inner loop

                        					; loop complete so carry on
CBCC                    LAB_1A9B
CBCC  8A                	TXA				; stack copy to A
CBCD  69 0F             	ADC	#$0F			; add $10 ($0F+carry) to dump FOR structure
CBCF  AA                	TAX				; copy back to index
CBD0  9A                	TXS				; copy to stack pointer
CBD1  20 C200           	JSR	LAB_GBYT		; scan memory
CBD4  C9 2C             	CMP	#','			; compare with ","
CBD6  D0 F1             	BNE	LAB_1A98		; branch if not "," (go do interpreter inner loop)

                        					; was "," so another NEXT variable to do
CBD8  20 BC00           	JSR	LAB_IGBY		; else increment and scan memory
CBDB  20 7CCB           	JSR	LAB_1A46		; do NEXT (var)

                        ; evaluate expression and check is numeric, else do type mismatch

CBDE                    LAB_EVNM
CBDE  20 F2CB           	JSR	LAB_EVEX		; evaluate expression

                        ; check if source is numeric, else do type mismatch

CBE1                    LAB_CTNM
CBE1  18                	CLC				; destination is numeric
CBE2  24                	.byte	$24			; makes next line BIT $38

                        ; check if source is string, else do type mismatch

CBE3                    LAB_CTST
CBE3  38                	SEC				; required type is string

                        ; type match check, set C for string, clear C for numeric

CBE4                    LAB_CKTM
CBE4  24 5F             	BIT	Dtypef		; test data type flag, $FF=string, $00=numeric
CBE6  30 03             	BMI	LAB_1ABA		; branch if data type is string

                        					; else data type was numeric
CBE8  B0 03             	BCS	LAB_1ABC		; if required type is string do type mismatch error
CBEA                    LAB_1AB9
CBEA  60                	RTS

                        					; data type was string, now check required type
CBEB                    LAB_1ABA
CBEB  B0 FD             	BCS	LAB_1AB9		; exit if required type is string

                        					; else do type mismatch error
CBED                    LAB_1ABC
CBED  A2 18             	LDX	#$18			; error code $18 ("Type mismatch" error)
CBEF                    LAB_1ABE
CBEF  4C 42C2           	JMP	LAB_XERR		; do error #X, then warm start

                        ; evaluate expression

CBF2                    LAB_EVEX
CBF2  A6 C3             	LDX	Bpntrl		; get BASIC execute pointer low byte
CBF4  D0 02             	BNE	LAB_1AC7		; skip next if not zero

CBF6  C6 C4             	DEC	Bpntrh		; else decrement BASIC execute pointer high byte
CBF8                    LAB_1AC7
CBF8  C6 C3             	DEC	Bpntrl		; decrement BASIC execute pointer low byte

CBFA                    LAB_EVEZ
CBFA  A9 00             	LDA	#$00			; set null precedence (flag done)
CBFC                    LAB_1ACC
CBFC  48                	PHA				; push precedence byte
CBFD  A9 02             	LDA	#$02			; 2 bytes
CBFF  20 09C2           	JSR	LAB_1212		; check room on stack for A bytes
CC02  20 DECC           	JSR	LAB_GVAL		; get value from line
CC05  A9 00             	LDA	#$00			; clear A
CC07  85 9B             	STA	comp_f		; clear compare function flag
CC09                    LAB_1ADB
CC09  20 C200           	JSR	LAB_GBYT		; scan memory
CC0C                    LAB_1ADE
CC0C  38                	SEC				; set carry for subtract
CC0D  E9 C1             	SBC	#TK_GT		; subtract token for > (lowest comparison function)
CC0F  90 17             	BCC	LAB_1AFA		; branch if < TK_GT

CC11  C9 03             	CMP	#$03			; compare with ">" to "<" tokens
CC13  B0 13             	BCS	LAB_1AFA		; branch if >= TK_SGN (highest evaluation function +1)

                        					; was token for > = or < (A = 0, 1 or 2)
CC15  C9 01             	CMP	#$01			; compare with token for =
CC17  2A                	ROL				; *2, b0 = carry (=1 if token was = or <)
                        					; (A = 0, 3 or 5)
CC18  49 01             	EOR	#$01			; toggle b0
                        					; (A = 1, 2 or 4. 1 if >, 2 if =, 4 if <)
CC1A  45 9B             	EOR	comp_f		; EOR with compare function flag bits
CC1C  C5 9B             	CMP	comp_f		; compare with compare function flag
CC1E  90 67             	BCC	LAB_1B53		; if <(comp_f) do syntax error then warm start
                        					; was more than one <, = or >)

CC20  85 9B             	STA	comp_f		; save new compare function flag
CC22  20 BC00           	JSR	LAB_IGBY		; increment and scan memory
CC25  4C 0CCC           	JMP	LAB_1ADE		; go do next character

                        					; token is < ">" or > "<" tokens
CC28                    LAB_1AFA
CC28  A6 9B             	LDX	comp_f		; get compare function flag
CC2A  D0 2C             	BNE	LAB_1B2A		; branch if compare function

CC2C  B0 79             	BCS	LAB_1B78		; go do functions

                        					; else was <  TK_GT so is operator or lower
CC2E  69 0A             	ADC	#TK_GT-TK_PLUS	; add # of operators (+, -, *, /, ^, AND, OR or EOR)
CC30  90 75             	BCC	LAB_1B78		; branch if < + operator

                        					; carry was set so token was +, -, *, /, ^, AND, OR or EOR
CC32  D0 07             	BNE	LAB_1B0B		; branch if not + token

CC34  24 5F             	BIT	Dtypef		; test data type flag, $FF=string, $00=numeric
CC36  10 03             	BPL	LAB_1B0B		; branch if not string

                        					; will only be $00 if type is string and token was +
CC38  4C E5D3           	JMP	LAB_224D		; add strings, string 1 is in descriptor des_pl, string 2
                        					; is in line, and return

CC3B                    LAB_1B0B
CC3B  85 71             	STA	ut1_pl		; save it
CC3D  0A                	ASL				; *2
CC3E  65 71             	ADC	ut1_pl		; *3
CC40  A8                	TAY				; copy to index
CC41                    LAB_1B13
CC41  68                	PLA				; pull previous precedence
CC42  D9 EEE3           	CMP	LAB_OPPT,Y		; compare with precedence byte
CC45  B0 65             	BCS	LAB_1B7D		; branch if A >=

CC47  20 E1CB           	JSR	LAB_CTNM		; check if source is numeric, else do type mismatch
CC4A                    LAB_1B1C
CC4A  48                	PHA				; save precedence
CC4B                    LAB_1B1D
CC4B  20 73CC           	JSR	LAB_1B43		; get vector, execute function then continue evaluation
CC4E  68                	PLA				; restore precedence
CC4F  A4 99             	LDY	prstk			; get precedence stacked flag
CC51  10 19             	BPL	LAB_1B3C		; branch if stacked values

CC53  AA                	TAX				; copy precedence (set flags)
CC54  F0 76             	BEQ	LAB_1B9D		; exit if done

CC56  D0 5D             	BNE	LAB_1B86		; else pop FAC2 and return, branch always

CC58                    LAB_1B2A
CC58  26 5F             	ROL	Dtypef		; shift data type flag into Cb
CC5A  8A                	TXA				; copy compare function flag
CC5B  85 5F             	STA	Dtypef		; clear data type flag, X is 0xxx xxxx
CC5D  2A                	ROL				; shift data type into compare function byte b0
CC5E  A6 C3             	LDX	Bpntrl		; get BASIC execute pointer low byte
CC60  D0 02             	BNE	LAB_1B34		; branch if no underflow

CC62  C6 C4             	DEC	Bpntrh		; else decrement BASIC execute pointer high byte
CC64                    LAB_1B34
CC64  C6 C3             	DEC	Bpntrl		; decrement BASIC execute pointer low byte
      = 000C            TK_LT_PLUS	= TK_LT-TK_PLUS
CC66  A0 24             	LDY	#TK_LT_PLUS*3	; set offset to last operator entry
CC68  85 9B             	STA	comp_f		; save new compare function flag
CC6A  D0 D5             	BNE	LAB_1B13		; branch always

CC6C                    LAB_1B3C
CC6C  D9 EEE3           	CMP	LAB_OPPT,Y		;.compare with stacked function precedence
CC6F  B0 44             	BCS	LAB_1B86		; branch if A >=, pop FAC2 and return

CC71  90 D7             	BCC	LAB_1B1C		; branch always

                        ;.get vector, execute function then continue evaluation

CC73                    LAB_1B43
CC73  B9 F0E3           	LDA	LAB_OPPT+2,Y	; get function vector high byte
CC76  48                	PHA				; onto stack
CC77  B9 EFE3           	LDA	LAB_OPPT+1,Y	; get function vector low byte
CC7A  48                	PHA				; onto stack
                        					; now push sign, round FAC1 and put on stack
CC7B  20 8ACC           	JSR	LAB_1B5B		; function will return here, then the next RTS will call
                        					; the function
CC7E  A5 9B             	LDA	comp_f		; get compare function flag
CC80  48                	PHA				; push compare evaluation byte
CC81  B9 EEE3           	LDA	LAB_OPPT,Y		; get precedence byte
CC84  4C FCCB           	JMP	LAB_1ACC		; continue evaluating expression

CC87                    LAB_1B53
CC87  4C 13CD           	JMP	LAB_SNER		; do syntax error then warm start

                        ; push sign, round FAC1 and put on stack

CC8A                    LAB_1B5B
CC8A  68                	PLA				; get return addr low byte
CC8B  85 71             	STA	ut1_pl		; save it
CC8D  E6 71             	INC	ut1_pl		; increment it (was ret-1 pushed? yes!)
                        					; note! no check is made on the high byte! if the calling
                        					; routine assembles to a page edge then this all goes
                        					; horribly wrong !!!
CC8F  68                	PLA				; get return addr high byte
CC90  85 72             	STA	ut1_ph		; save it
CC92  A5 B0             	LDA	FAC1_s		; get FAC1 sign (b7)
CC94  48                	PHA				; push sign

                        ; round FAC1 and put on stack

CC95                    LAB_1B66
CC95  20 EAD9           	JSR	LAB_27BA		; round FAC1
CC98  A5 AF             	LDA	FAC1_3		; get FAC1 mantissa3
CC9A  48                	PHA				; push on stack
CC9B  A5 AE             	LDA	FAC1_2		; get FAC1 mantissa2
CC9D  48                	PHA				; push on stack
CC9E  A5 AD             	LDA	FAC1_1		; get FAC1 mantissa1
CCA0  48                	PHA				; push on stack
CCA1  A5 AC             	LDA	FAC1_e		; get FAC1 exponent
CCA3  48                	PHA				; push on stack
CCA4  6C 7100           	JMP	(ut1_pl)		; return, sort of

                        ; do functions

CCA7                    LAB_1B78
CCA7  A0 FF             	LDY	#$FF			; flag function
CCA9  68                	PLA				; pull precedence byte
CCAA                    LAB_1B7B
CCAA  F0 20             	BEQ	LAB_1B9D		; exit if done

CCAC                    LAB_1B7D
CCAC  C9 64             	CMP	#$64			; compare previous precedence with $64
CCAE  F0 03             	BEQ	LAB_1B84		; branch if was $64 (< function)

CCB0  20 E1CB           	JSR	LAB_CTNM		; check if source is numeric, else do type mismatch
CCB3                    LAB_1B84
CCB3  84 99             	STY	prstk			; save precedence stacked flag

                        					; pop FAC2 and return
CCB5                    LAB_1B86
CCB5  68                	PLA				; pop byte
CCB6  4A                	LSR				; shift out comparison evaluation lowest bit
CCB7  85 63             	STA	Cflag			; save comparison evaluation flag
CCB9  68                	PLA				; pop exponent
CCBA  85 B3             	STA	FAC2_e		; save FAC2 exponent
CCBC  68                	PLA				; pop mantissa1
CCBD  85 B4             	STA	FAC2_1		; save FAC2 mantissa1
CCBF  68                	PLA				; pop mantissa2
CCC0  85 B5             	STA	FAC2_2		; save FAC2 mantissa2
CCC2  68                	PLA				; pop mantissa3
CCC3  85 B6             	STA	FAC2_3		; save FAC2 mantissa3
CCC5  68                	PLA				; pop sign
CCC6  85 B7             	STA	FAC2_s		; save FAC2 sign (b7)
CCC8  45 B0             	EOR	FAC1_s		; EOR FAC1 sign (b7)
CCCA  85 B8             	STA	FAC_sc		; save sign compare (FAC1 EOR FAC2)
CCCC                    LAB_1B9D
CCCC  A5 AC             	LDA	FAC1_e		; get FAC1 exponent
CCCE  60                	RTS

                        ; print "..." string to string util area

CCCF                    LAB_1BC1
CCCF  A5 C3             	LDA	Bpntrl		; get BASIC execute pointer low byte
CCD1  A4 C4             	LDY	Bpntrh		; get BASIC execute pointer high byte
CCD3  69 00             	ADC	#$00			; add carry to low byte
CCD5  90 01             	BCC	LAB_1BCA		; branch if no overflow

CCD7  C8                	INY				; increment high byte
CCD8                    LAB_1BCA
CCD8  20 55D2           	JSR	LAB_20AE		; print " terminated string to Sutill/Sutilh
CCDB  4C E0D5           	JMP	LAB_23F3		; restore BASIC execute pointer from temp and return

                        ; get value from line

CCDE                    LAB_GVAL
CCDE  20 BC00           	JSR	LAB_IGBY		; increment and scan memory
CCE1  B0 03             	BCS	LAB_1BAC		; branch if not numeric character

                        					; else numeric string found (e.g. 123)
CCE3                    LAB_1BA9
CCE3  4C B7DA           	JMP	LAB_2887		; get FAC1 from string and return

                        ; get value from line .. continued

                        					; wasn't a number so ..
CCE6                    LAB_1BAC
CCE6  AA                	TAX				; set the flags
CCE7  30 2F             	BMI	LAB_1BD0		; if -ve go test token values

                        					; else it is either a string, number, variable or (<expr>)
CCE9  C9 24             	CMP	#'$'			; compare with "$"
CCEB  F0 F6             	BEQ	LAB_1BA9		; branch if "$", hex number

CCED  C9 25             	CMP	#'%'			; else compare with "%"
CCEF  F0 F2             	BEQ	LAB_1BA9		; branch if "%", binary number

CCF1  C9 2E             	CMP	#'.'			; compare with "."
CCF3  F0 EE             	BEQ	LAB_1BA9		; if so get FAC1 from string and return (e.g. was .123)

                        					; it wasn't any sort of number so ..
CCF5  C9 22             	CMP	#$22			; compare with "
CCF7  F0 D6             	BEQ	LAB_1BC1		; branch if open quote

                        					; wasn't any sort of number so ..

                        ; evaluate expression within parentheses

CCF9  C9 28             	CMP	#'('			; compare with "("
CCFB  D0 4F             	BNE	LAB_1C18		; if not "(" get (var), return value in FAC1 and $ flag

CCFD                    LAB_1BF7
CCFD  20 FACB           	JSR	LAB_EVEZ		; evaluate expression, no decrement

                        ; all the 'scan for' routines return the character after the sought character

                        ; scan for ")" , else do syntax error then warm start

CD00                    LAB_1BFB
CD00  A9 29             	LDA	#$29			; load A with ")"

                        ; scan for CHR$(A) , else do syntax error then warm start

CD02                    LAB_SCCA
CD02  A0 00             	LDY	#$00			; clear index
CD04  D1 C3             	CMP	(Bpntrl),Y		; check next byte is = A
CD06  D0 0B             	BNE	LAB_SNER		; if not do syntax error then warm start

CD08  4C BC00           	JMP	LAB_IGBY		; increment and scan memory then return

                        ; scan for "(" , else do syntax error then warm start

CD0B                    LAB_1BFE
CD0B  A9 28             	LDA	#$28			; load A with "("
CD0D  D0 F3             	BNE	LAB_SCCA		; scan for CHR$(A), else do syntax error then warm start
                        					; (branch always)

                        ; scan for "," , else do syntax error then warm start

CD0F                    LAB_1C01
CD0F  A9 2C             	LDA	#$2C			; load A with ","
CD11  D0 EF             	BNE	LAB_SCCA		; scan for CHR$(A), else do syntax error then warm start
                        					; (branch always)

                        ; syntax error then warm start

CD13                    LAB_SNER
CD13  A2 02             	LDX	#$02			; error code $02 ("Syntax" error)
CD15  4C 42C2           	JMP	LAB_XERR		; do error #X, then warm start

                        ; get value from line .. continued
                        ; do tokens

CD18                    LAB_1BD0
CD18  C9 B8             	CMP	#TK_MINUS		; compare with token for -
CD1A  F0 29             	BEQ	LAB_1C11		; branch if - token (do set-up for functions)

                        					; wasn't -n so ..
CD1C  C9 B7             	CMP	#TK_PLUS		; compare with token for +
CD1E  F0 BE             	BEQ	LAB_GVAL		; branch if + token (+n = n so ignore leading +)

CD20  C9 B2             	CMP	#TK_NOT		; compare with token for NOT
CD22  D0 13             	BNE	LAB_1BE7		; branch if not token for NOT

                        					; was NOT token
      = 000B            TK_EQUAL_PLUS	= TK_EQUAL-TK_PLUS
CD24  A0 21             	LDY	#TK_EQUAL_PLUS*3	; offset to NOT function
CD26  D0 1F             	BNE	LAB_1C13		; do set-up for function then execute (branch always)

                        ; do = compare

CD28                    LAB_EQUAL
CD28  20 B7CF           	JSR	LAB_EVIR		; evaluate integer expression (no sign check)
CD2B  A5 AF             	LDA	FAC1_3		; get FAC1 mantissa3
CD2D  49 FF             	EOR	#$FF			; invert it
CD2F  A8                	TAY				; copy it
CD30  A5 AE             	LDA	FAC1_2		; get FAC1 mantissa2
CD32  49 FF             	EOR	#$FF			; invert it
CD34  4C 6AD1           	JMP	LAB_AYFC		; save and convert integer AY to FAC1 and return

                        ; get value from line .. continued

                        					; wasn't +, -, or NOT so ..
CD37                    LAB_1BE7
CD37  C9 AF             	CMP	#TK_FN		; compare with token for FN
CD39  D0 03             	BNE	LAB_1BEE		; branch if not token for FN

CD3B  4C C5D1           	JMP	LAB_201E		; go evaluate FNx

                        ; get value from line .. continued

                        					; wasn't +, -, NOT or FN so ..
CD3E                    LAB_1BEE
CD3E  E9 C4             	SBC	#TK_SGN		; subtract with token for SGN
CD40  B0 19             	BCS	LAB_1C27		; if a function token go do it

CD42  4C 13CD           	JMP	LAB_SNER		; else do syntax error

                        ; set-up for functions

CD45                    LAB_1C11
      = 000A            TK_GT_PLUS	= TK_GT-TK_PLUS
CD45  A0 1E             	LDY	#TK_GT_PLUS*3	; set offset from base to > operator
CD47                    LAB_1C13
CD47  68                	PLA				; dump return address low byte
CD48  68                	PLA				; dump return address high byte
CD49  4C 4BCC           	JMP	LAB_1B1D		; execute function then continue evaluation

                        ; variable name set-up
                        ; get (var), return value in FAC_1 and $ flag

CD4C                    LAB_1C18
CD4C  20 BBCE           	JSR	LAB_GVAR		; get (var) address
CD4F  85 AE             	STA	FAC1_2		; save address low byte in FAC1 mantissa2
CD51  84 AF             	STY	FAC1_3		; save address high byte in FAC1 mantissa3
CD53  A6 5F             	LDX	Dtypef		; get data type flag, $FF=string, $00=numeric
CD55  30 03             	BMI	LAB_1C25		; if string then return (does RTS)

CD57                    LAB_1C24
CD57  4C 8ED9           	JMP	LAB_UFAC		; unpack memory (AY) into FAC1

CD5A                    LAB_1C25
CD5A  60                	RTS

                        ; get value from line .. continued
                        ; only functions left so ..

                        ; set up function references

                        ; new for V2.0+ this replaces a lot of IF .. THEN .. ELSEIF .. THEN .. that was needed
                        ; to process function calls. now the function vector is computed and pushed on the stack
                        ; and the preprocess offset is read. if the preprocess offset is non zero then the vector
                        ; is calculated and the routine called, if not this routine just does RTS. whichever
                        ; happens the RTS at the end of this routine, or the end of the preprocess routine, calls
                        ; the function code

                        ; this also removes some less than elegant code that was used to bypass type checking
                        ; for functions that returned strings

CD5B                    LAB_1C27
CD5B  0A                	ASL				; *2 (2 bytes per function address)
CD5C  A8                	TAY				; copy to index

CD5D  B9 A9E3           	LDA	LAB_FTBM,Y		; get function jump vector high byte
CD60  48                	PHA				; push functions jump vector high byte
CD61  B9 A8E3           	LDA	LAB_FTBL,Y		; get function jump vector low byte
CD64  48                	PHA				; push functions jump vector low byte

CD65  B9 63E3           	LDA	LAB_FTPM,Y		; get function pre process vector high byte
CD68  F0 05             	BEQ	LAB_1C56		; skip pre process if null vector

CD6A  48                	PHA				; push functions pre process vector high byte
CD6B  B9 62E3           	LDA	LAB_FTPL,Y		; get function pre process vector low byte
CD6E  48                	PHA				; push functions pre process vector low byte

CD6F                    LAB_1C56
CD6F  60                	RTS				; do function, or pre process, call

                        ; process string expression in parenthesis

CD70                    LAB_PPFS
CD70  20 FDCC           	JSR	LAB_1BF7		; process expression in parenthesis
CD73  4C E3CB           	JMP	LAB_CTST		; check if source is string then do function,
                        					; else do type mismatch

                        ; process numeric expression in parenthesis

CD76                    LAB_PPFN
CD76  20 FDCC           	JSR	LAB_1BF7		; process expression in parenthesis
CD79  4C E1CB           	JMP	LAB_CTNM		; check if source is numeric then do function,
                        					; else do type mismatch

                        ; set numeric data type and increment BASIC execute pointer

CD7C                    LAB_PPBI
CD7C  46 5F             	LSR	Dtypef		; clear data type flag, $FF=string, $00=numeric
CD7E  4C BC00           	JMP	LAB_IGBY		; increment and scan memory then do function

                        ; process string for LEFT$, RIGHT$ or MID$

CD81                    LAB_LRMS
CD81  20 FACB           	JSR	LAB_EVEZ		; evaluate (should be string) expression
CD84  20 0FCD           	JSR	LAB_1C01		; scan for ",", else do syntax error then warm start
CD87  20 E3CB           	JSR	LAB_CTST		; check if source is string, else do type mismatch

CD8A  68                	PLA				; get function jump vector low byte
CD8B  AA                	TAX				; save functions jump vector low byte
CD8C  68                	PLA				; get function jump vector high byte
CD8D  A8                	TAY				; save functions jump vector high byte
CD8E  A5 AF             	LDA	des_ph		; get descriptor pointer high byte
CD90  48                	PHA				; push string pointer high byte
CD91  A5 AE             	LDA	des_pl		; get descriptor pointer low byte
CD93  48                	PHA				; push string pointer low byte
CD94  98                	TYA				; get function jump vector high byte back
CD95  48                	PHA				; save functions jump vector high byte
CD96  8A                	TXA				; get function jump vector low byte back
CD97  48                	PHA				; save functions jump vector low byte
CD98  20 9DD5           	JSR	LAB_GTBY		; get byte parameter
CD9B  8A                	TXA				; copy byte parameter to A
CD9C  60                	RTS				; go do function

                        ; process numeric expression(s) for BIN$ or HEX$

CD9D                    LAB_BHSS
CD9D  20 FACB           	JSR	LAB_EVEZ		; process expression
CDA0  20 E1CB           	JSR	LAB_CTNM		; check if source is numeric, else do type mismatch
CDA3  A5 AC             	LDA	FAC1_e		; get FAC1 exponent
CDA5  C9 98             	CMP	#$98			; compare with exponent = 2^24
CDA7  B0 20             	BCS	LAB_BHER		; branch if n>=2^24 (is too big)

CDA9  20 61DA           	JSR	LAB_2831		; convert FAC1 floating-to-fixed
CDAC  A2 02             	LDX	#$02			; 3 bytes to do
CDAE                    LAB_CFAC
CDAE  B5 AD             	LDA	FAC1_1,X		; get byte from FAC1
CDB0  95 11             	STA	nums_1,X		; save byte to temp
CDB2  CA                	DEX				; decrement index
CDB3  10 F9             	BPL	LAB_CFAC		; copy FAC1 mantissa to temp

CDB5  20 C200           	JSR	LAB_GBYT		; get next BASIC byte
CDB8  A2 00             	LDX	#$00			; set default to no leading "0"s
CDBA  C9 29             	CMP	#')'			; compare with close bracket
CDBC  F0 0A             	BEQ	LAB_1C54		; if ")" go do rest of function

CDBE  20 EFD5           	JSR	LAB_SCGB		; scan for "," and get byte
CDC1  20 C200           	JSR	LAB_GBYT		; get last byte back
CDC4  C9 29             	CMP	#')'			; is next character )
CDC6  D0 01             	BNE	LAB_BHER		; if not ")" go do error

CDC8                    LAB_1C54
CDC8  60                	RTS				; else do function

CDC9                    LAB_BHER
CDC9  4C 3AD0           	JMP	LAB_FCER		; do function call error then warm start

                        ; perform EOR

                        ; added operator format is the same as AND or OR, precedence is the same as OR

                        ; this bit worked first time but it took a while to sort out the operator table
                        ; pointers and offsets afterwards!

CDCC                    LAB_EOR
CDCC  20 F3CD           	JSR	GetFirst		; get first integer expression (no sign check)
CDCF  45 5B             	EOR	XOAw_l		; EOR with expression 1 low byte
CDD1  A8                	TAY				; save in Y
CDD2  A5 AE             	LDA	FAC1_2		; get FAC1 mantissa2
CDD4  45 5C             	EOR	XOAw_h		; EOR with expression 1 high byte
CDD6  4C 6AD1           	JMP	LAB_AYFC		; save and convert integer AY to FAC1 and return

                        ; perform OR

CDD9                    LAB_OR
CDD9  20 F3CD           	JSR	GetFirst		; get first integer expression (no sign check)
CDDC  05 5B             	ORA	XOAw_l		; OR with expression 1 low byte
CDDE  A8                	TAY				; save in Y
CDDF  A5 AE             	LDA	FAC1_2		; get FAC1 mantissa2
CDE1  05 5C             	ORA	XOAw_h		; OR with expression 1 high byte
CDE3  4C 6AD1           	JMP	LAB_AYFC		; save and convert integer AY to FAC1 and return

                        ; perform AND

CDE6                    LAB_AND
CDE6  20 F3CD           	JSR	GetFirst		; get first integer expression (no sign check)
CDE9  25 5B             	AND	XOAw_l		; AND with expression 1 low byte
CDEB  A8                	TAY				; save in Y
CDEC  A5 AE             	LDA	FAC1_2		; get FAC1 mantissa2
CDEE  25 5C             	AND	XOAw_h		; AND with expression 1 high byte
CDF0  4C 6AD1           	JMP	LAB_AYFC		; save and convert integer AY to FAC1 and return

                        ; get first value for OR, AND or EOR

CDF3                    GetFirst
CDF3  20 B7CF           	JSR	LAB_EVIR		; evaluate integer expression (no sign check)
CDF6  A5 AE             	LDA	FAC1_2		; get FAC1 mantissa2
CDF8  85 5C             	STA	XOAw_h		; save it
CDFA  A5 AF             	LDA	FAC1_3		; get FAC1 mantissa3
CDFC  85 5B             	STA	XOAw_l		; save it
CDFE  20 D4D6           	JSR	LAB_279B		; copy FAC2 to FAC1 (get 2nd value in expression)
CE01  20 B7CF           	JSR	LAB_EVIR		; evaluate integer expression (no sign check)
CE04  A5 AF             	LDA	FAC1_3		; get FAC1 mantissa3
CE06                    LAB_1C95
CE06  60                	RTS

                        ; perform comparisons

                        ; do < compare

CE07                    LAB_LTHAN
CE07  20 E4CB           	JSR	LAB_CKTM		; type match check, set C for string
CE0A  B0 13             	BCS	LAB_1CAE		; branch if string

                        					; do numeric < compare
CE0C  A5 B7             	LDA	FAC2_s		; get FAC2 sign (b7)
CE0E  09 7F             	ORA	#$7F			; set all non sign bits
CE10  25 B4             	AND	FAC2_1		; and FAC2 mantissa1 (AND in sign bit)
CE12  85 B4             	STA	FAC2_1		; save FAC2 mantissa1
CE14  A9 B3             	LDA	#<FAC2_e		; set pointer low byte to FAC2
CE16  A0 00             	LDY	#>FAC2_e		; set pointer high byte to FAC2
CE18  20 28DA           	JSR	LAB_27F8		; compare FAC1 with FAC2 (AY)
CE1B  AA                	TAX				; copy result
CE1C  4C 50CE           	JMP	LAB_1CE1		; go evaluate result

                        					; do string < compare
CE1F                    LAB_1CAE
CE1F  46 5F             	LSR	Dtypef		; clear data type flag, $FF=string, $00=numeric
CE21  C6 9B             	DEC	comp_f		; clear < bit in compare function flag
CE23  20 4FD4           	JSR	LAB_22B6		; pop string off descriptor stack, or from top of string
                        					; space returns with A = length, X=pointer low byte,
                        					; Y=pointer high byte
CE26  85 AC             	STA	str_ln		; save length
CE28  86 AD             	STX	str_pl		; save string pointer low byte
CE2A  84 AE             	STY	str_ph		; save string pointer high byte
CE2C  A5 B5             	LDA	FAC2_2		; get descriptor pointer low byte
CE2E  A4 B6             	LDY	FAC2_3		; get descriptor pointer high byte
CE30  20 53D4           	JSR	LAB_22BA		; pop (YA) descriptor off stack or from top of string space
                        					; returns with A = length, X=pointer low byte,
                        					; Y=pointer high byte
CE33  86 B5             	STX	FAC2_2		; save string pointer low byte
CE35  84 B6             	STY	FAC2_3		; save string pointer high byte
CE37  AA                	TAX				; copy length
CE38  38                	SEC				; set carry for subtract
CE39  E5 AC             	SBC	str_ln		; subtract string 1 length
CE3B  F0 08             	BEQ	LAB_1CD6		; branch if str 1 length = string 2 length

CE3D  A9 01             	LDA	#$01			; set str 1 length > string 2 length
CE3F  90 04             	BCC	LAB_1CD6		; branch if so

CE41  A6 AC             	LDX	str_ln		; get string 1 length
CE43  A9 FF             	LDA	#$FF			; set str 1 length < string 2 length
CE45                    LAB_1CD6
CE45  85 B0             	STA	FAC1_s		; save length compare
CE47  A0 FF             	LDY	#$FF			; set index
CE49  E8                	INX				; adjust for loop
CE4A                    LAB_1CDB
CE4A  C8                	INY				; increment index
CE4B  CA                	DEX				; decrement count
CE4C  D0 07             	BNE	LAB_1CE6		; branch if still bytes to do

CE4E  A6 B0             	LDX	FAC1_s		; get length compare back
CE50                    LAB_1CE1
CE50  30 0F             	BMI	LAB_1CF2		; branch if str 1 < str 2

CE52  18                	CLC				; flag str 1 <= str 2
CE53  90 0C             	BCC	LAB_1CF2		; go evaluate result

CE55                    LAB_1CE6
CE55  B1 B5             	LDA	(FAC2_2),Y		; get string 2 byte
CE57  D1 AD             	CMP	(FAC1_1),Y		; compare with string 1 byte
CE59  F0 EF             	BEQ	LAB_1CDB		; loop if bytes =

CE5B  A2 FF             	LDX	#$FF			; set str 1 < string 2
CE5D  B0 02             	BCS	LAB_1CF2		; branch if so

CE5F  A2 01             	LDX	#$01			;  set str 1 > string 2
CE61                    LAB_1CF2
CE61  E8                	INX				; x = 0, 1 or 2
CE62  8A                	TXA				; copy to A
CE63  2A                	ROL				; *2 (1, 2 or 4)
CE64  25 63             	AND	Cflag			; AND with comparison evaluation flag
CE66  F0 02             	BEQ	LAB_1CFB		; branch if 0 (compare is false)

CE68  A9 FF             	LDA	#$FF			; else set result true
CE6A                    LAB_1CFB
CE6A  4C 0BDA           	JMP	LAB_27DB		; save A as integer byte and return

CE6D                    LAB_1CFE
CE6D  20 0FCD           	JSR	LAB_1C01		; scan for ",", else do syntax error then warm start

                        ; perform DIM

CE70                    LAB_DIM
CE70  AA                	TAX				; copy "DIM" flag to X
CE71  20 C0CE           	JSR	LAB_1D10		; search for variable
CE74  20 C200           	JSR	LAB_GBYT		; scan memory
CE77  D0 F4             	BNE	LAB_1CFE		; scan for "," and loop if not null

CE79  60                	RTS

                        ; perform << (left shift)

CE7A                    LAB_LSHIFT
CE7A  20 B0CE           	JSR	GetPair		; get integer expression and byte (no sign check)
CE7D  A5 AE             	LDA	FAC1_2		; get expression high byte
CE7F  A6 78             	LDX	TempB			; get shift count
CE81  F0 22             	BEQ	NoShift		; branch if zero

CE83  E0 10             	CPX	#$10			; compare bit count with 16d
CE85  B0 23             	BCS	TooBig		; branch if >=

CE87                    Ls_loop
CE87  06 AF             	ASL	FAC1_3		; shift low byte
CE89  2A                	ROL				; shift high byte
CE8A  CA                	DEX				; decrement bit count
CE8B  D0 FA             	BNE	Ls_loop		; loop if shift not complete

CE8D  A4 AF             	LDY	FAC1_3		; get expression low byte
CE8F  4C 6AD1           	JMP	LAB_AYFC		; save and convert integer AY to FAC1 and return

                        ; perform >> (right shift)

CE92                    LAB_RSHIFT
CE92  20 B0CE           	JSR	GetPair		; get integer expression and byte (no sign check)
CE95  A5 AE             	LDA	FAC1_2		; get expression high byte
CE97  A6 78             	LDX	TempB			; get shift count
CE99  F0 0A             	BEQ	NoShift		; branch if zero

CE9B  E0 10             	CPX	#$10			; compare bit count with 16d
CE9D  B0 0B             	BCS	TooBig		; branch if >=

CE9F                    Rs_loop
CE9F  4A                	LSR				; shift high byte
CEA0  66 AF             	ROR	FAC1_3		; shift low byte
CEA2  CA                	DEX				; decrement bit count
CEA3  D0 FA             	BNE	Rs_loop		; loop if shift not complete

CEA5                    NoShift
CEA5  A4 AF             	LDY	FAC1_3		; get expression low byte
CEA7  4C 6AD1           	JMP	LAB_AYFC		; save and convert integer AY to FAC1 and return

CEAA                    TooBig
CEAA  A9 00             	LDA	#$00			; clear high byte
CEAC  A8                	TAY				; copy to low byte
CEAD  4C 6AD1           	JMP	LAB_AYFC		; save and convert integer AY to FAC1 and return

CEB0                    GetPair
CEB0  20 A0D5           	JSR	LAB_EVBY		; evaluate byte expression, result in X
CEB3  86 78             	STX	TempB			; save it
CEB5  20 D4D6           	JSR	LAB_279B		; copy FAC2 to FAC1 (get 2nd value in expression)
CEB8  4C B7CF           	JMP	LAB_EVIR		; evaluate integer expression (no sign check)

                        ; search for variable

                        ; return pointer to variable in Cvaral/Cvarah

CEBB                    LAB_GVAR
CEBB  A2 00             	LDX	#$00			; set DIM flag = $00
CEBD  20 C200           	JSR	LAB_GBYT		; scan memory (1st character)
CEC0                    LAB_1D10
CEC0  86 5E             	STX	Defdim		; save DIM flag
CEC2                    LAB_1D12
CEC2  85 93             	STA	Varnm1		; save 1st character
CEC4  29 7F             	AND	#$7F			; clear FN flag bit
CEC6  20 2FCF           	JSR	LAB_CASC		; check byte, return C=0 if<"A" or >"Z"
CEC9  B0 03             	BCS	LAB_1D1F		; branch if ok

CECB  4C 13CD           	JMP	LAB_SNER		; else syntax error then warm start

                        					; was variable name so ..
CECE                    LAB_1D1F
CECE  A2 00             	LDX	#$00			; clear 2nd character temp
CED0  86 5F             	STX	Dtypef		; clear data type flag, $FF=string, $00=numeric
CED2  20 BC00           	JSR	LAB_IGBY		; increment and scan memory (2nd character)
CED5  90 05             	BCC	LAB_1D2D		; branch if character = "0"-"9" (ok)

                        					; 2nd character wasn't "0" to "9" so ..
CED7  20 2FCF           	JSR	LAB_CASC		; check byte, return C=0 if<"A" or >"Z"
CEDA  90 0B             	BCC	LAB_1D38		; branch if <"A" or >"Z" (go check if string)

CEDC                    LAB_1D2D
CEDC  AA                	TAX				; copy 2nd character

                        					; ignore further (valid) characters in the variable name
CEDD                    LAB_1D2E
CEDD  20 BC00           	JSR	LAB_IGBY		; increment and scan memory (3rd character)
CEE0  90 FB             	BCC	LAB_1D2E		; loop if character = "0"-"9" (ignore)

CEE2  20 2FCF           	JSR	LAB_CASC		; check byte, return C=0 if<"A" or >"Z"
CEE5  B0 F6             	BCS	LAB_1D2E		; loop if character = "A"-"Z" (ignore)

                        					; check if string variable
CEE7                    LAB_1D38
CEE7  C9 24             	CMP	#'$'			; compare with "$"
CEE9  D0 0B             	BNE	LAB_1D47		; branch if not string

                        ; to introduce a new variable type (% suffix for integers say) then this branch
                        ; will need to go to that check and then that branch, if it fails, go to LAB_1D47

                        					; type is string
CEEB  A9 FF             	LDA	#$FF			; set data type = string
CEED  85 5F             	STA	Dtypef		; set data type flag, $FF=string, $00=numeric
CEEF  8A                	TXA				; get 2nd character back
CEF0  09 80             	ORA	#$80			; set top bit (indicate string var)
CEF2  AA                	TAX				; copy back to 2nd character temp
CEF3  20 BC00           	JSR	LAB_IGBY		; increment and scan memory

                        ; after we have determined the variable type we need to come back here to determine
                        ; if it's an array of type. this would plug in a%(b[,c[,d]])) integer arrays nicely


CEF6                    LAB_1D47				; gets here with character after var name in A
CEF6  86 94             	STX	Varnm2		; save 2nd character
CEF8  05 61             	ORA	Sufnxf		; or with subscript/FNX flag (or FN name)
CEFA  C9 28             	CMP	#'('			; compare with "("
CEFC  D0 03             	BNE	LAB_1D53		; branch if not "("

CEFE  4C C9CF           	JMP	LAB_1E17		; go find, or make, array

                        ; either find or create var
                        ; var name (1st two characters only!) is in Varnm1,Varnm2

                        					; variable name wasn't var(... so look for plain var
CF01                    LAB_1D53
CF01  A9 00             	LDA	#$00			; clear A
CF03  85 61             	STA	Sufnxf		; clear subscript/FNX flag
CF05  A5 7B             	LDA	Svarl			; get start of vars low byte
CF07  A6 7C             	LDX	Svarh			; get start of vars high byte
CF09  A0 00             	LDY	#$00			; clear index
CF0B                    LAB_1D5D
CF0B  86 AB             	STX	Vrschh		; save search address high byte
CF0D                    LAB_1D5F
CF0D  85 AA             	STA	Vrschl		; save search address low byte
CF0F  E4 7E             	CPX	Sarryh		; compare high address with var space end
CF11  D0 04             	BNE	LAB_1D69		; skip next compare if <>

                        					; high addresses were = so compare low addresses
CF13  C5 7D             	CMP	Sarryl		; compare low address with var space end
CF15  F0 2C             	BEQ	LAB_1D8B		; if not found go make new var

CF17                    LAB_1D69
CF17  A5 93             	LDA	Varnm1		; get 1st character of var to find
CF19  D1 AA             	CMP	(Vrschl),Y		; compare with variable name 1st character
CF1B  D0 08             	BNE	LAB_1D77		; branch if no match

                        					; 1st characters match so compare 2nd characters
CF1D  A5 94             	LDA	Varnm2		; get 2nd character of var to find
CF1F  C8                	INY				; index to point to variable name 2nd character
CF20  D1 AA             	CMP	(Vrschl),Y		; compare with variable name 2nd character
CF22  F0 69             	BEQ	LAB_1DD7		; branch if match (found var)

CF24  88                	DEY				; else decrement index (now = $00)
CF25                    LAB_1D77
CF25  18                	CLC				; clear carry for add
CF26  A5 AA             	LDA	Vrschl		; get search address low byte
CF28  69 06             	ADC	#$06			; +6 (offset to next var name)
CF2A  90 E1             	BCC	LAB_1D5F		; loop if no overflow to high byte

CF2C  E8                	INX				; else increment high byte
CF2D  D0 DC             	BNE	LAB_1D5D		; loop always (RAM doesn't extend to $FFFF !)

                        ; check byte, return C=0 if<"A" or >"Z" or "a" to "z"

CF2F                    LAB_CASC
CF2F  C9 61             	CMP	#'a'			; compare with "a"
CF31  B0 0A             	BCS	LAB_1D83		; go check <"z"+1

                        ; check byte, return C=0 if<"A" or >"Z"

CF33                    LAB_1D82
CF33  C9 41             	CMP	#'A'			; compare with "A"
CF35  90 05             	BCC	LAB_1D8A		; exit if less

                        					; carry is set
CF37  E9 5B             	SBC	#$5B			; subtract "Z"+1
CF39  38                	SEC				; set carry
CF3A  E9 A5             	SBC	#$A5			; subtract $A5 (restore byte)
                        					; carry clear if byte>$5A
CF3C                    LAB_1D8A
CF3C  60                	RTS

CF3D                    LAB_1D83
CF3D  E9 7B             	SBC	#$7B			; subtract "z"+1
CF3F  38                	SEC				; set carry
CF40  E9 85             	SBC	#$85			; subtract $85 (restore byte)
                        					; carry clear if byte>$7A
CF42  60                	RTS

                        					; reached end of variable mem without match
                        					; .. so create new variable
CF43                    LAB_1D8B
CF43  68                	PLA				; pop return address low byte
CF44  48                	PHA				; push return address low byte
      = CD4E            LAB_1C18p2	= LAB_1C18+2
CF45  C9 4E             	CMP	#<LAB_1C18p2	; compare with expected calling routine return low byte
CF47  D0 05             	BNE	LAB_1D98		; if not get (var) go create new var

                        ; This will only drop through if the call was from LAB_1C18 and is only called
                        ; from there if it is searching for a variable from the RHS of a LET a=b statement
                        ; it prevents the creation of variables not assigned a value.

                        ; value returned by this is either numeric zero (exponent byte is $00) or null string
                        ; (descriptor length byte is $00). in fact a pointer to any $00 byte would have done.

                        ; doing this saves 6 bytes of variable memory and 168 machine cycles of time

                        ; this is where you would put the undefined variable error call e.g.

                        ;					; variable doesn't exist so flag error
                        ;	LDX	#$24			; error code $24 ("undefined variable" error)
                        ;	JMP	LAB_XERR		; do error #X then warm start

                        ; the above code has been tested and works a treat! (it replaces the three code lines
                        ; below)

                        					; else return dummy null value
CF49  A9 E4             	LDA	#<LAB_1D96		; low byte point to $00,$00
                        					; (uses part of misc constants table)
CF4B  A0 E2             	LDY	#>LAB_1D96		; high byte point to $00,$00
CF4D  60                	RTS

                        					; create new numeric variable
CF4E                    LAB_1D98
CF4E  A5 7D             	LDA	Sarryl		; get var mem end low byte
CF50  A4 7E             	LDY	Sarryh		; get var mem end high byte
CF52  85 AA             	STA	Ostrtl		; save old block start low byte
CF54  84 AB             	STY	Ostrth		; save old block start high byte
CF56  A5 7F             	LDA	Earryl		; get array mem end low byte
CF58  A4 80             	LDY	Earryh		; get array mem end high byte
CF5A  85 A6             	STA	Obendl		; save old block end low byte
CF5C  84 A7             	STY	Obendh		; save old block end high byte
CF5E  18                	CLC				; clear carry for add
CF5F  69 06             	ADC	#$06			; +6 (space for one var)
CF61  90 01             	BCC	LAB_1DAE		; branch if no overflow to high byte

CF63  C8                	INY				; else increment high byte
CF64                    LAB_1DAE
CF64  85 A4             	STA	Nbendl		; set new block end low byte
CF66  84 A5             	STY	Nbendh		; set new block end high byte
CF68  20 C7C1           	JSR	LAB_11CF		; open up space in memory
CF6B  A5 A4             	LDA	Nbendl		; get new start low byte
CF6D  A4 A5             	LDY	Nbendh		; get new start high byte (-$100)
CF6F  C8                	INY				; correct high byte
CF70  85 7D             	STA	Sarryl		; save new var mem end low byte
CF72  84 7E             	STY	Sarryh		; save new var mem end high byte
CF74  A0 00             	LDY	#$00			; clear index
CF76  A5 93             	LDA	Varnm1		; get var name 1st character
CF78  91 AA             	STA	(Vrschl),Y		; save var name 1st character
CF7A  C8                	INY				; increment index
CF7B  A5 94             	LDA	Varnm2		; get var name 2nd character
CF7D  91 AA             	STA	(Vrschl),Y		; save var name 2nd character
CF7F  A9 00             	LDA	#$00			; clear A
CF81  C8                	INY				; increment index
CF82  91 AA             	STA	(Vrschl),Y		; initialise var byte
CF84  C8                	INY				; increment index
CF85  91 AA             	STA	(Vrschl),Y		; initialise var byte
CF87  C8                	INY				; increment index
CF88  91 AA             	STA	(Vrschl),Y		; initialise var byte
CF8A  C8                	INY				; increment index
CF8B  91 AA             	STA	(Vrschl),Y		; initialise var byte

                        					; found a match for var ((Vrschl) = ptr)
CF8D                    LAB_1DD7
CF8D  A5 AA             	LDA	Vrschl		; get var address low byte
CF8F  18                	CLC				; clear carry for add
CF90  69 02             	ADC	#$02			; +2 (offset past var name bytes)
CF92  A4 AB             	LDY	Vrschh		; get var address high byte
CF94  90 01             	BCC	LAB_1DE1		; branch if no overflow from add

CF96  C8                	INY				; else increment high byte
CF97                    LAB_1DE1
CF97  85 95             	STA	Cvaral		; save current var address low byte
CF99  84 96             	STY	Cvarah		; save current var address high byte
CF9B  60                	RTS

                        ; set-up array pointer (Adatal/h) to first element in array
                        ; set Adatal,Adatah to Astrtl,Astrth+2*Dimcnt+#$05

CF9C                    LAB_1DE6
CF9C  A5 5D             	LDA	Dimcnt		; get # of dimensions (1, 2 or 3)
CF9E  0A                	ASL				; *2 (also clears the carry !)
CF9F  69 05             	ADC	#$05			; +5 (result is 7, 9 or 11 here)
CFA1  65 AA             	ADC	Astrtl		; add array start pointer low byte
CFA3  A4 AB             	LDY	Astrth		; get array pointer high byte
CFA5  90 01             	BCC	LAB_1DF2		; branch if no overflow

CFA7  C8                	INY				; else increment high byte
CFA8                    LAB_1DF2
CFA8  85 A4             	STA	Adatal		; save array data pointer low byte
CFAA  84 A5             	STY	Adatah		; save array data pointer high byte
CFAC  60                	RTS

                        ; evaluate integer expression

CFAD                    LAB_EVIN
CFAD  20 BC00           	JSR	LAB_IGBY		; increment and scan memory
CFB0  20 DECB           	JSR	LAB_EVNM		; evaluate expression and check is numeric,
                        					; else do type mismatch

                        ; evaluate integer expression (no check)

CFB3                    LAB_EVPI
CFB3  A5 B0             	LDA	FAC1_s		; get FAC1 sign (b7)
CFB5  30 0D             	BMI	LAB_1E12		; do function call error if -ve

                        ; evaluate integer expression (no sign check)

CFB7                    LAB_EVIR
CFB7  A5 AC             	LDA	FAC1_e		; get FAC1 exponent
CFB9  C9 90             	CMP	#$90			; compare with exponent = 2^16 (n>2^15)
CFBB  90 09             	BCC	LAB_1E14		; branch if n<2^16 (is ok)

CFBD  A9 EB             	LDA	#<LAB_1DF7		; set pointer low byte to -32768
CFBF  A0 E2             	LDY	#>LAB_1DF7		; set pointer high byte to -32768
CFC1  20 28DA           	JSR	LAB_27F8		; compare FAC1 with (AY)
CFC4                    LAB_1E12
CFC4  D0 74             	BNE	LAB_FCER		; if <> do function call error then warm start

CFC6                    LAB_1E14
CFC6  4C 61DA           	JMP	LAB_2831		; convert FAC1 floating-to-fixed and return

                        ; find or make array

CFC9                    LAB_1E17
CFC9  A5 5E             	LDA	Defdim		; get DIM flag
CFCB  48                	PHA				; push it
CFCC  A5 5F             	LDA	Dtypef		; get data type flag, $FF=string, $00=numeric
CFCE  48                	PHA				; push it
CFCF  A0 00             	LDY	#$00			; clear dimensions count

                        ; now get the array dimension(s) and stack it (them) before the data type and DIM flag

CFD1                    LAB_1E1F
CFD1  98                	TYA				; copy dimensions count
CFD2  48                	PHA				; save it
CFD3  A5 94             	LDA	Varnm2		; get array name 2nd byte
CFD5  48                	PHA				; save it
CFD6  A5 93             	LDA	Varnm1		; get array name 1st byte
CFD8  48                	PHA				; save it
CFD9  20 ADCF           	JSR	LAB_EVIN		; evaluate integer expression
CFDC  68                	PLA				; pull array name 1st byte
CFDD  85 93             	STA	Varnm1		; restore array name 1st byte
CFDF  68                	PLA				; pull array name 2nd byte
CFE0  85 94             	STA	Varnm2		; restore array name 2nd byte
CFE2  68                	PLA				; pull dimensions count
CFE3  A8                	TAY				; restore it
CFE4  BA                	TSX				; copy stack pointer
CFE5  BD 0201           	LDA	LAB_STAK+2,X	; get DIM flag
CFE8  48                	PHA				; push it
CFE9  BD 0101           	LDA	LAB_STAK+1,X	; get data type flag
CFEC  48                	PHA				; push it
CFED  A5 AE             	LDA	FAC1_2		; get this dimension size high byte
CFEF  9D 0201           	STA	LAB_STAK+2,X	; stack before flag bytes
CFF2  A5 AF             	LDA	FAC1_3		; get this dimension size low byte
CFF4  9D 0101           	STA	LAB_STAK+1,X	; stack before flag bytes
CFF7  C8                	INY				; increment dimensions count
CFF8  20 C200           	JSR	LAB_GBYT		; scan memory
CFFB  C9 2C             	CMP	#','			; compare with ","
CFFD  F0 D2             	BEQ	LAB_1E1F		; if found go do next dimension

CFFF  84 5D             	STY	Dimcnt		; store dimensions count
D001  20 00CD           	JSR	LAB_1BFB		; scan for ")" , else do syntax error then warm start
D004  68                	PLA				; pull data type flag
D005  85 5F             	STA	Dtypef		; restore data type flag, $FF=string, $00=numeric
D007  68                	PLA				; pull DIM flag
D008  85 5E             	STA	Defdim		; restore DIM flag
D00A  A6 7D             	LDX	Sarryl		; get array mem start low byte
D00C  A5 7E             	LDA	Sarryh		; get array mem start high byte

                        ; now check to see if we are at the end of array memory (we would be if there were
                        ; no arrays).

D00E                    LAB_1E5C
D00E  86 AA             	STX	Astrtl		; save as array start pointer low byte
D010  85 AB             	STA	Astrth		; save as array start pointer high byte
D012  C5 80             	CMP	Earryh		; compare with array mem end high byte
D014  D0 04             	BNE	LAB_1E68		; branch if not reached array mem end

D016  E4 7F             	CPX	Earryl		; else compare with array mem end low byte
D018  F0 39             	BEQ	LAB_1EA1		; go build array if not found

                        					; search for array
D01A                    LAB_1E68
D01A  A0 00             	LDY	#$00			; clear index
D01C  B1 AA             	LDA	(Astrtl),Y		; get array name first byte
D01E  C8                	INY				; increment index to second name byte
D01F  C5 93             	CMP	Varnm1		; compare with this array name first byte
D021  D0 06             	BNE	LAB_1E77		; branch if no match

D023  A5 94             	LDA	Varnm2		; else get this array name second byte
D025  D1 AA             	CMP	(Astrtl),Y		; compare with array name second byte
D027  F0 16             	BEQ	LAB_1E8D		; array found so branch

                        					; no match
D029                    LAB_1E77
D029  C8                	INY				; increment index
D02A  B1 AA             	LDA	(Astrtl),Y		; get array size low byte
D02C  18                	CLC				; clear carry for add
D02D  65 AA             	ADC	Astrtl		; add array start pointer low byte
D02F  AA                	TAX				; copy low byte to X
D030  C8                	INY				; increment index
D031  B1 AA             	LDA	(Astrtl),Y		; get array size high byte
D033  65 AB             	ADC	Astrth		; add array mem pointer high byte
D035  90 D7             	BCC	LAB_1E5C		; if no overflow go check next array

                        ; do array bounds error

D037                    LAB_1E85
D037  A2 10             	LDX	#$10			; error code $10 ("Array bounds" error)
D039  2C                	.byte	$2C			; makes next bit BIT LAB_08A2

                        ; do function call error

D03A                    LAB_FCER
D03A  A2 08             	LDX	#$08			; error code $08 ("Function call" error)
D03C                    LAB_1E8A
D03C  4C 42C2           	JMP	LAB_XERR		; do error #X, then warm start

                        					; found array, are we trying to dimension it?
D03F                    LAB_1E8D
D03F  A2 12             	LDX	#$12			; set error $12 ("Double dimension" error)
D041  A5 5E             	LDA	Defdim		; get DIM flag
D043  D0 F7             	BNE	LAB_1E8A		; if we are trying to dimension it do error #X, then warm
                        					; start

                        ; found the array and we're not dimensioning it so we must find an element in it

D045  20 9CCF           	JSR	LAB_1DE6		; set-up array pointer (Adatal/h) to first element in array
                        					; (Astrtl,Astrth points to start of array)
D048  A5 5D             	LDA	Dimcnt		; get dimensions count
D04A  A0 04             	LDY	#$04			; set index to array's # of dimensions
D04C  D1 AA             	CMP	(Astrtl),Y		; compare with no of dimensions
D04E  D0 E7             	BNE	LAB_1E85		; if wrong do array bounds error, could do "Wrong
                        					; dimensions" error here .. if we want a different
                        					; error message

D050  4C D6D0           	JMP	LAB_1F28		; found array so go get element
                        					; (could jump to LAB_1F28 as all LAB_1F24 does is take
                        					; Dimcnt and save it at (Astrtl),Y which is already the
                        					; same or we would have taken the BNE)

                        					; array not found, so build it
D053                    LAB_1EA1
D053  20 9CCF           	JSR	LAB_1DE6		; set-up array pointer (Adatal/h) to first element in array
                        					; (Astrtl,Astrth points to start of array)
D056  20 11C2           	JSR	LAB_121F		; check available memory, "Out of memory" error if no room
                        					; addr to check is in AY (low/high)
D059  A0 00             	LDY	#$00			; clear Y (don't need to clear A)
D05B  84 BB             	STY	Aspth			; clear array data size high byte
D05D  A5 93             	LDA	Varnm1		; get variable name 1st byte
D05F  91 AA             	STA	(Astrtl),Y		; save array name 1st byte
D061  C8                	INY				; increment index
D062  A5 94             	LDA	Varnm2		; get variable name 2nd byte
D064  91 AA             	STA	(Astrtl),Y		; save array name 2nd byte
D066  A5 5D             	LDA	Dimcnt		; get dimensions count
D068  A0 04             	LDY	#$04			; index to dimension count
D06A  84 BA             	STY	Asptl			; set array data size low byte (four bytes per element)
D06C  91 AA             	STA	(Astrtl),Y		; set array's dimensions count

                        					; now calculate the size of the data space for the array
D06E  18                	CLC				; clear carry for add (clear on subsequent loops)
D06F                    LAB_1EC0
D06F  A2 0B             	LDX	#$0B			; set default dimension value low byte
D071  A9 00             	LDA	#$00			; set default dimension value high byte
D073  24 5E             	BIT	Defdim		; test default DIM flag
D075  50 07             	BVC	LAB_1ED0		; branch if b6 of Defdim is clear

D077  68                	PLA				; else pull dimension value low byte
D078  69 01             	ADC	#$01			; +1 (allow for zeroeth element)
D07A  AA                	TAX				; copy low byte to X
D07B  68                	PLA				; pull dimension value high byte
D07C  69 00             	ADC	#$00			; add carry from low byte

D07E                    LAB_1ED0
D07E  C8                	INY				; index to dimension value high byte
D07F  91 AA             	STA	(Astrtl),Y		; save dimension value high byte
D081  C8                	INY				; index to dimension value high byte
D082  8A                	TXA				; get dimension value low byte
D083  91 AA             	STA	(Astrtl),Y		; save dimension value low byte
D085  20 25D1           	JSR	LAB_1F7C		; does XY = (Astrtl),Y * (Asptl)
D088  86 BA             	STX	Asptl			; save array data size low byte
D08A  85 BB             	STA	Aspth			; save array data size high byte
D08C  A4 71             	LDY	ut1_pl		; restore index (saved by subroutine)
D08E  C6 5D             	DEC	Dimcnt		; decrement dimensions count
D090  D0 DD             	BNE	LAB_1EC0		; loop while not = 0

D092  65 A5             	ADC	Adatah		; add size high byte to first element high byte
                        					; (carry is always clear here)
D094  B0 5D             	BCS	LAB_1F45		; if overflow go do "Out of memory" error

D096  85 A5             	STA	Adatah		; save end of array high byte
D098  A8                	TAY				; copy end high byte to Y
D099  8A                	TXA				; get array size low byte
D09A  65 A4             	ADC	Adatal		; add array start low byte
D09C  90 03             	BCC	LAB_1EF3		; branch if no carry

D09E  C8                	INY				; else increment end of array high byte
D09F  F0 52             	BEQ	LAB_1F45		; if overflow go do "Out of memory" error

                        					; set-up mostly complete, now zero the array
D0A1                    LAB_1EF3
D0A1  20 11C2           	JSR	LAB_121F		; check available memory, "Out of memory" error if no room
                        					; addr to check is in AY (low/high)
D0A4  85 7F             	STA	Earryl		; save array mem end low byte
D0A6  84 80             	STY	Earryh		; save array mem end high byte
D0A8  A9 00             	LDA	#$00			; clear byte for array clear
D0AA  E6 BB             	INC	Aspth			; increment array size high byte (now block count)
D0AC  A4 BA             	LDY	Asptl			; get array size low byte (now index to block)
D0AE  F0 05             	BEQ	LAB_1F07		; branch if low byte = $00

D0B0                    LAB_1F02
D0B0  88                	DEY				; decrement index (do 0 to n-1)
D0B1  91 A4             	STA	(Adatal),Y		; zero byte
D0B3  D0 FB             	BNE	LAB_1F02		; loop until this block done

D0B5                    LAB_1F07
D0B5  C6 A5             	DEC	Adatah		; decrement array pointer high byte
D0B7  C6 BB             	DEC	Aspth			; decrement block count high byte
D0B9  D0 F5             	BNE	LAB_1F02		; loop until all blocks done

D0BB  E6 A5             	INC	Adatah		; correct for last loop
D0BD  38                	SEC				; set carry for subtract
D0BE  A0 02             	LDY	#$02			; index to array size low byte
D0C0  A5 7F             	LDA	Earryl		; get array mem end low byte
D0C2  E5 AA             	SBC	Astrtl		; subtract array start low byte
D0C4  91 AA             	STA	(Astrtl),Y		; save array size low byte
D0C6  C8                	INY				; index to array size high byte
D0C7  A5 80             	LDA	Earryh		; get array mem end high byte
D0C9  E5 AB             	SBC	Astrth		; subtract array start high byte
D0CB  91 AA             	STA	(Astrtl),Y		; save array size high byte
D0CD  A5 5E             	LDA	Defdim		; get default DIM flag
D0CF  D0 53             	BNE	LAB_1F7B		; exit (RET) if this was a DIM command

                        					; else, find element
D0D1  C8                	INY				; index to # of dimensions

D0D2                    LAB_1F24
D0D2  B1 AA             	LDA	(Astrtl),Y		; get array's dimension count
D0D4  85 5D             	STA	Dimcnt		; save it

                        ; we have found, or built, the array. now we need to find the element

D0D6                    LAB_1F28
D0D6  A9 00             	LDA	#$00			; clear byte
D0D8  85 BA             	STA	Asptl			; clear array data pointer low byte
D0DA                    LAB_1F2C
D0DA  85 BB             	STA	Aspth			; save array data pointer high byte
D0DC  C8                	INY				; increment index (point to array bound high byte)
D0DD  68                	PLA				; pull array index low byte
D0DE  AA                	TAX				; copy to X
D0DF  85 AE             	STA	FAC1_2		; save index low byte to FAC1 mantissa2
D0E1  68                	PLA				; pull array index high byte
D0E2  85 AF             	STA	FAC1_3		; save index high byte to FAC1 mantissa3
D0E4  D1 AA             	CMP	(Astrtl),Y		; compare with array bound high byte
D0E6  90 0E             	BCC	LAB_1F48		; branch if within bounds

D0E8  D0 06             	BNE	LAB_1F42		; if outside bounds do array bounds error

                        					; else high byte was = so test low bytes
D0EA  C8                	INY				; index to array bound low byte
D0EB  8A                	TXA				; get array index low byte
D0EC  D1 AA             	CMP	(Astrtl),Y		; compare with array bound low byte
D0EE  90 07             	BCC	LAB_1F49		; branch if within bounds

D0F0                    LAB_1F42
D0F0  4C 37D0           	JMP	LAB_1E85		; else do array bounds error

D0F3                    LAB_1F45
D0F3  4C 40C2           	JMP	LAB_OMER		; do "Out of memory" error then warm start

D0F6                    LAB_1F48
D0F6  C8                	INY				; index to array bound low byte
D0F7                    LAB_1F49
D0F7  A5 BB             	LDA	Aspth			; get array data pointer high byte
D0F9  05 BA             	ORA	Asptl			; OR with array data pointer low byte
D0FB  F0 0A             	BEQ	LAB_1F5A		; branch if array data pointer = null (skip multiply)

D0FD  20 25D1           	JSR	LAB_1F7C		; does XY = (Astrtl),Y * (Asptl)
D100  8A                	TXA				; get result low byte
D101  65 AE             	ADC	FAC1_2		; add index low byte from FAC1 mantissa2
D103  AA                	TAX				; save result low byte
D104  98                	TYA				; get result high byte
D105  A4 71             	LDY	ut1_pl		; restore index
D107                    LAB_1F5A
D107  65 AF             	ADC	FAC1_3		; add index high byte from FAC1 mantissa3
D109  86 BA             	STX	Asptl			; save array data pointer low byte
D10B  C6 5D             	DEC	Dimcnt		; decrement dimensions count
D10D  D0 CB             	BNE	LAB_1F2C		; loop if dimensions still to do

D10F  06 BA             	ASL	Asptl			; array data pointer low byte * 2
D111  2A                	ROL				; array data pointer high byte * 2
D112  06 BA             	ASL	Asptl			; array data pointer low byte * 4
D114  2A                	ROL				; array data pointer high byte * 4
D115  A8                	TAY				; copy high byte
D116  A5 BA             	LDA	Asptl			; get low byte
D118  65 A4             	ADC	Adatal		; add array data start pointer low byte
D11A  85 95             	STA	Cvaral		; save as current var address low byte
D11C  98                	TYA				; get high byte back
D11D  65 A5             	ADC	Adatah		; add array data start pointer high byte
D11F  85 96             	STA	Cvarah		; save as current var address high byte
D121  A8                	TAY				; copy high byte to Y
D122  A5 95             	LDA	Cvaral		; get current var address low byte
D124                    LAB_1F7B
D124  60                	RTS

                        ; does XY = (Astrtl),Y * (Asptl)

D125                    LAB_1F7C
D125  84 71             	STY	ut1_pl		; save index
D127  B1 AA             	LDA	(Astrtl),Y		; get dimension size low byte
D129  85 76             	STA	dims_l		; save dimension size low byte
D12B  88                	DEY				; decrement index
D12C  B1 AA             	LDA	(Astrtl),Y		; get dimension size high byte
D12E  85 77             	STA	dims_h		; save dimension size high byte

D130  A9 10             	LDA	#$10			; count = $10 (16 bit multiply)
D132  85 A8             	STA	numbit		; save bit count
D134  A2 00             	LDX	#$00			; clear result low byte
D136  A0 00             	LDY	#$00			; clear result high byte
D138                    LAB_1F8F
D138  8A                	TXA				; get result low byte
D139  0A                	ASL				; *2
D13A  AA                	TAX				; save result low byte
D13B  98                	TYA				; get result high byte
D13C  2A                	ROL				; *2
D13D  A8                	TAY				; save result high byte
D13E  B0 B3             	BCS	LAB_1F45		; if overflow go do "Out of memory" error

D140  06 BA             	ASL	Asptl			; shift multiplier low byte
D142  26 BB             	ROL	Aspth			; shift multiplier high byte
D144  90 0B             	BCC	LAB_1FA8		; skip add if no carry

D146  18                	CLC				; else clear carry for add
D147  8A                	TXA				; get result low byte
D148  65 76             	ADC	dims_l		; add dimension size low byte
D14A  AA                	TAX				; save result low byte
D14B  98                	TYA				; get result high byte
D14C  65 77             	ADC	dims_h		; add dimension size high byte
D14E  A8                	TAY				; save result high byte
D14F  B0 A2             	BCS	LAB_1F45		; if overflow go do "Out of memory" error

D151                    LAB_1FA8
D151  C6 A8             	DEC	numbit		; decrement bit count
D153  D0 E3             	BNE	LAB_1F8F		; loop until all done

D155  60                	RTS

                        ; perform FRE()

D156                    LAB_FRE
D156  A5 5F             	LDA	Dtypef		; get data type flag, $FF=string, $00=numeric
D158  10 03             	BPL	LAB_1FB4		; branch if numeric

D15A  20 4FD4           	JSR	LAB_22B6		; pop string off descriptor stack, or from top of string
                        					; space returns with A = length, X=$71=pointer low byte,
                        					; Y=$72=pointer high byte

                        					; FRE(n) was numeric so do this
D15D                    LAB_1FB4
D15D  20 F0D2           	JSR	LAB_GARB		; go do garbage collection
D160  38                	SEC				; set carry for subtract
D161  A5 81             	LDA	Sstorl		; get bottom of string space low byte
D163  E5 7F             	SBC	Earryl		; subtract array mem end low byte
D165  A8                	TAY				; copy result to Y
D166  A5 82             	LDA	Sstorh		; get bottom of string space high byte
D168  E5 80             	SBC	Earryh		; subtract array mem end high byte

                        ; save and convert integer AY to FAC1

D16A                    LAB_AYFC
D16A  46 5F             	LSR	Dtypef		; clear data type flag, $FF=string, $00=numeric
D16C  85 AD             	STA	FAC1_1		; save FAC1 mantissa1
D16E  84 AE             	STY	FAC1_2		; save FAC1 mantissa2
D170  A2 90             	LDX	#$90			; set exponent=2^16 (integer)
D172  4C 13DA           	JMP	LAB_27E3		; set exp=X, clear FAC1_3, normalise and return

                        ; perform POS()

D175                    LAB_POS
D175  A4 0E             	LDY	TPos			; get terminal position

                        ; convert Y to byte in FAC1

D177                    LAB_1FD0
D177  A9 00             	LDA	#$00			; clear high byte
D179  F0 EF             	BEQ	LAB_AYFC		; always save and convert integer AY to FAC1 and return

                        ; check not Direct (used by DEF and INPUT)

D17B                    LAB_CKRN
D17B  A6 88             	LDX	Clineh		; get current line high byte
D17D  E8                	INX				; increment it
D17E  D0 A4             	BNE	LAB_1F7B		; return if can continue not direct mode

                        					; else do illegal direct error
D180                    LAB_1FD9
D180  A2 16             	LDX	#$16			; error code $16 ("Illegal direct" error)
D182                    LAB_1FDB
D182  4C 42C2           	JMP	LAB_XERR		; go do error #X, then warm start

                        ; perform DEF

D185                    LAB_DEF
D185  20 B6D1           	JSR	LAB_200B		; check FNx syntax
D188  85 9C             	STA	func_l		; save function pointer low byte
D18A  84 9D             	STY	func_h		; save function pointer high byte
D18C  20 7BD1           	JSR	LAB_CKRN		; check not Direct (back here if ok)
D18F  20 0BCD           	JSR	LAB_1BFE		; scan for "(" , else do syntax error then warm start
D192  A9 80             	LDA	#$80			; set flag for FNx
D194  85 61             	STA	Sufnxf		; save subscript/FNx flag
D196  20 BBCE           	JSR	LAB_GVAR		; get (var) address
D199  20 E1CB           	JSR	LAB_CTNM		; check if source is numeric, else do type mismatch
D19C  20 00CD           	JSR	LAB_1BFB		; scan for ")" , else do syntax error then warm start
D19F  A9 C2             	LDA	#TK_EQUAL		; get = token
D1A1  20 02CD           	JSR	LAB_SCCA		; scan for CHR$(A), else do syntax error then warm start
D1A4  A5 96             	LDA	Cvarah		; get current var address high byte
D1A6  48                	PHA				; push it
D1A7  A5 95             	LDA	Cvaral		; get current var address low byte
D1A9  48                	PHA				; push it
D1AA  A5 C4             	LDA	Bpntrh		; get BASIC execute pointer high byte
D1AC  48                	PHA				; push it
D1AD  A5 C3             	LDA	Bpntrl		; get BASIC execute pointer low byte
D1AF  48                	PHA				; push it
D1B0  20 9DC7           	JSR	LAB_DATA		; go perform DATA
D1B3  4C 25D2           	JMP	LAB_207A		; put execute pointer and variable pointer into function
                        					; and return

                        ; check FNx syntax

D1B6                    LAB_200B
D1B6  A9 AF             	LDA	#TK_FN		; get FN" token
D1B8  20 02CD           	JSR	LAB_SCCA		; scan for CHR$(A) , else do syntax error then warm start
                        					; return character after A
D1BB  09 80             	ORA	#$80			; set FN flag bit
D1BD  85 61             	STA	Sufnxf		; save FN flag so array variable test fails
D1BF  20 C2CE           	JSR	LAB_1D12		; search for FN variable
D1C2  4C E1CB           	JMP	LAB_CTNM		; check if source is numeric and return, else do type
                        					; mismatch

                        					; Evaluate FNx
D1C5                    LAB_201E
D1C5  20 B6D1           	JSR	LAB_200B		; check FNx syntax
D1C8  48                	PHA				; push function pointer low byte
D1C9  98                	TYA				; copy function pointer high byte
D1CA  48                	PHA				; push function pointer high byte
D1CB  20 0BCD           	JSR	LAB_1BFE		; scan for "(", else do syntax error then warm start
D1CE  20 F2CB           	JSR	LAB_EVEX		; evaluate expression
D1D1  20 00CD           	JSR	LAB_1BFB		; scan for ")", else do syntax error then warm start
D1D4  20 E1CB           	JSR	LAB_CTNM		; check if source is numeric, else do type mismatch
D1D7  68                	PLA				; pop function pointer high byte
D1D8  85 9D             	STA	func_h		; restore it
D1DA  68                	PLA				; pop function pointer low byte
D1DB  85 9C             	STA	func_l		; restore it
D1DD  A2 20             	LDX	#$20			; error code $20 ("Undefined function" error)
D1DF  A0 03             	LDY	#$03			; index to variable pointer high byte
D1E1  B1 9C             	LDA	(func_l),Y		; get variable pointer high byte
D1E3  F0 9D             	BEQ	LAB_1FDB		; if zero go do undefined function error

D1E5  85 96             	STA	Cvarah		; save variable address high byte
D1E7  88                	DEY				; index to variable address low byte
D1E8  B1 9C             	LDA	(func_l),Y		; get variable address low byte
D1EA  85 95             	STA	Cvaral		; save variable address low byte
D1EC  AA                	TAX				; copy address low byte

                        					; now stack the function variable value before use
D1ED  C8                	INY				; index to mantissa_3
D1EE                    LAB_2043
D1EE  B1 95             	LDA	(Cvaral),Y		; get byte from variable
D1F0  48                	PHA				; stack it
D1F1  88                	DEY				; decrement index
D1F2  10 FA             	BPL	LAB_2043		; loop until variable stacked

D1F4  A4 96             	LDY	Cvarah		; get variable address high byte
D1F6  20 B8D9           	JSR	LAB_2778		; pack FAC1 (function expression value) into (XY)
                        					; (function variable), return Y=0, always
D1F9  A5 C4             	LDA	Bpntrh		; get BASIC execute pointer high byte
D1FB  48                	PHA				; push it
D1FC  A5 C3             	LDA	Bpntrl		; get BASIC execute pointer low byte
D1FE  48                	PHA				; push it
D1FF  B1 9C             	LDA	(func_l),Y		; get function execute pointer low byte
D201  85 C3             	STA	Bpntrl		; save as BASIC execute pointer low byte
D203  C8                	INY				; index to high byte
D204  B1 9C             	LDA	(func_l),Y		; get function execute pointer high byte
D206  85 C4             	STA	Bpntrh		; save as BASIC execute pointer high byte
D208  A5 96             	LDA	Cvarah		; get variable address high byte
D20A  48                	PHA				; push it
D20B  A5 95             	LDA	Cvaral		; get variable address low byte
D20D  48                	PHA				; push it
D20E  20 DECB           	JSR	LAB_EVNM		; evaluate expression and check is numeric,
                        					; else do type mismatch
D211  68                	PLA				; pull variable address low byte
D212  85 9C             	STA	func_l		; save variable address low byte
D214  68                	PLA				; pull variable address high byte
D215  85 9D             	STA	func_h		; save variable address high byte
D217  20 C200           	JSR	LAB_GBYT		; scan memory
D21A  F0 03             	BEQ	LAB_2074		; branch if null (should be [EOL] marker)

D21C  4C 13CD           	JMP	LAB_SNER		; else syntax error then warm start

                        ; restore Bpntrl,Bpntrh and function variable from stack

D21F                    LAB_2074
D21F  68                	PLA				; pull BASIC execute pointer low byte
D220  85 C3             	STA	Bpntrl		; restore BASIC execute pointer low byte
D222  68                	PLA				; pull BASIC execute pointer high byte
D223  85 C4             	STA	Bpntrh		; restore BASIC execute pointer high byte

                        ; put execute pointer and variable pointer into function

D225                    LAB_207A
D225  A0 00             	LDY	#$00			; clear index
D227  68                	PLA				; pull BASIC execute pointer low byte
D228  91 9C             	STA	(func_l),Y		; save to function
D22A  C8                	INY				; increment index
D22B  68                	PLA				; pull BASIC execute pointer high byte
D22C  91 9C             	STA	(func_l),Y		; save to function
D22E  C8                	INY				; increment index
D22F  68                	PLA				; pull current var address low byte
D230  91 9C             	STA	(func_l),Y		; save to function
D232  C8                	INY				; increment index
D233  68                	PLA				; pull current var address high byte
D234  91 9C             	STA	(func_l),Y		; save to function
D236  60                	RTS

                        ; perform STR$()

D237                    LAB_STRS
D237  20 E1CB           	JSR	LAB_CTNM		; check if source is numeric, else do type mismatch
D23A  20 A6DB           	JSR	LAB_296E		; convert FAC1 to string
D23D  A9 F0             	LDA	#<Decssp1		; set result string low pointer
D23F  A0 00             	LDY	#>Decssp1		; set result string high pointer
D241  F0 12             	BEQ	LAB_20AE		; print null terminated string to Sutill/Sutilh

                        ; Do string vector
                        ; copy des_pl/h to des_2l/h and make string space A bytes long

D243                    LAB_209C
D243  A6 AE             	LDX	des_pl		; get descriptor pointer low byte
D245  A4 AF             	LDY	des_ph		; get descriptor pointer high byte
D247  86 9E             	STX	des_2l		; save descriptor pointer low byte
D249  84 9F             	STY	des_2h		; save descriptor pointer high byte

                        ; make string space A bytes long
                        ; A=length, X=Sutill=ptr low byte, Y=Sutilh=ptr high byte

D24B                    LAB_MSSP
D24B  20 BED2           	JSR	LAB_2115		; make space in string memory for string A long
                        					; return X=Sutill=ptr low byte, Y=Sutilh=ptr high byte
D24E  86 AD             	STX	str_pl		; save string pointer low byte
D250  84 AE             	STY	str_ph		; save string pointer high byte
D252  85 AC             	STA	str_ln		; save length
D254  60                	RTS

                        ; Scan, set up string
                        ; print " terminated string to Sutill/Sutilh

D255                    LAB_20AE
D255  A2 22             	LDX	#$22			; set terminator to "
D257  86 5B             	STX	Srchc			; set search character (terminator 1)
D259  86 5C             	STX	Asrch			; set terminator 2

                        ; print [Srchc] or [Asrch] terminated string to Sutill/Sutilh
                        ; source is AY

D25B                    LAB_20B4
D25B  85 B8             	STA	ssptr_l		; store string start low byte
D25D  84 B9             	STY	ssptr_h		; store string start high byte
D25F  85 AD             	STA	str_pl		; save string pointer low byte
D261  84 AE             	STY	str_ph		; save string pointer high byte
D263  A0 FF             	LDY	#$FF			; set length to -1
D265                    LAB_20BE
D265  C8                	INY				; increment length
D266  B1 B8             	LDA	(ssptr_l),Y		; get byte from string
D268  F0 0C             	BEQ	LAB_20CF		; exit loop if null byte [EOS]

D26A  C5 5B             	CMP	Srchc			; compare with search character (terminator 1)
D26C  F0 04             	BEQ	LAB_20CB		; branch if terminator

D26E  C5 5C             	CMP	Asrch			; compare with terminator 2
D270  D0 F3             	BNE	LAB_20BE		; loop if not terminator 2

D272                    LAB_20CB
D272  C9 22             	CMP	#$22			; compare with "
D274  F0 01             	BEQ	LAB_20D0		; branch if " (carry set if = !)

D276                    LAB_20CF
D276  18                	CLC				; clear carry for add (only if [EOL] terminated string)
D277                    LAB_20D0
D277  84 AC             	STY	str_ln		; save length in FAC1 exponent
D279  98                	TYA				; copy length to A
D27A  65 B8             	ADC	ssptr_l		; add string start low byte
D27C  85 BA             	STA	Sendl			; save string end low byte
D27E  A6 B9             	LDX	ssptr_h		; get string start high byte
D280  90 01             	BCC	LAB_20DC		; branch if no low byte overflow

D282  E8                	INX				; else increment high byte
D283                    LAB_20DC
D283  86 BB             	STX	Sendh			; save string end high byte
D285  A5 B9             	LDA	ssptr_h		; get string start high byte
D287  C9 04             	CMP	#>Ram_base		; compare with start of program memory
D289  B0 0B             	BCS	LAB_RTST		; branch if not in utility area

                        					; string in utility area, move to string memory
D28B  98                	TYA				; copy length to A
D28C  20 43D2           	JSR	LAB_209C		; copy des_pl/h to des_2l/h and make string space A bytes
                        					; long
D28F  A6 B8             	LDX	ssptr_l		; get string start low byte
D291  A4 B9             	LDY	ssptr_h		; get string start high byte
D293  20 30D4           	JSR	LAB_2298		; store string A bytes long from XY to (Sutill)

                        ; check for space on descriptor stack then ..
                        ; put string address and length on descriptor stack and update stack pointers

D296                    LAB_RTST
D296  A6 65             	LDX	next_s		; get string stack pointer
D298  E0 71             	CPX	#des_sk+$09		; compare with max+1
D29A  D0 05             	BNE	LAB_20F8		; branch if space on string stack

                        					; else do string too complex error
D29C  A2 1C             	LDX	#$1C			; error code $1C ("String too complex" error)
D29E                    LAB_20F5
D29E  4C 42C2           	JMP	LAB_XERR		; do error #X, then warm start

                        ; put string address and length on descriptor stack and update stack pointers

D2A1                    LAB_20F8
D2A1  A5 AC             	LDA	str_ln		; get string length
D2A3  95 00             	STA	PLUS_0,X		; put on string stack
D2A5  A5 AD             	LDA	str_pl		; get string pointer low byte
D2A7  95 01             	STA	PLUS_1,X		; put on string stack
D2A9  A5 AE             	LDA	str_ph		; get string pointer high byte
D2AB  95 02             	STA	PLUS_2,X		; put on string stack
D2AD  A0 00             	LDY	#$00			; clear Y
D2AF  86 AE             	STX	des_pl		; save string descriptor pointer low byte
D2B1  84 AF             	STY	des_ph		; save string descriptor pointer high byte (always $00)
D2B3  88                	DEY				; Y = $FF
D2B4  84 5F             	STY	Dtypef		; save data type flag, $FF=string
D2B6  86 66             	STX	last_sl		; save old stack pointer (current top item)
D2B8  E8                	INX				; update stack pointer
D2B9  E8                	INX				; update stack pointer
D2BA  E8                	INX				; update stack pointer
D2BB  86 65             	STX	next_s		; save new top item value
D2BD  60                	RTS

                        ; Build descriptor
                        ; make space in string memory for string A long
                        ; return X=Sutill=ptr low byte, Y=Sutill=ptr high byte

D2BE                    LAB_2115
D2BE  46 60             	LSR	Gclctd		; clear garbage collected flag (b7)

                        					; make space for string A long
D2C0                    LAB_2117
D2C0  48                	PHA				; save string length
D2C1  49 FF             	EOR	#$FF			; complement it
D2C3  38                	SEC				; set carry for subtract (twos comp add)
D2C4  65 81             	ADC	Sstorl		; add bottom of string space low byte (subtract length)
D2C6  A4 82             	LDY	Sstorh		; get bottom of string space high byte
D2C8  B0 01             	BCS	LAB_2122		; skip decrement if no underflow

D2CA  88                	DEY				; decrement bottom of string space high byte
D2CB                    LAB_2122
D2CB  C4 80             	CPY	Earryh		; compare with array mem end high byte
D2CD  90 11             	BCC	LAB_2137		; do out of memory error if less

D2CF  D0 04             	BNE	LAB_212C		; if not = skip next test

D2D1  C5 7F             	CMP	Earryl		; compare with array mem end low byte
D2D3  90 0B             	BCC	LAB_2137		; do out of memory error if less

D2D5                    LAB_212C
D2D5  85 81             	STA	Sstorl		; save bottom of string space low byte
D2D7  84 82             	STY	Sstorh		; save bottom of string space high byte
D2D9  85 83             	STA	Sutill		; save string utility ptr low byte
D2DB  84 84             	STY	Sutilh		; save string utility ptr high byte
D2DD  AA                	TAX				; copy low byte to X
D2DE  68                	PLA				; get string length back
D2DF  60                	RTS

D2E0                    LAB_2137
D2E0  A2 0C             	LDX	#$0C			; error code $0C ("Out of memory" error)
D2E2  A5 60             	LDA	Gclctd		; get garbage collected flag
D2E4  30 B8             	BMI	LAB_20F5		; if set then do error code X

D2E6  20 F0D2           	JSR	LAB_GARB		; else go do garbage collection
D2E9  A9 80             	LDA	#$80			; flag for garbage collected
D2EB  85 60             	STA	Gclctd		; set garbage collected flag
D2ED  68                	PLA				; pull length
D2EE  D0 D0             	BNE	LAB_2117		; go try again (loop always, length should never be = $00)

                        ; garbage collection routine

D2F0                    LAB_GARB
D2F0  A6 85             	LDX	Ememl			; get end of mem low byte
D2F2  A5 86             	LDA	Ememh			; get end of mem high byte

                        ; re-run routine from last ending

D2F4                    LAB_214B
D2F4  86 81             	STX	Sstorl		; set string storage low byte
D2F6  85 82             	STA	Sstorh		; set string storage high byte
D2F8  A0 00             	LDY	#$00			; clear index
D2FA  84 9D             	STY	garb_h		; clear working pointer high byte (flag no strings to move)
D2FC  A5 7F             	LDA	Earryl		; get array mem end low byte
D2FE  A6 80             	LDX	Earryh		; get array mem end high byte
D300  85 AA             	STA	Histrl		; save as highest string low byte
D302  86 AB             	STX	Histrh		; save as highest string high byte
D304  A9 68             	LDA	#des_sk		; set descriptor stack pointer
D306  85 71             	STA	ut1_pl		; save descriptor stack pointer low byte
D308  84 72             	STY	ut1_ph		; save descriptor stack pointer high byte ($00)
D30A                    LAB_2161
D30A  C5 65             	CMP	next_s		; compare with descriptor stack pointer
D30C  F0 05             	BEQ	LAB_216A		; branch if =

D30E  20 74D3           	JSR	LAB_21D7		; go garbage collect descriptor stack
D311  F0 F7             	BEQ	LAB_2161		; loop always

                        					; done stacked strings, now do string vars
D313                    LAB_216A
D313  06 A0             	ASL	g_step		; set step size = $06
D315  A5 7B             	LDA	Svarl			; get start of vars low byte
D317  A6 7C             	LDX	Svarh			; get start of vars high byte
D319  85 71             	STA	ut1_pl		; save as pointer low byte
D31B  86 72             	STX	ut1_ph		; save as pointer high byte
D31D                    LAB_2176
D31D  E4 7E             	CPX	Sarryh		; compare start of arrays high byte
D31F  D0 04             	BNE	LAB_217E		; branch if no high byte match

D321  C5 7D             	CMP	Sarryl		; else compare start of arrays low byte
D323  F0 05             	BEQ	LAB_2183		; branch if = var mem end

D325                    LAB_217E
D325  20 6ED3           	JSR	LAB_21D1		; go garbage collect strings
D328  F0 F3             	BEQ	LAB_2176		; loop always

                        					; done string vars, now do string arrays
D32A                    LAB_2183
D32A  85 A4             	STA	Nbendl		; save start of arrays low byte as working pointer
D32C  86 A5             	STX	Nbendh		; save start of arrays high byte as working pointer
D32E  A9 04             	LDA	#$04			; set step size
D330  85 A0             	STA	g_step		; save step size
D332                    LAB_218B
D332  A5 A4             	LDA	Nbendl		; get pointer low byte
D334  A6 A5             	LDX	Nbendh		; get pointer high byte
D336                    LAB_218F
D336  E4 80             	CPX	Earryh		; compare with array mem end high byte
D338  D0 04             	BNE	LAB_219A		; branch if not at end

D33A  C5 7F             	CMP	Earryl		; else compare with array mem end low byte
D33C  F0 75             	BEQ	LAB_2216		; tidy up and exit if at end

D33E                    LAB_219A
D33E  85 71             	STA	ut1_pl		; save pointer low byte
D340  86 72             	STX	ut1_ph		; save pointer high byte
D342  A0 02             	LDY	#$02			; set index
D344  B1 71             	LDA	(ut1_pl),Y		; get array size low byte
D346  65 A4             	ADC	Nbendl		; add start of this array low byte
D348  85 A4             	STA	Nbendl		; save start of next array low byte
D34A  C8                	INY				; increment index
D34B  B1 71             	LDA	(ut1_pl),Y		; get array size high byte
D34D  65 A5             	ADC	Nbendh		; add start of this array high byte
D34F  85 A5             	STA	Nbendh		; save start of next array high byte
D351  A0 01             	LDY	#$01			; set index
D353  B1 71             	LDA	(ut1_pl),Y		; get name second byte
D355  10 DB             	BPL	LAB_218B		; skip if not string array

                        ; was string array so ..

D357  A0 04             	LDY	#$04			; set index
D359  B1 71             	LDA	(ut1_pl),Y		; get # of dimensions
D35B  0A                	ASL				; *2
D35C  69 05             	ADC	#$05			; +5 (array header size)
D35E  20 A6D3           	JSR	LAB_2208		; go set up for first element
D361                    LAB_21C4
D361  E4 A5             	CPX	Nbendh		; compare with start of next array high byte
D363  D0 04             	BNE	LAB_21CC		; branch if <> (go do this array)

D365  C5 A4             	CMP	Nbendl		; else compare element pointer low byte with next array
                        					; low byte
D367  F0 CD             	BEQ	LAB_218F		; if equal then go do next array

D369                    LAB_21CC
D369  20 74D3           	JSR	LAB_21D7		; go defrag array strings
D36C  F0 F3             	BEQ	LAB_21C4		; go do next array string (loop always)

                        ; defrag string variables
                        ; enter with XA = variable pointer
                        ; return with XA = next variable pointer

D36E                    LAB_21D1
D36E  C8                	INY				; increment index (Y was $00)
D36F  B1 71             	LDA	(ut1_pl),Y		; get var name byte 2
D371  10 30             	BPL	LAB_2206		; if not string, step pointer to next var and return

D373  C8                	INY				; else increment index
D374                    LAB_21D7
D374  B1 71             	LDA	(ut1_pl),Y		; get string length
D376  F0 2B             	BEQ	LAB_2206		; if null, step pointer to next string and return

D378  C8                	INY				; else increment index
D379  B1 71             	LDA	(ut1_pl),Y		; get string pointer low byte
D37B  AA                	TAX				; copy to X
D37C  C8                	INY				; increment index
D37D  B1 71             	LDA	(ut1_pl),Y		; get string pointer high byte
D37F  C5 82             	CMP	Sstorh		; compare bottom of string space high byte
D381  90 06             	BCC	LAB_21EC		; branch if less

D383  D0 1E             	BNE	LAB_2206		; if greater, step pointer to next string and return

                        					; high bytes were = so compare low bytes
D385  E4 81             	CPX	Sstorl		; compare bottom of string space low byte
D387  B0 1A             	BCS	LAB_2206		; if >=, step pointer to next string and return

                        					; string pointer is < string storage pointer (pos in mem)
D389                    LAB_21EC
D389  C5 AB             	CMP	Histrh		; compare to highest string high byte
D38B  90 17             	BCC	LAB_2207		; if <, step pointer to next string and return

D38D  D0 04             	BNE	LAB_21F6		; if > update pointers, step to next and return

                        					; high bytes were = so compare low bytes
D38F  E4 AA             	CPX	Histrl		; compare to highest string low byte
D391  90 11             	BCC	LAB_2207		; if <, step pointer to next string and return

                        					; string is in string memory space
D393                    LAB_21F6
D393  86 AA             	STX	Histrl		; save as new highest string low byte
D395  85 AB             	STA	Histrh		; save as new highest string high byte
D397  A5 71             	LDA	ut1_pl		; get start of vars(descriptors) low byte
D399  A6 72             	LDX	ut1_ph		; get start of vars(descriptors) high byte
D39B  85 9C             	STA	garb_l		; save as working pointer low byte
D39D  86 9D             	STX	garb_h		; save as working pointer high byte
D39F  88                	DEY				; decrement index DIFFERS
D3A0  88                	DEY				; decrement index (should point to descriptor start)
D3A1  84 A2             	STY	g_indx		; save index pointer

                        					; step pointer to next string
D3A3                    LAB_2206
D3A3  18                	CLC				; clear carry for add
D3A4                    LAB_2207
D3A4  A5 A0             	LDA	g_step		; get step size
D3A6                    LAB_2208
D3A6  65 71             	ADC	ut1_pl		; add pointer low byte
D3A8  85 71             	STA	ut1_pl		; save pointer low byte
D3AA  90 02             	BCC	LAB_2211		; branch if no overflow

D3AC  E6 72             	INC	ut1_ph		; else increment high byte
D3AE                    LAB_2211
D3AE  A6 72             	LDX	ut1_ph		; get pointer high byte
D3B0  A0 00             	LDY	#$00			; clear Y
D3B2  60                	RTS

                        ; search complete, now either exit or set-up and move string

D3B3                    LAB_2216
D3B3  C6 A0             	DEC	g_step		; decrement step size (now $03 for descriptor stack)
D3B5  A6 9D             	LDX	garb_h		; get string to move high byte
D3B7  F0 F5             	BEQ	LAB_2211		; exit if nothing to move

D3B9  A4 A2             	LDY	g_indx		; get index byte back (points to descriptor)
D3BB  18                	CLC				; clear carry for add
D3BC  B1 9C             	LDA	(garb_l),Y		; get string length
D3BE  65 AA             	ADC	Histrl		; add highest string low byte
D3C0  85 A6             	STA	Obendl		; save old block end low pointer
D3C2  A5 AB             	LDA	Histrh		; get highest string high byte
D3C4  69 00             	ADC	#$00			; add any carry
D3C6  85 A7             	STA	Obendh		; save old block end high byte
D3C8  A5 81             	LDA	Sstorl		; get bottom of string space low byte
D3CA  A6 82             	LDX	Sstorh		; get bottom of string space high byte
D3CC  85 A4             	STA	Nbendl		; save new block end low byte
D3CE  86 A5             	STX	Nbendh		; save new block end high byte
D3D0  20 CEC1           	JSR	LAB_11D6		; open up space in memory, don't set array end
D3D3  A4 A2             	LDY	g_indx		; get index byte
D3D5  C8                	INY				; point to descriptor low byte
D3D6  A5 A4             	LDA	Nbendl		; get string pointer low byte
D3D8  91 9C             	STA	(garb_l),Y		; save new string pointer low byte
D3DA  AA                	TAX				; copy string pointer low byte
D3DB  E6 A5             	INC	Nbendh		; correct high byte (move sets high byte -1)
D3DD  A5 A5             	LDA	Nbendh		; get new string pointer high byte
D3DF  C8                	INY				; point to descriptor high byte
D3E0  91 9C             	STA	(garb_l),Y		; save new string pointer high byte
D3E2  4C F4D2           	JMP	LAB_214B		; re-run routine from last ending
                        					; (but don't collect this string)

                        ; concatenate
                        ; add strings, string 1 is in descriptor des_pl, string 2 is in line

D3E5                    LAB_224D
D3E5  A5 AF             	LDA	des_ph		; get descriptor pointer high byte
D3E7  48                	PHA				; put on stack
D3E8  A5 AE             	LDA	des_pl		; get descriptor pointer low byte
D3EA  48                	PHA				; put on stack
D3EB  20 DECC           	JSR	LAB_GVAL		; get value from line
D3EE  20 E3CB           	JSR	LAB_CTST		; check if source is string, else do type mismatch
D3F1  68                	PLA				; get descriptor pointer low byte back
D3F2  85 B8             	STA	ssptr_l		; set pointer low byte
D3F4  68                	PLA				; get descriptor pointer high byte back
D3F5  85 B9             	STA	ssptr_h		; set pointer high byte
D3F7  A0 00             	LDY	#$00			; clear index
D3F9  B1 B8             	LDA	(ssptr_l),Y		; get length_1 from descriptor
D3FB  18                	CLC				; clear carry for add
D3FC  71 AE             	ADC	(des_pl),Y		; add length_2
D3FE  90 05             	BCC	LAB_226D		; branch if no overflow

D400  A2 1A             	LDX	#$1A			; else set error code $1A ("String too long" error)
D402  4C 42C2           	JMP	LAB_XERR		; do error #X, then warm start

D405                    LAB_226D
D405  20 43D2           	JSR	LAB_209C		; copy des_pl/h to des_2l/h and make string space A bytes
                        					; long
D408  20 22D4           	JSR	LAB_228A		; copy string from descriptor (sdescr) to (Sutill)
D40B  A5 9E             	LDA	des_2l		; get descriptor pointer low byte
D40D  A4 9F             	LDY	des_2h		; get descriptor pointer high byte
D40F  20 53D4           	JSR	LAB_22BA		; pop (YA) descriptor off stack or from top of string space
                        					; returns with A = length, ut1_pl = pointer low byte,
                        					; ut1_ph = pointer high byte
D412  20 34D4           	JSR	LAB_229C		; store string A bytes long from (ut1_pl) to (Sutill)
D415  A5 B8             	LDA	ssptr_l		;.set descriptor pointer low byte
D417  A4 B9             	LDY	ssptr_h		;.set descriptor pointer high byte
D419  20 53D4           	JSR	LAB_22BA		; pop (YA) descriptor off stack or from top of string space
                        					; returns with A = length, X=ut1_pl=pointer low byte,
                        					; Y=ut1_ph=pointer high byte
D41C  20 96D2           	JSR	LAB_RTST		; check for space on descriptor stack then put string
                        					; address and length on descriptor stack and update stack
                        					; pointers
D41F  4C 09CC           	JMP	LAB_1ADB		;.continue evaluation

                        ; copy string from descriptor (sdescr) to (Sutill)

D422                    LAB_228A
D422  A0 00             	LDY	#$00			; clear index
D424  B1 B8             	LDA	(sdescr),Y		; get string length
D426  48                	PHA				; save on stack
D427  C8                	INY				; increment index
D428  B1 B8             	LDA	(sdescr),Y		; get source string pointer low byte
D42A  AA                	TAX				; copy to X
D42B  C8                	INY				; increment index
D42C  B1 B8             	LDA	(sdescr),Y		; get source string pointer high byte
D42E  A8                	TAY				; copy to Y
D42F  68                	PLA				; get length back

                        ; store string A bytes long from YX to (Sutill)

D430                    LAB_2298
D430  86 71             	STX	ut1_pl		; save source string pointer low byte
D432  84 72             	STY	ut1_ph		; save source string pointer high byte

                        ; store string A bytes long from (ut1_pl) to (Sutill)

D434                    LAB_229C
D434  AA                	TAX				; copy length to index (don't count with Y)
D435  F0 14             	BEQ	LAB_22B2		; branch if = $0 (null string) no need to add zero length

D437  A0 00             	LDY	#$00			; zero pointer (copy forward)
D439                    LAB_22A0
D439  B1 71             	LDA	(ut1_pl),Y		; get source byte
D43B  91 83             	STA	(Sutill),Y		; save destination byte

D43D  C8                	INY				; increment index
D43E  CA                	DEX				; decrement counter
D43F  D0 F8             	BNE	LAB_22A0		; loop while <> 0

D441  98                	TYA				; restore length from Y
D442                    LAB_22A9
D442  18                	CLC				; clear carry for add
D443  65 83             	ADC	Sutill		; add string utility ptr low byte
D445  85 83             	STA	Sutill		; save string utility ptr low byte
D447  90 02             	BCC	LAB_22B2		; branch if no carry

D449  E6 84             	INC	Sutilh		; else increment string utility ptr high byte
D44B                    LAB_22B2
D44B  60                	RTS

                        ; evaluate string

D44C                    LAB_EVST
D44C  20 E3CB           	JSR	LAB_CTST		; check if source is string, else do type mismatch

                        ; pop string off descriptor stack, or from top of string space
                        ; returns with A = length, X=pointer low byte, Y=pointer high byte

D44F                    LAB_22B6
D44F  A5 AE             	LDA	des_pl		; get descriptor pointer low byte
D451  A4 AF             	LDY	des_ph		; get descriptor pointer high byte

                        ; pop (YA) descriptor off stack or from top of string space
                        ; returns with A = length, X=ut1_pl=pointer low byte, Y=ut1_ph=pointer high byte

D453                    LAB_22BA
D453  85 71             	STA	ut1_pl		; save descriptor pointer low byte
D455  84 72             	STY	ut1_ph		; save descriptor pointer high byte
D457  20 84D4           	JSR	LAB_22EB		; clean descriptor stack, YA = pointer
D45A  08                	PHP				; save status flags
D45B  A0 00             	LDY	#$00			; clear index
D45D  B1 71             	LDA	(ut1_pl),Y		; get length from string descriptor
D45F  48                	PHA				; put on stack
D460  C8                	INY				; increment index
D461  B1 71             	LDA	(ut1_pl),Y		; get string pointer low byte from descriptor
D463  AA                	TAX				; copy to X
D464  C8                	INY				; increment index
D465  B1 71             	LDA	(ut1_pl),Y		; get string pointer high byte from descriptor
D467  A8                	TAY				; copy to Y
D468  68                	PLA				; get string length back
D469  28                	PLP				; restore status
D46A  D0 13             	BNE	LAB_22E6		; branch if pointer <> last_sl,last_sh

D46C  C4 82             	CPY	Sstorh		; compare bottom of string space high byte
D46E  D0 0F             	BNE	LAB_22E6		; branch if <>

D470  E4 81             	CPX	Sstorl		; else compare bottom of string space low byte
D472  D0 0B             	BNE	LAB_22E6		; branch if <>

D474  48                	PHA				; save string length
D475  18                	CLC				; clear carry for add
D476  65 81             	ADC	Sstorl		; add bottom of string space low byte
D478  85 81             	STA	Sstorl		; save bottom of string space low byte
D47A  90 02             	BCC	LAB_22E5		; skip increment if no overflow

D47C  E6 82             	INC	Sstorh		; increment bottom of string space high byte
D47E                    LAB_22E5
D47E  68                	PLA				; restore string length
D47F                    LAB_22E6
D47F  86 71             	STX	ut1_pl		; save string pointer low byte
D481  84 72             	STY	ut1_ph		; save string pointer high byte
D483  60                	RTS

                        ; clean descriptor stack, YA = pointer
                        ; checks if AY is on the descriptor stack, if so does a stack discard

D484                    LAB_22EB
D484  C4 67             	CPY	last_sh		; compare pointer high byte
D486  D0 0C             	BNE	LAB_22FB		; exit if <>

D488  C5 66             	CMP	last_sl		; compare pointer low byte
D48A  D0 08             	BNE	LAB_22FB		; exit if <>

D48C  85 65             	STA	next_s		; save descriptor stack pointer
D48E  E9 03             	SBC	#$03			; -3
D490  85 66             	STA	last_sl		; save low byte -3
D492  A0 00             	LDY	#$00			; clear high byte
D494                    LAB_22FB
D494  60                	RTS

                        ; perform CHR$()

D495                    LAB_CHRS
D495  20 A0D5           	JSR	LAB_EVBY		; evaluate byte expression, result in X
D498  8A                	TXA				; copy to A
D499  48                	PHA				; save character
D49A  A9 01             	LDA	#$01			; string is single byte
D49C  20 4BD2           	JSR	LAB_MSSP		; make string space A bytes long A=$AC=length,
                        					; X=$AD=Sutill=ptr low byte, Y=$AE=Sutilh=ptr high byte
D49F  68                	PLA				; get character back
D4A0  A0 00             	LDY	#$00			; clear index
D4A2  91 AD             	STA	(str_pl),Y		; save byte in string (byte IS string!)
D4A4  4C 96D2           	JMP	LAB_RTST		; check for space on descriptor stack then put string
                        					; address and length on descriptor stack and update stack
                        					; pointers

                        ; perform LEFT$()

D4A7                    LAB_LEFT
D4A7  48                	PHA				; push byte parameter
D4A8  20 08D5           	JSR	LAB_236F		; pull string data and byte parameter from stack
                        					; return pointer in des_2l/h, byte in A (and X), Y=0
D4AB  D1 9E             	CMP	(des_2l),Y		; compare byte parameter with string length
D4AD  98                	TYA				; clear A
D4AE  F0 09             	BEQ	LAB_2316		; go do string copy (branch always)

                        ; perform RIGHT$()

D4B0                    LAB_RIGHT
D4B0  48                	PHA				; push byte parameter
D4B1  20 08D5           	JSR	LAB_236F		; pull string data and byte parameter from stack
                        					; return pointer in des_2l/h, byte in A (and X), Y=0
D4B4  18                	CLC				; clear carry for add-1
D4B5  F1 9E             	SBC	(des_2l),Y		; subtract string length
D4B7  49 FF             	EOR	#$FF			; invert it (A=LEN(expression$)-l)

D4B9                    LAB_2316
D4B9  90 04             	BCC	LAB_231C		; branch if string length > byte parameter

D4BB  B1 9E             	LDA	(des_2l),Y		; else make parameter = length
D4BD  AA                	TAX				; copy to byte parameter copy
D4BE  98                	TYA				; clear string start offset
D4BF                    LAB_231C
D4BF  48                	PHA				; save string start offset
D4C0                    LAB_231D
D4C0  8A                	TXA				; copy byte parameter (or string length if <)
D4C1                    LAB_231E
D4C1  48                	PHA				; save string length
D4C2  20 4BD2           	JSR	LAB_MSSP		; make string space A bytes long A=$AC=length,
                        					; X=$AD=Sutill=ptr low byte, Y=$AE=Sutilh=ptr high byte
D4C5  A5 9E             	LDA	des_2l		; get descriptor pointer low byte
D4C7  A4 9F             	LDY	des_2h		; get descriptor pointer high byte
D4C9  20 53D4           	JSR	LAB_22BA		; pop (YA) descriptor off stack or from top of string space
                        					; returns with A = length, X=ut1_pl=pointer low byte,
                        					; Y=ut1_ph=pointer high byte
D4CC  68                	PLA				; get string length back
D4CD  A8                	TAY				; copy length to Y
D4CE  68                	PLA				; get string start offset back
D4CF  18                	CLC				; clear carry for add
D4D0  65 71             	ADC	ut1_pl		; add start offset to string start pointer low byte
D4D2  85 71             	STA	ut1_pl		; save string start pointer low byte
D4D4  90 02             	BCC	LAB_2335		; branch if no overflow

D4D6  E6 72             	INC	ut1_ph		; else increment string start pointer high byte
D4D8                    LAB_2335
D4D8  98                	TYA				; copy length to A
D4D9  20 34D4           	JSR	LAB_229C		; store string A bytes long from (ut1_pl) to (Sutill)
D4DC  4C 96D2           	JMP	LAB_RTST		; check for space on descriptor stack then put string
                        					; address and length on descriptor stack and update stack
                        					; pointers

                        ; perform MID$()

D4DF                    LAB_MIDS
D4DF  48                	PHA				; push byte parameter
D4E0  A9 FF             	LDA	#$FF			; set default length = 255
D4E2  85 AF             	STA	mids_l		; save default length
D4E4  20 C200           	JSR	LAB_GBYT		; scan memory
D4E7  C9 29             	CMP	#')'			; compare with ")"
D4E9  F0 06             	BEQ	LAB_2358		; branch if = ")" (skip second byte get)

D4EB  20 0FCD           	JSR	LAB_1C01		; scan for "," , else do syntax error then warm start
D4EE  20 9DD5           	JSR	LAB_GTBY		; get byte parameter (use copy in mids_l)
D4F1                    LAB_2358
D4F1  20 08D5           	JSR	LAB_236F		; pull string data and byte parameter from stack
                        					; return pointer in des_2l/h, byte in A (and X), Y=0
D4F4  CA                	DEX				; decrement start index
D4F5  8A                	TXA				; copy to A
D4F6  48                	PHA				; save string start offset
D4F7  18                	CLC				; clear carry for sub-1
D4F8  A2 00             	LDX	#$00			; clear output string length
D4FA  F1 9E             	SBC	(des_2l),Y		; subtract string length
D4FC  B0 C2             	BCS	LAB_231D		; if start>string length go do null string

D4FE  49 FF             	EOR	#$FF			; complement -length
D500  C5 AF             	CMP	mids_l		; compare byte parameter
D502  90 BD             	BCC	LAB_231E		; if length>remaining string go do RIGHT$

D504  A5 AF             	LDA	mids_l		; get length byte
D506  B0 B9             	BCS	LAB_231E		; go do string copy (branch always)

                        ; pull string data and byte parameter from stack
                        ; return pointer in des_2l/h, byte in A (and X), Y=0

D508                    LAB_236F
D508  20 00CD           	JSR	LAB_1BFB		; scan for ")" , else do syntax error then warm start
D50B  68                	PLA				; pull return address low byte (return address)
D50C  85 A2             	STA	Fnxjpl		; save functions jump vector low byte
D50E  68                	PLA				; pull return address high byte (return address)
D50F  85 A3             	STA	Fnxjph		; save functions jump vector high byte
D511  68                	PLA				; pull byte parameter
D512  AA                	TAX				; copy byte parameter to X
D513  68                	PLA				; pull string pointer low byte
D514  85 9E             	STA	des_2l		; save it
D516  68                	PLA				; pull string pointer high byte
D517  85 9F             	STA	des_2h		; save it
D519  A0 00             	LDY	#$00			; clear index
D51B  8A                	TXA				; copy byte parameter
D51C  F0 79             	BEQ	LAB_23A8		; if null do function call error then warm start

D51E  E6 A2             	INC	Fnxjpl		; increment function jump vector low byte
                        					; (JSR pushes return addr-1. this is all very nice
                        					; but will go tits up if either call is on a page
                        					; boundary!)
D520  6C A200           	JMP	(Fnxjpl)		; in effect, RTS

                        ; perform LCASE$()

D523                    LAB_LCASE
D523  20 4CD4           	JSR	LAB_EVST		; evaluate string
D526  85 AC             	STA	str_ln		; set string length
D528  A8                	TAY				; copy length to Y
D529  F0 38             	BEQ	NoString		; branch if null string

D52B  20 4BD2           	JSR	LAB_MSSP		; make string space A bytes long A=length,
                        					; X=Sutill=ptr low byte, Y=Sutilh=ptr high byte
D52E  86 AD             	STX	str_pl		; save string pointer low byte
D530  84 AE             	STY	str_ph		; save string pointer high byte
D532  A8                	TAY				; get string length back

D533                    LC_loop
D533  88                	DEY				; decrement index
D534  B1 71             	LDA	(ut1_pl),Y		; get byte from string
D536  20 33CF           	JSR	LAB_1D82		; is character "A" to "Z"
D539  90 02             	BCC	NoUcase		; branch if not upper case alpha

D53B  09 20             	ORA	#$20			; convert upper to lower case
D53D                    NoUcase
D53D  91 83             	STA	(Sutill),Y		; save byte back to string
D53F  98                	TYA				; test index
D540  D0 F1             	BNE	LC_loop		; loop if not all done

D542  F0 1F             	BEQ	NoString		; tidy up and exit, branch always

                        ; perform UCASE$()

D544                    LAB_UCASE
D544  20 4CD4           	JSR	LAB_EVST		; evaluate string
D547  85 AC             	STA	str_ln		; set string length
D549  A8                	TAY				; copy length to Y
D54A  F0 17             	BEQ	NoString		; branch if null string

D54C  20 4BD2           	JSR	LAB_MSSP		; make string space A bytes long A=length,
                        					; X=Sutill=ptr low byte, Y=Sutilh=ptr high byte
D54F  86 AD             	STX	str_pl		; save string pointer low byte
D551  84 AE             	STY	str_ph		; save string pointer high byte
D553  A8                	TAY				; get string length back

D554                    UC_loop
D554  88                	DEY				; decrement index
D555  B1 71             	LDA	(ut1_pl),Y		; get byte from string
D557  20 2FCF           	JSR	LAB_CASC		; is character "a" to "z" (or "A" to "Z")
D55A  90 02             	BCC	NoLcase		; branch if not alpha

D55C  29 DF             	AND	#$DF			; convert lower to upper case
D55E                    NoLcase
D55E  91 83             	STA	(Sutill),Y		; save byte back to string
D560  98                	TYA				; test index
D561  D0 F1             	BNE	UC_loop		; loop if not all done

D563                    NoString
D563  4C 96D2           	JMP	LAB_RTST		; check for space on descriptor stack then put string
                        					; address and length on descriptor stack and update stack
                        					; pointers

                        ; perform SADD()

D566                    LAB_SADD
D566  20 BC00           	JSR	LAB_IGBY		; increment and scan memory
D569  20 BBCE           	JSR	LAB_GVAR		; get var address

D56C  20 00CD           	JSR	LAB_1BFB		; scan for ")", else do syntax error then warm start
D56F  20 E3CB           	JSR	LAB_CTST		; check if source is string, else do type mismatch

D572  A0 02             	LDY	#$02			; index to string pointer high byte
D574  B1 95             	LDA	(Cvaral),Y		; get string pointer high byte
D576  AA                	TAX				; copy string pointer high byte to X
D577  88                	DEY				; index to string pointer low byte
D578  B1 95             	LDA	(Cvaral),Y		; get string pointer low byte
D57A  A8                	TAY				; copy string pointer low byte to Y
D57B  8A                	TXA				; copy string pointer high byte to A
D57C  4C 6AD1           	JMP	LAB_AYFC		; save and convert integer AY to FAC1 and return

                        ; perform LEN()

D57F                    LAB_LENS
D57F  20 85D5           	JSR	LAB_ESGL		; evaluate string, get length in A (and Y)
D582  4C 77D1           	JMP	LAB_1FD0		; convert Y to byte in FAC1 and return

                        ; evaluate string, get length in Y

D585                    LAB_ESGL
D585  20 4CD4           	JSR	LAB_EVST		; evaluate string
D588  A8                	TAY				; copy length to Y
D589  60                	RTS

                        ; perform ASC()

D58A                    LAB_ASC
D58A  20 85D5           	JSR	LAB_ESGL		; evaluate string, get length in A (and Y)
D58D  F0 08             	BEQ	LAB_23A8		; if null do function call error then warm start

D58F  A0 00             	LDY	#$00			; set index to first character
D591  B1 71             	LDA	(ut1_pl),Y		; get byte
D593  A8                	TAY				; copy to Y
D594  4C 77D1           	JMP	LAB_1FD0		; convert Y to byte in FAC1 and return

                        ; do function call error then warm start

D597                    LAB_23A8
D597  4C 3AD0           	JMP	LAB_FCER		; do function call error then warm start

                        ; scan and get byte parameter

D59A                    LAB_SGBY
D59A  20 BC00           	JSR	LAB_IGBY		; increment and scan memory

                        ; get byte parameter

D59D                    LAB_GTBY
D59D  20 DECB           	JSR	LAB_EVNM		; evaluate expression and check is numeric,
                        					; else do type mismatch

                        ; evaluate byte expression, result in X

D5A0                    LAB_EVBY
D5A0  20 B3CF           	JSR	LAB_EVPI		; evaluate integer expression (no check)

D5A3  A4 AE             	LDY	FAC1_2		; get FAC1 mantissa2
D5A5  D0 F0             	BNE	LAB_23A8		; if top byte <> 0 do function call error then warm start

D5A7  A6 AF             	LDX	FAC1_3		; get FAC1 mantissa3
D5A9  4C C200           	JMP	LAB_GBYT		; scan memory and return

                        ; perform VAL()

D5AC                    LAB_VAL
D5AC  20 85D5           	JSR	LAB_ESGL		; evaluate string, get length in A (and Y)
D5AF  D0 03             	BNE	LAB_23C5		; branch if not null string

                        					; string was null so set result = $00
D5B1  4C 61D7           	JMP	LAB_24F1		; clear FAC1 exponent and sign and return

D5B4                    LAB_23C5
D5B4  A6 C3             	LDX	Bpntrl		; get BASIC execute pointer low byte
D5B6  A4 C4             	LDY	Bpntrh		; get BASIC execute pointer high byte
D5B8  86 BA             	STX	Btmpl			; save BASIC execute pointer low byte
D5BA  84 BB             	STY	Btmph			; save BASIC execute pointer high byte
D5BC  A6 71             	LDX	ut1_pl		; get string pointer low byte
D5BE  86 C3             	STX	Bpntrl		; save as BASIC execute pointer low byte
D5C0  18                	CLC				; clear carry
D5C1  65 71             	ADC	ut1_pl		; add string length
D5C3  85 73             	STA	ut2_pl		; save string end low byte
D5C5  A5 72             	LDA	ut1_ph		; get string pointer high byte
D5C7  85 C4             	STA	Bpntrh		; save as BASIC execute pointer high byte
D5C9  69 00             	ADC	#$00			; add carry to high byte
D5CB  85 74             	STA	ut2_ph		; save string end high byte
D5CD  A0 00             	LDY	#$00			; set index to $00
D5CF  B1 73             	LDA	(ut2_pl),Y		; get string end +1 byte
D5D1  48                	PHA				; push it
D5D2  98                	TYA				; clear A
D5D3  91 73             	STA	(ut2_pl),Y		; terminate string with $00
D5D5  20 C200           	JSR	LAB_GBYT		; scan memory
D5D8  20 B7DA           	JSR	LAB_2887		; get FAC1 from string
D5DB  68                	PLA				; restore string end +1 byte
D5DC  A0 00             	LDY	#$00			; set index to zero
D5DE  91 73             	STA	(ut2_pl),Y		; put string end byte back

                        ; restore BASIC execute pointer from temp (Btmpl/Btmph)

D5E0                    LAB_23F3
D5E0  A6 BA             	LDX	Btmpl			; get BASIC execute pointer low byte back
D5E2  A4 BB             	LDY	Btmph			; get BASIC execute pointer high byte back
D5E4  86 C3             	STX	Bpntrl		; save BASIC execute pointer low byte
D5E6  84 C4             	STY	Bpntrh		; save BASIC execute pointer high byte
D5E8  60                	RTS

                        ; get two parameters for POKE or WAIT

D5E9                    LAB_GADB
D5E9  20 DECB           	JSR	LAB_EVNM		; evaluate expression and check is numeric,
                        					; else do type mismatch
D5EC  20 02D6           	JSR	LAB_F2FX		; save integer part of FAC1 in temporary integer

                        ; scan for "," and get byte, else do Syntax error then warm start

D5EF                    LAB_SCGB
D5EF  20 0FCD           	JSR	LAB_1C01		; scan for "," , else do syntax error then warm start
D5F2  A5 12             	LDA	Itemph		; save temporary integer high byte
D5F4  48                	PHA				; on stack
D5F5  A5 11             	LDA	Itempl		; save temporary integer low byte
D5F7  48                	PHA				; on stack
D5F8  20 9DD5           	JSR	LAB_GTBY		; get byte parameter
D5FB  68                	PLA				; pull low byte
D5FC  85 11             	STA	Itempl		; restore temporary integer low byte
D5FE  68                	PLA				; pull high byte
D5FF  85 12             	STA	Itemph		; restore temporary integer high byte
D601  60                	RTS

                        ; convert float to fixed routine. accepts any value that fits in 24 bits, +ve or
                        ; -ve and converts it into a right truncated integer in Itempl and Itemph

                        ; save unsigned 16 bit integer part of FAC1 in temporary integer

D602                    LAB_F2FX
D602  A5 AC             	LDA	FAC1_e		; get FAC1 exponent
D604  C9 98             	CMP	#$98			; compare with exponent = 2^24
D606  B0 8F             	BCS	LAB_23A8		; if >= do function call error then warm start

D608                    LAB_F2FU
D608  20 61DA           	JSR	LAB_2831		; convert FAC1 floating-to-fixed
D60B  A5 AE             	LDA	FAC1_2		; get FAC1 mantissa2
D60D  A4 AF             	LDY	FAC1_3		; get FAC1 mantissa3
D60F  84 11             	STY	Itempl		; save temporary integer low byte
D611  85 12             	STA	Itemph		; save temporary integer high byte
D613  60                	RTS

                        ; perform PEEK()

D614                    LAB_PEEK
D614  20 02D6           	JSR	LAB_F2FX		; save integer part of FAC1 in temporary integer
D617  A2 00             	LDX	#$00			; clear index
D619  A1 11             	LDA	(Itempl,X)		; get byte via temporary integer (addr)
D61B  A8                	TAY				; copy byte to Y
D61C  4C 77D1           	JMP	LAB_1FD0		; convert Y to byte in FAC1 and return

                        ; perform POKE

D61F                    LAB_POKE
D61F  20 E9D5           	JSR	LAB_GADB		; get two parameters for POKE or WAIT
D622  8A                	TXA				; copy byte argument to A
D623  A2 00             	LDX	#$00			; clear index
D625  81 11             	STA	(Itempl,X)		; save byte via temporary integer (addr)
D627  60                	RTS

                        ; perform DEEK()

D628                    LAB_DEEK
D628  20 02D6           	JSR	LAB_F2FX		; save integer part of FAC1 in temporary integer
D62B  A2 00             	LDX	#$00			; clear index
D62D  A1 11             	LDA	(Itempl,X)		; PEEK low byte
D62F  A8                	TAY				; copy to Y
D630  E6 11             	INC	Itempl		; increment pointer low byte
D632  D0 02             	BNE	Deekh			; skip high increment if no rollover

D634  E6 12             	INC	Itemph		; increment pointer high byte
D636                    Deekh
D636  A1 11             	LDA	(Itempl,X)		; PEEK high byte
D638  4C 6AD1           	JMP	LAB_AYFC		; save and convert integer AY to FAC1 and return

                        ; perform DOKE

D63B                    LAB_DOKE
D63B  20 DECB           	JSR	LAB_EVNM		; evaluate expression and check is numeric,
                        					; else do type mismatch
D63E  20 02D6           	JSR	LAB_F2FX		; convert floating-to-fixed

D641  84 97             	STY	Frnxtl		; save pointer low byte (float to fixed returns word in AY)
D643  85 98             	STA	Frnxth		; save pointer high byte

D645  20 0FCD           	JSR	LAB_1C01		; scan for "," , else do syntax error then warm start
D648  20 DECB           	JSR	LAB_EVNM		; evaluate expression and check is numeric,
                        					; else do type mismatch
D64B  20 02D6           	JSR	LAB_F2FX		; convert floating-to-fixed

D64E  98                	TYA				; copy value low byte (float to fixed returns word in AY)
D64F  A2 00             	LDX	#$00			; clear index
D651  81 97             	STA	(Frnxtl,X)		; POKE low byte
D653  E6 97             	INC	Frnxtl		; increment pointer low byte
D655  D0 02             	BNE	Dokeh			; skip high increment if no rollover

D657  E6 98             	INC	Frnxth		; increment pointer high byte
D659                    Dokeh
D659  A5 12             	LDA	Itemph		; get value high byte
D65B  81 97             	STA	(Frnxtl,X)		; POKE high byte
D65D  4C C200           	JMP	LAB_GBYT		; scan memory and return

                        ; perform SWAP

D660                    LAB_SWAP
D660  20 BBCE           	JSR	LAB_GVAR		; get var1 address
D663  85 97             	STA	Lvarpl		; save var1 address low byte
D665  84 98             	STY	Lvarph		; save var1 address high byte
D667  A5 5F             	LDA	Dtypef		; get data type flag, $FF=string, $00=numeric
D669  48                	PHA				; save data type flag

D66A  20 0FCD           	JSR	LAB_1C01		; scan for "," , else do syntax error then warm start
D66D  20 BBCE           	JSR	LAB_GVAR		; get var2 address (pointer in Cvaral/h)
D670  68                	PLA				; pull var1 data type flag
D671  45 5F             	EOR	Dtypef		; compare with var2 data type
D673  10 10             	BPL	SwapErr		; exit if not both the same type

D675  A0 03             	LDY	#$03			; four bytes to swap (either value or descriptor+1)
D677                    SwapLp
D677  B1 97             	LDA	(Lvarpl),Y		; get byte from var1
D679  AA                	TAX				; save var1 byte
D67A  B1 95             	LDA	(Cvaral),Y		; get byte from var2
D67C  91 97             	STA	(Lvarpl),Y		; save byte to var1
D67E  8A                	TXA				; restore var1 byte
D67F  91 95             	STA	(Cvaral),Y		; save byte to var2
D681  88                	DEY				; decrement index
D682  10 F3             	BPL	SwapLp		; loop until done

D684  60                	RTS

D685                    SwapErr
D685  4C EDCB           	JMP	LAB_1ABC		; do "Type mismatch" error then warm start

                        ; perform CALL

D688                    LAB_CALL
D688  20 DECB           	JSR	LAB_EVNM		; evaluate expression and check is numeric,
                        					; else do type mismatch
D68B  20 02D6           	JSR	LAB_F2FX		; convert floating-to-fixed
D68E  A9 D6             	LDA	#>CallExit		; set return address high byte
D690  48                	PHA				; put on stack
D691  A9 96             	LDA	#<CallExit-1	; set return address low byte
D693  48                	PHA				; put on stack
D694  6C 1100           	JMP	(Itempl)		; do indirect jump to user routine

                        ; if the called routine exits correctly then it will return to here. this will then get
                        ; the next byte for the interpreter and return

D697                    CallExit
D697  4C C200           	JMP	LAB_GBYT		; scan memory and return

                        ; perform WAIT

D69A                    LAB_WAIT
D69A  20 E9D5           	JSR	LAB_GADB		; get two parameters for POKE or WAIT
D69D  86 97             	STX	Frnxtl		; save byte
D69F  A2 00             	LDX	#$00			; clear mask
D6A1  20 C200           	JSR	LAB_GBYT		; scan memory
D6A4  F0 03             	BEQ	LAB_2441		; skip if no third argument

D6A6  20 EFD5           	JSR	LAB_SCGB		; scan for "," and get byte, else SN error then warm start
D6A9                    LAB_2441
D6A9  86 98             	STX	Frnxth		; save EOR argument
D6AB                    LAB_2445
D6AB  B1 11             	LDA	(Itempl),Y		; get byte via temporary integer (addr)
D6AD  45 98             	EOR	Frnxth		; EOR with second argument (mask)
D6AF  25 97             	AND	Frnxtl		; AND with first argument (byte)
D6B1  F0 F8             	BEQ	LAB_2445		; loop if result is zero

D6B3                    LAB_244D
D6B3  60                	RTS

                        ; perform subtraction, FAC1 from (AY)

D6B4                    LAB_2455
D6B4  20 9CD8           	JSR	LAB_264D		; unpack memory (AY) into FAC2

                        ; perform subtraction, FAC1 from FAC2

D6B7                    LAB_SUBTRACT
D6B7  A5 B0             	LDA	FAC1_s		; get FAC1 sign (b7)
D6B9  49 FF             	EOR	#$FF			; complement it
D6BB  85 B0             	STA	FAC1_s		; save FAC1 sign (b7)
D6BD  45 B7             	EOR	FAC2_s		; EOR with FAC2 sign (b7)
D6BF  85 B8             	STA	FAC_sc		; save sign compare (FAC1 EOR FAC2)
D6C1  A5 AC             	LDA	FAC1_e		; get FAC1 exponent
D6C3  4C D2D6           	JMP	LAB_ADD		; go add FAC2 to FAC1

                        ; perform addition

D6C6                    LAB_2467
D6C6  20 EBD7           	JSR	LAB_257B		; shift FACX A times right (>8 shifts)
D6C9  90 4D             	BCC	LAB_24A8		;.go subtract mantissas

                        ; add 0.5 to FAC1

D6CB                    LAB_244E
D6CB  A9 EC             	LDA	#<LAB_2A96		; set 0.5 pointer low byte
D6CD  A0 E2             	LDY	#>LAB_2A96		; set 0.5 pointer high byte

                        ; add (AY) to FAC1

D6CF                    LAB_246C
D6CF  20 9CD8           	JSR	LAB_264D		; unpack memory (AY) into FAC2

                        ; add FAC2 to FAC1

D6D2                    LAB_ADD
D6D2  D0 10             	BNE	LAB_2474		; branch if FAC1 was not zero

                        ; copy FAC2 to FAC1

D6D4                    LAB_279B
D6D4  A5 B7             	LDA	FAC2_s		; get FAC2 sign (b7)

                        ; save FAC1 sign and copy ABS(FAC2) to FAC1

D6D6                    LAB_279D
D6D6  85 B0             	STA	FAC1_s		; save FAC1 sign (b7)
D6D8  A2 04             	LDX	#$04			; 4 bytes to copy
D6DA                    LAB_27A1
D6DA  B5 B2             	LDA	FAC1_o,X		; get byte from FAC2,X
D6DC  95 AB             	STA	FAC1_e-1,X		; save byte at FAC1,X
D6DE  CA                	DEX				; decrement count
D6DF  D0 F9             	BNE	LAB_27A1		; loop if not all done

D6E1  86 B9             	STX	FAC1_r		; clear FAC1 rounding byte
D6E3  60                	RTS

                        					; FAC1 is non zero
D6E4                    LAB_2474
D6E4  A6 B9             	LDX	FAC1_r		; get FAC1 rounding byte
D6E6  86 A3             	STX	FAC2_r		; save as FAC2 rounding byte
D6E8  A2 B3             	LDX	#FAC2_e		; set index to FAC2 exponent addr
D6EA  A5 B3             	LDA	FAC2_e		; get FAC2 exponent
D6EC                    LAB_247C
D6EC  A8                	TAY				; copy exponent
D6ED  F0 C4             	BEQ	LAB_244D		; exit if zero

D6EF  38                	SEC				; set carry for subtract
D6F0  E5 AC             	SBC	FAC1_e		; subtract FAC1 exponent
D6F2  F0 24             	BEQ	LAB_24A8		; branch if = (go add mantissa)

D6F4  90 12             	BCC	LAB_2498		; branch if <

                        					; FAC2>FAC1
D6F6  84 AC             	STY	FAC1_e		; save FAC1 exponent
D6F8  A4 B7             	LDY	FAC2_s		; get FAC2 sign (b7)
D6FA  84 B0             	STY	FAC1_s		; save FAC1 sign (b7)
D6FC  49 FF             	EOR	#$FF			; complement A
D6FE  69 00             	ADC	#$00			; +1 (twos complement, carry is set)
D700  A0 00             	LDY	#$00			; clear Y
D702  84 A3             	STY	FAC2_r		; clear FAC2 rounding byte
D704  A2 AC             	LDX	#FAC1_e		; set index to FAC1 exponent addr
D706  D0 04             	BNE	LAB_249C		; branch always

D708                    LAB_2498
D708  A0 00             	LDY	#$00			; clear Y
D70A  84 B9             	STY	FAC1_r		; clear FAC1 rounding byte
D70C                    LAB_249C
D70C  C9 F9             	CMP	#$F9			; compare exponent diff with $F9
D70E  30 B6             	BMI	LAB_2467		; branch if range $79-$F8

D710  A8                	TAY				; copy exponent difference to Y
D711  A5 B9             	LDA	FAC1_r		; get FAC1 rounding byte
D713  56 01             	LSR	PLUS_1,X		; shift FAC? mantissa1
D715  20 02D8           	JSR	LAB_2592		; shift FACX Y times right

                        					; exponents are equal now do mantissa subtract
D718                    LAB_24A8
D718  24 B8             	BIT	FAC_sc		; test sign compare (FAC1 EOR FAC2)
D71A  10 4C             	BPL	LAB_24F8		; if = add FAC2 mantissa to FAC1 mantissa and return

D71C  A0 AC             	LDY	#FAC1_e		; set index to FAC1 exponent addr
D71E  E0 B3             	CPX	#FAC2_e		; compare X to FAC2 exponent addr
D720  F0 02             	BEQ	LAB_24B4		; branch if =

D722  A0 B3             	LDY	#FAC2_e		; else set index to FAC2 exponent addr

                        					; subtract smaller from bigger (take sign of bigger)
D724                    LAB_24B4
D724  38                	SEC				; set carry for subtract
D725  49 FF             	EOR	#$FF			; ones complement A
D727  65 A3             	ADC	FAC2_r		; add FAC2 rounding byte
D729  85 B9             	STA	FAC1_r		; save FAC1 rounding byte
D72B  B9 0300           	LDA	PLUS_3,Y		; get FACY mantissa3
D72E  F5 03             	SBC	PLUS_3,X		; subtract FACX mantissa3
D730  85 AF             	STA	FAC1_3		; save FAC1 mantissa3
D732  B9 0200           	LDA	PLUS_2,Y		; get FACY mantissa2
D735  F5 02             	SBC	PLUS_2,X		; subtract FACX mantissa2
D737  85 AE             	STA	FAC1_2		; save FAC1 mantissa2
D739  B9 0100           	LDA	PLUS_1,Y		; get FACY mantissa1
D73C  F5 01             	SBC	PLUS_1,X		; subtract FACX mantissa1
D73E  85 AD             	STA	FAC1_1		; save FAC1 mantissa1

                        ; do ABS and normalise FAC1

D740                    LAB_24D0
D740  B0 03             	BCS	LAB_24D5		; branch if number is +ve

D742  20 A7D7           	JSR	LAB_2537		; negate FAC1

                        ; normalise FAC1

D745                    LAB_24D5
D745  A0 00             	LDY	#$00			; clear Y
D747  98                	TYA				; clear A
D748  18                	CLC				; clear carry for add
D749                    LAB_24D9
D749  A6 AD             	LDX	FAC1_1		; get FAC1 mantissa1
D74B  D0 3E             	BNE	LAB_251B		; if not zero normalise FAC1

D74D  A6 AE             	LDX	FAC1_2		; get FAC1 mantissa2
D74F  86 AD             	STX	FAC1_1		; save FAC1 mantissa1
D751  A6 AF             	LDX	FAC1_3		; get FAC1 mantissa3
D753  86 AE             	STX	FAC1_2		; save FAC1 mantissa2
D755  A6 B9             	LDX	FAC1_r		; get FAC1 rounding byte
D757  86 AF             	STX	FAC1_3		; save FAC1 mantissa3
D759  84 B9             	STY	FAC1_r		; clear FAC1 rounding byte
D75B  69 08             	ADC	#$08			; add x to exponent offset
D75D  C9 18             	CMP	#$18			; compare with $18 (max offset, all bits would be =0)
D75F  D0 E8             	BNE	LAB_24D9		; loop if not max

                        ; clear FAC1 exponent and sign

D761                    LAB_24F1
D761  A9 00             	LDA	#$00			; clear A
D763                    LAB_24F3
D763  85 AC             	STA	FAC1_e		; set FAC1 exponent

                        ; save FAC1 sign

D765                    LAB_24F5
D765  85 B0             	STA	FAC1_s		; save FAC1 sign (b7)
D767  60                	RTS

                        ; add FAC2 mantissa to FAC1 mantissa

D768                    LAB_24F8
D768  65 A3             	ADC	FAC2_r		; add FAC2 rounding byte
D76A  85 B9             	STA	FAC1_r		; save FAC1 rounding byte
D76C  A5 AF             	LDA	FAC1_3		; get FAC1 mantissa3
D76E  65 B6             	ADC	FAC2_3		; add FAC2 mantissa3
D770  85 AF             	STA	FAC1_3		; save FAC1 mantissa3
D772  A5 AE             	LDA	FAC1_2		; get FAC1 mantissa2
D774  65 B5             	ADC	FAC2_2		; add FAC2 mantissa2
D776  85 AE             	STA	FAC1_2		; save FAC1 mantissa2
D778  A5 AD             	LDA	FAC1_1		; get FAC1 mantissa1
D77A  65 B4             	ADC	FAC2_1		; add FAC2 mantissa1
D77C  85 AD             	STA	FAC1_1		; save FAC1 mantissa1
D77E  B0 1A             	BCS	LAB_252A		; if carry then normalise FAC1 for C=1

D780  60                	RTS				; else just exit

D781                    LAB_2511
D781  69 01             	ADC	#$01			; add 1 to exponent offset
D783  06 B9             	ASL	FAC1_r		; shift FAC1 rounding byte
D785  26 AF             	ROL	FAC1_3		; shift FAC1 mantissa3
D787  26 AE             	ROL	FAC1_2		; shift FAC1 mantissa2
D789  26 AD             	ROL	FAC1_1		; shift FAC1 mantissa1

                        ; normalise FAC1

D78B                    LAB_251B
D78B  10 F4             	BPL	LAB_2511		; loop if not normalised

D78D  38                	SEC				; set carry for subtract
D78E  E5 AC             	SBC	FAC1_e		; subtract FAC1 exponent
D790  B0 CF             	BCS	LAB_24F1		; branch if underflow (set result = $0)

D792  49 FF             	EOR	#$FF			; complement exponent
D794  69 01             	ADC	#$01			; +1 (twos complement)
D796  85 AC             	STA	FAC1_e		; save FAC1 exponent

                        ; test and normalise FAC1 for C=0/1

D798                    LAB_2528
D798  90 0C             	BCC	LAB_2536		; exit if no overflow

                        ; normalise FAC1 for C=1

D79A                    LAB_252A
D79A  E6 AC             	INC	FAC1_e		; increment FAC1 exponent
D79C  F0 36             	BEQ	LAB_2564		; if zero do overflow error and warm start

D79E  66 AD             	ROR	FAC1_1		; shift FAC1 mantissa1
D7A0  66 AE             	ROR	FAC1_2		; shift FAC1 mantissa2
D7A2  66 AF             	ROR	FAC1_3		; shift FAC1 mantissa3
D7A4  66 B9             	ROR	FAC1_r		; shift FAC1 rounding byte
D7A6                    LAB_2536
D7A6  60                	RTS

                        ; negate FAC1

D7A7                    LAB_2537
D7A7  A5 B0             	LDA	FAC1_s		; get FAC1 sign (b7)
D7A9  49 FF             	EOR	#$FF			; complement it
D7AB  85 B0             	STA	FAC1_s		; save FAC1 sign (b7)

                        ; twos complement FAC1 mantissa

D7AD                    LAB_253D
D7AD  A5 AD             	LDA	FAC1_1		; get FAC1 mantissa1
D7AF  49 FF             	EOR	#$FF			; complement it
D7B1  85 AD             	STA	FAC1_1		; save FAC1 mantissa1
D7B3  A5 AE             	LDA	FAC1_2		; get FAC1 mantissa2
D7B5  49 FF             	EOR	#$FF			; complement it
D7B7  85 AE             	STA	FAC1_2		; save FAC1 mantissa2
D7B9  A5 AF             	LDA	FAC1_3		; get FAC1 mantissa3
D7BB  49 FF             	EOR	#$FF			; complement it
D7BD  85 AF             	STA	FAC1_3		; save FAC1 mantissa3
D7BF  A5 B9             	LDA	FAC1_r		; get FAC1 rounding byte
D7C1  49 FF             	EOR	#$FF			; complement it
D7C3  85 B9             	STA	FAC1_r		; save FAC1 rounding byte
D7C5  E6 B9             	INC	FAC1_r		; increment FAC1 rounding byte
D7C7  D0 0A             	BNE	LAB_2563		; exit if no overflow

                        ; increment FAC1 mantissa

D7C9                    LAB_2559
D7C9  E6 AF             	INC	FAC1_3		; increment FAC1 mantissa3
D7CB  D0 06             	BNE	LAB_2563		; finished if no rollover

D7CD  E6 AE             	INC	FAC1_2		; increment FAC1 mantissa2
D7CF  D0 02             	BNE	LAB_2563		; finished if no rollover

D7D1  E6 AD             	INC	FAC1_1		; increment FAC1 mantissa1
D7D3                    LAB_2563
D7D3  60                	RTS

                        ; do overflow error (overflow exit)

D7D4                    LAB_2564
D7D4  A2 0A             	LDX	#$0A			; error code $0A ("Overflow" error)
D7D6  4C 42C2           	JMP	LAB_XERR		; do error #X, then warm start

                        ; shift FCAtemp << A+8 times

D7D9                    LAB_2569
D7D9  A2 74             	LDX	#FACt_1-1		; set offset to FACtemp
D7DB                    LAB_256B
D7DB  B4 03             	LDY	PLUS_3,X		; get FACX mantissa3
D7DD  84 B9             	STY	FAC1_r		; save as FAC1 rounding byte
D7DF  B4 02             	LDY	PLUS_2,X		; get FACX mantissa2
D7E1  94 03             	STY	PLUS_3,X		; save FACX mantissa3
D7E3  B4 01             	LDY	PLUS_1,X		; get FACX mantissa1
D7E5  94 02             	STY	PLUS_2,X		; save FACX mantissa2
D7E7  A4 B2             	LDY	FAC1_o		; get FAC1 overflow byte
D7E9  94 01             	STY	PLUS_1,X		; save FACX mantissa1

                        ; shift FACX -A times right (> 8 shifts)

D7EB                    LAB_257B
D7EB  69 08             	ADC	#$08			; add 8 to shift count
D7ED  30 EC             	BMI	LAB_256B		; go do 8 shift if still -ve

D7EF  F0 EA             	BEQ	LAB_256B		; go do 8 shift if zero

D7F1  E9 08             	SBC	#$08			; else subtract 8 again
D7F3  A8                	TAY				; save count to Y
D7F4  A5 B9             	LDA	FAC1_r		; get FAC1 rounding byte
D7F6  B0 12             	BCS	LAB_259A		;.

D7F8                    LAB_2588
D7F8  16 01             	ASL	PLUS_1,X		; shift FACX mantissa1
D7FA  90 02             	BCC	LAB_258E		; branch if +ve

D7FC  F6 01             	INC	PLUS_1,X		; this sets b7 eventually
D7FE                    LAB_258E
D7FE  76 01             	ROR	PLUS_1,X		; shift FACX mantissa1 (correct for ASL)
D800  76 01             	ROR	PLUS_1,X		; shift FACX mantissa1 (put carry in b7)

                        ; shift FACX Y times right

D802                    LAB_2592
D802  76 02             	ROR	PLUS_2,X		; shift FACX mantissa2
D804  76 03             	ROR	PLUS_3,X		; shift FACX mantissa3
D806  6A                	ROR				; shift FACX rounding byte
D807  C8                	INY				; increment exponent diff
D808  D0 EE             	BNE	LAB_2588		; branch if range adjust not complete

D80A                    LAB_259A
D80A  18                	CLC				; just clear it
D80B  60                	RTS

                        ; perform LOG()

D80C                    LAB_LOG
D80C  20 FAD9           	JSR	LAB_27CA		; test sign and zero
D80F  F0 02             	BEQ	LAB_25C4		; if zero do function call error then warm start

D811  10 03             	BPL	LAB_25C7		; skip error if +ve

D813                    LAB_25C4
D813  4C 3AD0           	JMP	LAB_FCER		; do function call error then warm start (-ve)

D816                    LAB_25C7
D816  A5 AC             	LDA	FAC1_e		; get FAC1 exponent
D818  E9 7F             	SBC	#$7F			; normalise it
D81A  48                	PHA				; save it
D81B  A9 80             	LDA	#$80			; set exponent to zero
D81D  85 AC             	STA	FAC1_e		; save FAC1 exponent
D81F  A9 6C             	LDA	#<LAB_25AD		; set 1/root2 pointer low byte
D821  A0 E2             	LDY	#>LAB_25AD		; set 1/root2 pointer high byte
D823  20 CFD6           	JSR	LAB_246C		; add (AY) to FAC1 (1/root2)
D826  A9 70             	LDA	#<LAB_25B1		; set root2 pointer low byte
D828  A0 E2             	LDY	#>LAB_25B1		; set root2 pointer high byte
D82A  20 12D9           	JSR	LAB_26CA		; convert AY and do (AY)/FAC1 (root2/(x+(1/root2)))
D82D  A9 E3             	LDA	#<LAB_259C		; set 1 pointer low byte
D82F  A0 E2             	LDY	#>LAB_259C		; set 1 pointer high byte
D831  20 B4D6           	JSR	LAB_2455		; subtract (AY) from FAC1 ((root2/(x+(1/root2)))-1)
D834  A9 5F             	LDA	#<LAB_25A0		; set pointer low byte to counter
D836  A0 E2             	LDY	#>LAB_25A0		; set pointer high byte to counter
D838  20 62DD           	JSR	LAB_2B6E		; ^2 then series evaluation
D83B  A9 74             	LDA	#<LAB_25B5		; set -0.5 pointer low byte
D83D  A0 E2             	LDY	#>LAB_25B5		; set -0.5 pointer high byte
D83F  20 CFD6           	JSR	LAB_246C		; add (AY) to FAC1
D842  68                	PLA				; restore FAC1 exponent
D843  20 56DB           	JSR	LAB_2912		; evaluate new ASCII digit
D846  A9 78             	LDA	#<LAB_25B9		; set LOG(2) pointer low byte
D848  A0 E2             	LDY	#>LAB_25B9		; set LOG(2) pointer high byte

                        ; do convert AY, FCA1*(AY)

D84A                    LAB_25FB
D84A  20 9CD8           	JSR	LAB_264D		; unpack memory (AY) into FAC2
D84D                    LAB_MULTIPLY
D84D  F0 4C             	BEQ	LAB_264C		; exit if zero

D84F  20 C2D8           	JSR	LAB_2673		; test and adjust accumulators
D852  A9 00             	LDA	#$00			; clear A
D854  85 75             	STA	FACt_1		; clear temp mantissa1
D856  85 76             	STA	FACt_2		; clear temp mantissa2
D858  85 77             	STA	FACt_3		; clear temp mantissa3
D85A  A5 B9             	LDA	FAC1_r		; get FAC1 rounding byte
D85C  20 71D8           	JSR	LAB_2622		; go do shift/add FAC2
D85F  A5 AF             	LDA	FAC1_3		; get FAC1 mantissa3
D861  20 71D8           	JSR	LAB_2622		; go do shift/add FAC2
D864  A5 AE             	LDA	FAC1_2		; get FAC1 mantissa2
D866  20 71D8           	JSR	LAB_2622		; go do shift/add FAC2
D869  A5 AD             	LDA	FAC1_1		; get FAC1 mantissa1
D86B  20 76D8           	JSR	LAB_2627		; go do shift/add FAC2
D86E  4C 7FD9           	JMP	LAB_273C		; copy temp to FAC1, normalise and return

D871                    LAB_2622
D871  D0 03             	BNE	LAB_2627		; branch if byte <> zero

D873  4C D9D7           	JMP	LAB_2569		; shift FCAtemp << A+8 times

                        					; else do shift and add
D876                    LAB_2627
D876  4A                	LSR				; shift byte
D877  09 80             	ORA	#$80			; set top bit (mark for 8 times)
D879                    LAB_262A
D879  A8                	TAY				; copy result
D87A  90 13             	BCC	LAB_2640		; skip next if bit was zero

D87C  18                	CLC				; clear carry for add
D87D  A5 77             	LDA	FACt_3		; get temp mantissa3
D87F  65 B6             	ADC	FAC2_3		; add FAC2 mantissa3
D881  85 77             	STA	FACt_3		; save temp mantissa3
D883  A5 76             	LDA	FACt_2		; get temp mantissa2
D885  65 B5             	ADC	FAC2_2		; add FAC2 mantissa2
D887  85 76             	STA	FACt_2		; save temp mantissa2
D889  A5 75             	LDA	FACt_1		; get temp mantissa1
D88B  65 B4             	ADC	FAC2_1		; add FAC2 mantissa1
D88D  85 75             	STA	FACt_1		; save temp mantissa1
D88F                    LAB_2640
D88F  66 75             	ROR	FACt_1		; shift temp mantissa1
D891  66 76             	ROR	FACt_2		; shift temp mantissa2
D893  66 77             	ROR	FACt_3		; shift temp mantissa3
D895  66 B9             	ROR	FAC1_r		; shift temp rounding byte
D897  98                	TYA				; get byte back
D898  4A                	LSR				; shift byte
D899  D0 DE             	BNE	LAB_262A		; loop if all bits not done

D89B                    LAB_264C
D89B  60                	RTS

                        ; unpack memory (AY) into FAC2

D89C                    LAB_264D
D89C  85 71             	STA	ut1_pl		; save pointer low byte
D89E  84 72             	STY	ut1_ph		; save pointer high byte
D8A0  A0 03             	LDY	#$03			; 4 bytes to get (0-3)
D8A2  B1 71             	LDA	(ut1_pl),Y		; get mantissa3
D8A4  85 B6             	STA	FAC2_3		; save FAC2 mantissa3
D8A6  88                	DEY				; decrement index
D8A7  B1 71             	LDA	(ut1_pl),Y		; get mantissa2
D8A9  85 B5             	STA	FAC2_2		; save FAC2 mantissa2
D8AB  88                	DEY				; decrement index
D8AC  B1 71             	LDA	(ut1_pl),Y		; get mantissa1+sign
D8AE  85 B7             	STA	FAC2_s		; save FAC2 sign (b7)
D8B0  45 B0             	EOR	FAC1_s		; EOR with FAC1 sign (b7)
D8B2  85 B8             	STA	FAC_sc		; save sign compare (FAC1 EOR FAC2)
D8B4  A5 B7             	LDA	FAC2_s		; recover FAC2 sign (b7)
D8B6  09 80             	ORA	#$80			; set 1xxx xxx (set normal bit)
D8B8  85 B4             	STA	FAC2_1		; save FAC2 mantissa1
D8BA  88                	DEY				; decrement index
D8BB  B1 71             	LDA	(ut1_pl),Y		; get exponent byte
D8BD  85 B3             	STA	FAC2_e		; save FAC2 exponent
D8BF  A5 AC             	LDA	FAC1_e		; get FAC1 exponent
D8C1  60                	RTS

                        ; test and adjust accumulators

D8C2                    LAB_2673
D8C2  A5 B3             	LDA	FAC2_e		; get FAC2 exponent
D8C4                    LAB_2675
D8C4  F0 1D             	BEQ	LAB_2696		; branch if FAC2 = $00 (handle underflow)

D8C6  18                	CLC				; clear carry for add
D8C7  65 AC             	ADC	FAC1_e		; add FAC1 exponent
D8C9  90 04             	BCC	LAB_2680		; branch if sum of exponents <$0100

D8CB  30 31             	BMI	LAB_269B		; do overflow error

D8CD  18                	CLC				; clear carry for the add
D8CE  2C                	.byte	$2C			; makes next line BIT $1410
D8CF                    LAB_2680
D8CF  10 12             	BPL	LAB_2696		; if +ve go handle underflow

D8D1  69 80             	ADC	#$80			; adjust exponent
D8D3  85 AC             	STA	FAC1_e		; save FAC1 exponent
D8D5  D0 03             	BNE	LAB_268B		; branch if not zero

D8D7  4C 65D7           	JMP	LAB_24F5		; save FAC1 sign and return

D8DA                    LAB_268B
D8DA  A5 B8             	LDA	FAC_sc		; get sign compare (FAC1 EOR FAC2)
D8DC  85 B0             	STA	FAC1_s		; save FAC1 sign (b7)
D8DE                    LAB_268F
D8DE  60                	RTS

                        ; handle overflow and underflow

D8DF                    LAB_2690
D8DF  A5 B0             	LDA	FAC1_s		; get FAC1 sign (b7)
D8E1  10 1B             	BPL	LAB_269B		; do overflow error

                        					; handle underflow
D8E3                    LAB_2696
D8E3  68                	PLA				; pop return address low byte
D8E4  68                	PLA				; pop return address high byte
D8E5  4C 61D7           	JMP	LAB_24F1		; clear FAC1 exponent and sign and return

                        ; multiply by 10

D8E8                    LAB_269E
D8E8  20 DBD9           	JSR	LAB_27AB		; round and copy FAC1 to FAC2
D8EB  AA                	TAX				; copy exponent (set the flags)
D8EC  F0 F0             	BEQ	LAB_268F		; exit if zero

D8EE  18                	CLC				; clear carry for add
D8EF  69 02             	ADC	#$02			; add two to exponent (*4)
D8F1  B0 0B             	BCS	LAB_269B		; do overflow error if > $FF

D8F3  A2 00             	LDX	#$00			; clear byte
D8F5  86 B8             	STX	FAC_sc		; clear sign compare (FAC1 EOR FAC2)
D8F7  20 ECD6           	JSR	LAB_247C		; add FAC2 to FAC1 (*5)
D8FA  E6 AC             	INC	FAC1_e		; increment FAC1 exponent (*10)
D8FC  D0 E0             	BNE	LAB_268F		; if non zero just do RTS

D8FE                    LAB_269B
D8FE  4C D4D7           	JMP	LAB_2564		; do overflow error and warm start

                        ; divide by 10

D901                    LAB_26B9
D901  20 DBD9           	JSR	LAB_27AB		; round and copy FAC1 to FAC2
D904  A9 F4             	LDA	#<LAB_26B5		; set pointer to 10d low addr
D906  A0 E2             	LDY	#>LAB_26B5		; set pointer to 10d high addr
D908  A2 00             	LDX	#$00			; clear sign

                        ; divide by (AY) (X=sign)

D90A                    LAB_26C2
D90A  86 B8             	STX	FAC_sc		; save sign compare (FAC1 EOR FAC2)
D90C  20 8ED9           	JSR	LAB_UFAC		; unpack memory (AY) into FAC1
D90F  4C 15D9           	JMP	LAB_DIVIDE		; do FAC2/FAC1

                        					; Perform divide-by
                        ; convert AY and do (AY)/FAC1

D912                    LAB_26CA
D912  20 9CD8           	JSR	LAB_264D		; unpack memory (AY) into FAC2

                        					; Perform divide-into
D915                    LAB_DIVIDE
D915  F0 63             	BEQ	LAB_2737		; if zero go do /0 error

D917  20 EAD9           	JSR	LAB_27BA		; round FAC1
D91A  A9 00             	LDA	#$00			; clear A
D91C  38                	SEC				; set carry for subtract
D91D  E5 AC             	SBC	FAC1_e		; subtract FAC1 exponent (2s complement)
D91F  85 AC             	STA	FAC1_e		; save FAC1 exponent
D921  20 C2D8           	JSR	LAB_2673		; test and adjust accumulators
D924  E6 AC             	INC	FAC1_e		; increment FAC1 exponent
D926  F0 D6             	BEQ	LAB_269B		; if zero do overflow error

D928  A2 FF             	LDX	#$FF			; set index for pre increment
D92A  A9 01             	LDA	#$01			; set bit to flag byte save
D92C                    LAB_26E4
D92C  A4 B4             	LDY	FAC2_1		; get FAC2 mantissa1
D92E  C4 AD             	CPY	FAC1_1		; compare FAC1 mantissa1
D930  D0 0A             	BNE	LAB_26F4		; branch if <>

D932  A4 B5             	LDY	FAC2_2		; get FAC2 mantissa2
D934  C4 AE             	CPY	FAC1_2		; compare FAC1 mantissa2
D936  D0 04             	BNE	LAB_26F4		; branch if <>

D938  A4 B6             	LDY	FAC2_3		; get FAC2 mantissa3
D93A  C4 AF             	CPY	FAC1_3		; compare FAC1 mantissa3
D93C                    LAB_26F4
D93C  08                	PHP				; save FAC2-FAC1 compare status
D93D  2A                	ROL				; shift the result byte
D93E  90 0E             	BCC	LAB_2702		; if no carry skip the byte save

D940  A0 01             	LDY	#$01			; set bit to flag byte save
D942  E8                	INX				; else increment the index to FACt
D943  E0 02             	CPX	#$02			; compare with the index to FACt_3
D945  30 04             	BMI	LAB_2701		; if not last byte just go save it

D947  D0 28             	BNE	LAB_272B		; if all done go save FAC1 rounding byte, normalise and
                        					; return

D949  A0 40             	LDY	#$40			; set bit to flag byte save for the rounding byte
D94B                    LAB_2701
D94B  95 75             	STA	FACt_1,X		; write result byte to FACt_1 + index
D94D  98                	TYA				; copy the next save byte flag
D94E                    LAB_2702
D94E  28                	PLP				; restore FAC2-FAC1 compare status
D94F  90 14             	BCC	LAB_2704		; if FAC2 < FAC1 then skip the subtract

D951  A8                	TAY				; save FAC2-FAC1 compare status
D952  A5 B6             	LDA	FAC2_3		; get FAC2 mantissa3
D954  E5 AF             	SBC	FAC1_3		; subtract FAC1 mantissa3
D956  85 B6             	STA	FAC2_3		; save FAC2 mantissa3
D958  A5 B5             	LDA	FAC2_2		; get FAC2 mantissa2
D95A  E5 AE             	SBC	FAC1_2		; subtract FAC1 mantissa2
D95C  85 B5             	STA	FAC2_2		; save FAC2 mantissa2
D95E  A5 B4             	LDA	FAC2_1		; get FAC2 mantissa1
D960  E5 AD             	SBC	FAC1_1		; subtract FAC1 mantissa1
D962  85 B4             	STA	FAC2_1		; save FAC2 mantissa1
D964  98                	TYA				; restore FAC2-FAC1 compare status

                        					; FAC2 = FAC2*2
D965                    LAB_2704
D965  06 B6             	ASL	FAC2_3		; shift FAC2 mantissa3
D967  26 B5             	ROL	FAC2_2		; shift FAC2 mantissa2
D969  26 B4             	ROL	FAC2_1		; shift FAC2 mantissa1
D96B  B0 CF             	BCS	LAB_26F4		; loop with no compare

D96D  30 BD             	BMI	LAB_26E4		; loop with compare

D96F  10 CB             	BPL	LAB_26F4		; loop always with no compare

                        ; do A<<6, save as FAC1 rounding byte, normalise and return

D971                    LAB_272B
D971  4A                	LSR				; shift b1 - b0 ..
D972  6A                	ROR				; ..
D973  6A                	ROR				; .. to b7 - b6
D974  85 B9             	STA	FAC1_r		; save FAC1 rounding byte
D976  28                	PLP				; dump FAC2-FAC1 compare status
D977  4C 7FD9           	JMP	LAB_273C		; copy temp to FAC1, normalise and return

                        ; do "Divide by zero" error

D97A                    LAB_2737
D97A  A2 14             	LDX	#$14			; error code $14 ("Divide by zero" error)
D97C  4C 42C2           	JMP	LAB_XERR		; do error #X, then warm start

                        ; copy temp to FAC1 and normalise

D97F                    LAB_273C
D97F  A5 75             	LDA	FACt_1		; get temp mantissa1
D981  85 AD             	STA	FAC1_1		; save FAC1 mantissa1
D983  A5 76             	LDA	FACt_2		; get temp mantissa2
D985  85 AE             	STA	FAC1_2		; save FAC1 mantissa2
D987  A5 77             	LDA	FACt_3		; get temp mantissa3
D989  85 AF             	STA	FAC1_3		; save FAC1 mantissa3
D98B  4C 45D7           	JMP	LAB_24D5		; normalise FAC1 and return

                        ; unpack memory (AY) into FAC1

D98E                    LAB_UFAC
D98E  85 71             	STA	ut1_pl		; save pointer low byte
D990  84 72             	STY	ut1_ph		; save pointer high byte
D992  A0 03             	LDY	#$03			; 4 bytes to do
D994  B1 71             	LDA	(ut1_pl),Y		; get last byte
D996  85 AF             	STA	FAC1_3		; save FAC1 mantissa3
D998  88                	DEY				; decrement index
D999  B1 71             	LDA	(ut1_pl),Y		; get last-1 byte
D99B  85 AE             	STA	FAC1_2		; save FAC1 mantissa2
D99D  88                	DEY				; decrement index
D99E  B1 71             	LDA	(ut1_pl),Y		; get second byte
D9A0  85 B0             	STA	FAC1_s		; save FAC1 sign (b7)
D9A2  09 80             	ORA	#$80			; set 1xxx xxxx (add normal bit)
D9A4  85 AD             	STA	FAC1_1		; save FAC1 mantissa1
D9A6  88                	DEY				; decrement index
D9A7  B1 71             	LDA	(ut1_pl),Y		; get first byte (exponent)
D9A9  85 AC             	STA	FAC1_e		; save FAC1 exponent
D9AB  84 B9             	STY	FAC1_r		; clear FAC1 rounding byte
D9AD  60                	RTS

                        ; pack FAC1 into Adatal

D9AE                    LAB_276E
D9AE  A2 A4             	LDX	#<Adatal		; set pointer low byte
D9B0                    LAB_2770
D9B0  A0 00             	LDY	#>Adatal		; set pointer high byte
D9B2  F0 04             	BEQ	LAB_2778		; pack FAC1 into (XY) and return

                        ; pack FAC1 into (Lvarpl)

D9B4                    LAB_PFAC
D9B4  A6 97             	LDX	Lvarpl		; get destination pointer low byte
D9B6  A4 98             	LDY	Lvarph		; get destination pointer high byte

                        ; pack FAC1 into (XY)

D9B8                    LAB_2778
D9B8  20 EAD9           	JSR	LAB_27BA		; round FAC1
D9BB  86 71             	STX	ut1_pl		; save pointer low byte
D9BD  84 72             	STY	ut1_ph		; save pointer high byte
D9BF  A0 03             	LDY	#$03			; set index
D9C1  A5 AF             	LDA	FAC1_3		; get FAC1 mantissa3
D9C3  91 71             	STA	(ut1_pl),Y		; store in destination
D9C5  88                	DEY				; decrement index
D9C6  A5 AE             	LDA	FAC1_2		; get FAC1 mantissa2
D9C8  91 71             	STA	(ut1_pl),Y		; store in destination
D9CA  88                	DEY				; decrement index
D9CB  A5 B0             	LDA	FAC1_s		; get FAC1 sign (b7)
D9CD  09 7F             	ORA	#$7F			; set bits x111 1111
D9CF  25 AD             	AND	FAC1_1		; AND in FAC1 mantissa1
D9D1  91 71             	STA	(ut1_pl),Y		; store in destination
D9D3  88                	DEY				; decrement index
D9D4  A5 AC             	LDA	FAC1_e		; get FAC1 exponent
D9D6  91 71             	STA	(ut1_pl),Y		; store in destination
D9D8  84 B9             	STY	FAC1_r		; clear FAC1 rounding byte
D9DA  60                	RTS

                        ; round and copy FAC1 to FAC2

D9DB                    LAB_27AB
D9DB  20 EAD9           	JSR	LAB_27BA		; round FAC1

                        ; copy FAC1 to FAC2

D9DE                    LAB_27AE
D9DE  A2 05             	LDX	#$05			; 5 bytes to copy
D9E0                    LAB_27B0
D9E0  B5 AB             	LDA	FAC1_e-1,X		; get byte from FAC1,X
D9E2  95 B2             	STA	FAC1_o,X		; save byte at FAC2,X
D9E4  CA                	DEX				; decrement count
D9E5  D0 F9             	BNE	LAB_27B0		; loop if not all done

D9E7  86 B9             	STX	FAC1_r		; clear FAC1 rounding byte
D9E9                    LAB_27B9
D9E9  60                	RTS

                        ; round FAC1

D9EA                    LAB_27BA
D9EA  A5 AC             	LDA	FAC1_e		; get FAC1 exponent
D9EC  F0 FB             	BEQ	LAB_27B9		; exit if zero

D9EE  06 B9             	ASL	FAC1_r		; shift FAC1 rounding byte
D9F0  90 F7             	BCC	LAB_27B9		; exit if no overflow

                        ; round FAC1 (no check)

D9F2                    LAB_27C2
D9F2  20 C9D7           	JSR	LAB_2559		; increment FAC1 mantissa
D9F5  D0 F2             	BNE	LAB_27B9		; branch if no overflow

D9F7  4C 9AD7           	JMP	LAB_252A		; normalise FAC1 for C=1 and return

                        ; get FAC1 sign
                        ; return A=FF,C=1/-ve A=01,C=0/+ve

D9FA                    LAB_27CA
D9FA  A5 AC             	LDA	FAC1_e		; get FAC1 exponent
D9FC  F0 09             	BEQ	LAB_27D7		; exit if zero (already correct SGN(0)=0)

                        ; return A=FF,C=1/-ve A=01,C=0/+ve
                        ; no = 0 check

D9FE                    LAB_27CE
D9FE  A5 B0             	LDA	FAC1_s		; else get FAC1 sign (b7)

                        ; return A=FF,C=1/-ve A=01,C=0/+ve
                        ; no = 0 check, sign in A

DA00                    LAB_27D0
DA00  2A                	ROL				; move sign bit to carry
DA01  A9 FF             	LDA	#$FF			; set byte for -ve result
DA03  B0 02             	BCS	LAB_27D7		; return if sign was set (-ve)

DA05  A9 01             	LDA	#$01			; else set byte for +ve result
DA07                    LAB_27D7
DA07  60                	RTS

                        ; perform SGN()

DA08                    LAB_SGN
DA08  20 FAD9           	JSR	LAB_27CA		; get FAC1 sign
                        					; return A=$FF/-ve A=$01/+ve
                        ; save A as integer byte

DA0B                    LAB_27DB
DA0B  85 AD             	STA	FAC1_1		; save FAC1 mantissa1
DA0D  A9 00             	LDA	#$00			; clear A
DA0F  85 AE             	STA	FAC1_2		; clear FAC1 mantissa2
DA11  A2 88             	LDX	#$88			; set exponent

                        ; set exp=X, clearFAC1 mantissa3 and normalise

DA13                    LAB_27E3
DA13  A5 AD             	LDA	FAC1_1		; get FAC1 mantissa1
DA15  49 FF             	EOR	#$FF			; complement it
DA17  2A                	ROL				; sign bit into carry

                        ; set exp=X, clearFAC1 mantissa3 and normalise

DA18                    LAB_STFA
DA18  A9 00             	LDA	#$00			; clear A
DA1A  85 AF             	STA	FAC1_3		; clear FAC1 mantissa3
DA1C  86 AC             	STX	FAC1_e		; set FAC1 exponent
DA1E  85 B9             	STA	FAC1_r		; clear FAC1 rounding byte
DA20  85 B0             	STA	FAC1_s		; clear FAC1 sign (b7)
DA22  4C 40D7           	JMP	LAB_24D0		; do ABS and normalise FAC1

                        ; perform ABS()

DA25                    LAB_ABS
DA25  46 B0             	LSR	FAC1_s		; clear FAC1 sign (put zero in b7)
DA27  60                	RTS

                        ; compare FAC1 with (AY)
                        ; returns A=$00 if FAC1 = (AY)
                        ; returns A=$01 if FAC1 > (AY)
                        ; returns A=$FF if FAC1 < (AY)

DA28                    LAB_27F8
DA28  85 73             	STA	ut2_pl		; save pointer low byte
DA2A                    LAB_27FA
DA2A  84 74             	STY	ut2_ph		; save pointer high byte
DA2C  A0 00             	LDY	#$00			; clear index
DA2E  B1 73             	LDA	(ut2_pl),Y		; get exponent
DA30  C8                	INY				; increment index
DA31  AA                	TAX				; copy (AY) exponent to X
DA32  F0 C6             	BEQ	LAB_27CA		; branch if (AY) exponent=0 and get FAC1 sign
                        					; A=FF,C=1/-ve A=01,C=0/+ve

DA34  B1 73             	LDA	(ut2_pl),Y		; get (AY) mantissa1 (with sign)
DA36  45 B0             	EOR	FAC1_s		; EOR FAC1 sign (b7)
DA38  30 C4             	BMI	LAB_27CE		; if signs <> do return A=FF,C=1/-ve
                        					; A=01,C=0/+ve and return

DA3A  E4 AC             	CPX	FAC1_e		; compare (AY) exponent with FAC1 exponent
DA3C  D0 1A             	BNE	LAB_2828		; branch if different

DA3E  B1 73             	LDA	(ut2_pl),Y		; get (AY) mantissa1 (with sign)
DA40  09 80             	ORA	#$80			; normalise top bit
DA42  C5 AD             	CMP	FAC1_1		; compare with FAC1 mantissa1
DA44  D0 12             	BNE	LAB_2828		; branch if different

DA46  C8                	INY				; increment index
DA47  B1 73             	LDA	(ut2_pl),Y		; get mantissa2
DA49  C5 AE             	CMP	FAC1_2		; compare with FAC1 mantissa2
DA4B  D0 0B             	BNE	LAB_2828		; branch if different

DA4D  C8                	INY				; increment index
DA4E  A9 7F             	LDA	#$7F			; set for 1/2 value rounding byte
DA50  C5 B9             	CMP	FAC1_r		; compare with FAC1 rounding byte (set carry)
DA52  B1 73             	LDA	(ut2_pl),Y		; get mantissa3
DA54  E5 AF             	SBC	FAC1_3		; subtract FAC1 mantissa3
DA56  F0 28             	BEQ	LAB_2850		; exit if mantissa3 equal

                        ; gets here if number <> FAC1

DA58                    LAB_2828
DA58  A5 B0             	LDA	FAC1_s		; get FAC1 sign (b7)
DA5A  90 02             	BCC	LAB_282E		; branch if FAC1 > (AY)

DA5C  49 FF             	EOR	#$FF			; else toggle FAC1 sign
DA5E                    LAB_282E
DA5E  4C 00DA           	JMP	LAB_27D0		; return A=FF,C=1/-ve A=01,C=0/+ve

                        ; convert FAC1 floating-to-fixed

DA61                    LAB_2831
DA61  A5 AC             	LDA	FAC1_e		; get FAC1 exponent
DA63  F0 4A             	BEQ	LAB_287F		; if zero go clear FAC1 and return

DA65  38                	SEC				; set carry for subtract
DA66  E9 98             	SBC	#$98			; subtract maximum integer range exponent
DA68  24 B0             	BIT	FAC1_s		; test FAC1 sign (b7)
DA6A  10 09             	BPL	LAB_2845		; branch if FAC1 +ve

                        					; FAC1 was -ve
DA6C  AA                	TAX				; copy subtracted exponent
DA6D  A9 FF             	LDA	#$FF			; overflow for -ve number
DA6F  85 B2             	STA	FAC1_o		; set FAC1 overflow byte
DA71  20 ADD7           	JSR	LAB_253D		; twos complement FAC1 mantissa
DA74  8A                	TXA				; restore subtracted exponent
DA75                    LAB_2845
DA75  A2 AC             	LDX	#FAC1_e		; set index to FAC1
DA77  C9 F9             	CMP	#$F9			; compare exponent result
DA79  10 06             	BPL	LAB_2851		; if < 8 shifts shift FAC1 A times right and return

DA7B  20 EBD7           	JSR	LAB_257B		; shift FAC1 A times right (> 8 shifts)
DA7E  84 B2             	STY	FAC1_o		; clear FAC1 overflow byte
DA80                    LAB_2850
DA80  60                	RTS

                        ; shift FAC1 A times right

DA81                    LAB_2851
DA81  A8                	TAY				; copy shift count
DA82  A5 B0             	LDA	FAC1_s		; get FAC1 sign (b7)
DA84  29 80             	AND	#$80			; mask sign bit only (x000 0000)
DA86  46 AD             	LSR	FAC1_1		; shift FAC1 mantissa1
DA88  05 AD             	ORA	FAC1_1		; OR sign in b7 FAC1 mantissa1
DA8A  85 AD             	STA	FAC1_1		; save FAC1 mantissa1
DA8C  20 02D8           	JSR	LAB_2592		; shift FAC1 Y times right
DA8F  84 B2             	STY	FAC1_o		; clear FAC1 overflow byte
DA91  60                	RTS

                        ; perform INT()

DA92                    LAB_INT
DA92  A5 AC             	LDA	FAC1_e		; get FAC1 exponent
DA94  C9 98             	CMP	#$98			; compare with max int
DA96  B0 1E             	BCS	LAB_2886		; exit if >= (already int, too big for fractional part!)

DA98  20 61DA           	JSR	LAB_2831		; convert FAC1 floating-to-fixed
DA9B  84 B9             	STY	FAC1_r		; save FAC1 rounding byte
DA9D  A5 B0             	LDA	FAC1_s		; get FAC1 sign (b7)
DA9F  84 B0             	STY	FAC1_s		; save FAC1 sign (b7)
DAA1  49 80             	EOR	#$80			; toggle FAC1 sign
DAA3  2A                	ROL				; shift into carry
DAA4  A9 98             	LDA	#$98			; set new exponent
DAA6  85 AC             	STA	FAC1_e		; save FAC1 exponent
DAA8  A5 AF             	LDA	FAC1_3		; get FAC1 mantissa3
DAAA  85 5B             	STA	Temp3			; save for EXP() function
DAAC  4C 40D7           	JMP	LAB_24D0		; do ABS and normalise FAC1

                        ; clear FAC1 and return

DAAF                    LAB_287F
DAAF  85 AD             	STA	FAC1_1		; clear FAC1 mantissa1
DAB1  85 AE             	STA	FAC1_2		; clear FAC1 mantissa2
DAB3  85 AF             	STA	FAC1_3		; clear FAC1 mantissa3
DAB5  A8                	TAY				; clear Y
DAB6                    LAB_2886
DAB6  60                	RTS

                        ; get FAC1 from string
                        ; this routine now handles hex and binary values from strings
                        ; starting with "$" and "%" respectively

DAB7                    LAB_2887
DAB7  A0 00             	LDY	#$00			; clear Y
DAB9  84 5F             	STY	Dtypef		; clear data type flag, $FF=string, $00=numeric
DABB  A2 09             	LDX	#$09			; set index
DABD                    LAB_288B
DABD  94 A8             	STY	numexp,X		; clear byte
DABF  CA                	DEX				; decrement index
DAC0  10 FB             	BPL	LAB_288B		; loop until numexp to negnum (and FAC1) = $00

DAC2  90 7F             	BCC	LAB_28FE		; branch if 1st character numeric

                        ; get FAC1 from string .. first character wasn't numeric

DAC4  C9 2D             	CMP	#'-'			; else compare with "-"
DAC6  D0 04             	BNE	LAB_289A		; branch if not "-"

DAC8  86 B1             	STX	negnum		; set flag for -ve number (X = $FF)
DACA  F0 04             	BEQ	LAB_289C		; branch always (go scan and check for hex/bin)

                        ; get FAC1 from string .. first character wasn't numeric or -

DACC                    LAB_289A
DACC  C9 2B             	CMP	#'+'			; else compare with "+"
DACE  D0 05             	BNE	LAB_289D		; branch if not "+" (go check for hex/bin)

                        ; was "+" or "-" to start, so get next character

DAD0                    LAB_289C
DAD0  20 BC00           	JSR	LAB_IGBY		; increment and scan memory
DAD3  90 6E             	BCC	LAB_28FE		; branch if numeric character

                        ; code here for hex and binary numbers

DAD5                    LAB_289D
DAD5  C9 24             	CMP	#'$'			; else compare with "$"
DAD7  D0 03             	BNE	LAB_NHEX		; branch if not "$"

DAD9  4C 7FDF           	JMP	LAB_CHEX		; branch if "$"

DADC                    LAB_NHEX
DADC  C9 25             	CMP	#'%'			; else compare with "%"
DADE  D0 08             	BNE	LAB_28A3		; branch if not "%" (continue original code)

DAE0  4C ADDF           	JMP	LAB_CBIN		; branch if "%"

DAE3                    LAB_289E
DAE3  20 BC00           	JSR	LAB_IGBY		; increment and scan memory (ignore + or get next number)
DAE6                    LAB_28A1
DAE6  90 5B             	BCC	LAB_28FE		; branch if numeric character

                        ; get FAC1 from string .. character wasn't numeric, -, +, hex or binary

DAE8                    LAB_28A3
DAE8  C9 2E             	CMP	#'.'			; else compare with "."
DAEA  F0 2E             	BEQ	LAB_28D5		; branch if "."

                        ; get FAC1 from string .. character wasn't numeric, -, + or .

DAEC  C9 45             	CMP	#'E'			; else compare with "E"
DAEE  D0 30             	BNE	LAB_28DB		; branch if not "E"

                        					; was "E" so evaluate exponential part
DAF0  20 BC00           	JSR	LAB_IGBY		; increment and scan memory
DAF3  90 17             	BCC	LAB_28C7		; branch if numeric character

DAF5  C9 B8             	CMP	#TK_MINUS		; else compare with token for -
DAF7  F0 0E             	BEQ	LAB_28C2		; branch if token for -

DAF9  C9 2D             	CMP	#'-'			; else compare with "-"
DAFB  F0 0A             	BEQ	LAB_28C2		; branch if "-"

DAFD  C9 B7             	CMP	#TK_PLUS		; else compare with token for +
DAFF  F0 08             	BEQ	LAB_28C4		; branch if token for +

DB01  C9 2B             	CMP	#'+'			; else compare with "+"
DB03  F0 04             	BEQ	LAB_28C4		; branch if "+"

DB05  D0 07             	BNE	LAB_28C9		; branch always

DB07                    LAB_28C2
DB07  66 AB             	ROR	expneg		; set exponent -ve flag (C, which=1, into b7)
DB09                    LAB_28C4
DB09  20 BC00           	JSR	LAB_IGBY		; increment and scan memory
DB0C                    LAB_28C7
DB0C  90 5B             	BCC	LAB_2925		; branch if numeric character

DB0E                    LAB_28C9
DB0E  24 AB             	BIT	expneg		; test exponent -ve flag
DB10  10 0E             	BPL	LAB_28DB		; if +ve go evaluate exponent

                        					; else do exponent = -exponent
DB12  A9 00             	LDA	#$00			; clear result
DB14  38                	SEC				; set carry for subtract
DB15  E5 A9             	SBC	expcnt		; subtract exponent byte
DB17  4C 22DB           	JMP	LAB_28DD		; go evaluate exponent

DB1A                    LAB_28D5
DB1A  66 AA             	ROR	numdpf		; set decimal point flag
DB1C  24 AA             	BIT	numdpf		; test decimal point flag
DB1E  50 C3             	BVC	LAB_289E		; branch if only one decimal point so far

                        					; evaluate exponent
DB20                    LAB_28DB
DB20  A5 A9             	LDA	expcnt		; get exponent count byte
DB22                    LAB_28DD
DB22  38                	SEC				; set carry for subtract
DB23  E5 A8             	SBC	numexp		; subtract numerator exponent
DB25  85 A9             	STA	expcnt		; save exponent count byte
DB27  F0 12             	BEQ	LAB_28F6		; branch if no adjustment

DB29  10 09             	BPL	LAB_28EF		; else if +ve go do FAC1*10^expcnt

                        					; else go do FAC1/10^(0-expcnt)
DB2B                    LAB_28E6
DB2B  20 01D9           	JSR	LAB_26B9		; divide by 10
DB2E  E6 A9             	INC	expcnt		; increment exponent count byte
DB30  D0 F9             	BNE	LAB_28E6		; loop until all done

DB32  F0 07             	BEQ	LAB_28F6		; branch always

DB34                    LAB_28EF
DB34  20 E8D8           	JSR	LAB_269E		; multiply by 10
DB37  C6 A9             	DEC	expcnt		; decrement exponent count byte
DB39  D0 F9             	BNE	LAB_28EF		; loop until all done

DB3B                    LAB_28F6
DB3B  A5 B1             	LDA	negnum		; get -ve flag
DB3D  30 01             	BMI	LAB_28FB		; if -ve do - FAC1 and return

DB3F  60                	RTS

                        ; do - FAC1 and return

DB40                    LAB_28FB
DB40  4C 05DD           	JMP	LAB_GTHAN		; do - FAC1 and return

                        ; do unsigned FAC1*10+number

DB43                    LAB_28FE
DB43  48                	PHA				; save character
DB44  24 AA             	BIT	numdpf		; test decimal point flag
DB46  10 02             	BPL	LAB_2905		; skip exponent increment if not set

DB48  E6 A8             	INC	numexp		; else increment number exponent
DB4A                    LAB_2905
DB4A  20 E8D8           	JSR	LAB_269E		; multiply FAC1 by 10
DB4D  68                	PLA				; restore character
DB4E  29 0F             	AND	#$0F			; convert to binary
DB50  20 56DB           	JSR	LAB_2912		; evaluate new ASCII digit
DB53  4C E3DA           	JMP	LAB_289E		; go do next character

                        ; evaluate new ASCII digit

DB56                    LAB_2912
DB56  48                	PHA				; save digit
DB57  20 DBD9           	JSR	LAB_27AB		; round and copy FAC1 to FAC2
DB5A  68                	PLA				; restore digit
DB5B  20 0BDA           	JSR	LAB_27DB		; save A as integer byte
DB5E  A5 B7             	LDA	FAC2_s		; get FAC2 sign (b7)
DB60  45 B0             	EOR	FAC1_s		; toggle with FAC1 sign (b7)
DB62  85 B8             	STA	FAC_sc		; save sign compare (FAC1 EOR FAC2)
DB64  A6 AC             	LDX	FAC1_e		; get FAC1 exponent
DB66  4C D2D6           	JMP	LAB_ADD		; add FAC2 to FAC1 and return

                        ; evaluate next character of exponential part of number

DB69                    LAB_2925
DB69  A5 A9             	LDA	expcnt		; get exponent count byte
DB6B  C9 0A             	CMP	#$0A			; compare with 10 decimal
DB6D  90 09             	BCC	LAB_2934		; branch if less

DB6F  A9 64             	LDA	#$64			; make all -ve exponents = -100 decimal (causes underflow)
DB71  24 AB             	BIT	expneg		; test exponent -ve flag
DB73  30 0E             	BMI	LAB_2942		; branch if -ve

DB75  4C D4D7           	JMP	LAB_2564		; else do overflow error

DB78                    LAB_2934
DB78  0A                	ASL				; * 2
DB79  0A                	ASL				; * 4
DB7A  65 A9             	ADC	expcnt		; * 5
DB7C  0A                	ASL				; * 10
DB7D  A0 00             	LDY	#$00			; set index
DB7F  71 C3             	ADC	(Bpntrl),Y		; add character (will be $30 too much!)
DB81  E9 2F             	SBC	#'0'-1		; convert character to binary
DB83                    LAB_2942
DB83  85 A9             	STA	expcnt		; save exponent count byte
DB85  4C 09DB           	JMP	LAB_28C4		; go get next character

                        ; print " in line [LINE #]"

DB88                    LAB_2953
DB88  A9 F9             	LDA	#<LAB_LMSG		; point to " in line " message low byte
DB8A  A0 E8             	LDY	#>LAB_LMSG		; point to " in line " message high byte
DB8C  20 E4C9           	JSR	LAB_18C3		; print null terminated string from memory

                        					; print Basic line #
DB8F  A5 88             	LDA	Clineh		; get current line high byte
DB91  A6 87             	LDX	Clinel		; get current line low byte

                        ; print XA as unsigned integer

DB93                    LAB_295E
DB93  85 AD             	STA	FAC1_1		; save low byte as FAC1 mantissa1
DB95  86 AE             	STX	FAC1_2		; save high byte as FAC1 mantissa2
DB97  A2 90             	LDX	#$90			; set exponent to 16d bits
DB99  38                	SEC				; set integer is +ve flag
DB9A  20 18DA           	JSR	LAB_STFA		; set exp=X, clearFAC1 mantissa3 and normalise
DB9D  A0 00             	LDY	#$00			; clear index
DB9F  98                	TYA				; clear A
DBA0  20 B3DB           	JSR	LAB_297B		; convert FAC1 to string, skip sign character save
DBA3  4C E4C9           	JMP	LAB_18C3		; print null terminated string from memory and return

                        ; convert FAC1 to ASCII string result in (AY)
                        ; not any more, moved scratchpad to page 0

DBA6                    LAB_296E
DBA6  A0 01             	LDY	#$01			; set index = 1
DBA8  A9 20             	LDA	#$20			; character = " " (assume +ve)
DBAA  24 B0             	BIT	FAC1_s		; test FAC1 sign (b7)
DBAC  10 02             	BPL	LAB_2978		; branch if +ve

DBAE  A9 2D             	LDA	#$2D			; else character = "-"
DBB0                    LAB_2978
DBB0  99 EF00           	STA	Decss,Y		; save leading character (" " or "-")
DBB3                    LAB_297B
DBB3  85 B0             	STA	FAC1_s		; clear FAC1 sign (b7)
DBB5  84 BA             	STY	Sendl			; save index
DBB7  C8                	INY				; increment index
DBB8  A6 AC             	LDX	FAC1_e		; get FAC1 exponent
DBBA  D0 05             	BNE	LAB_2989		; branch if FAC1<>0

                        					; exponent was $00 so FAC1 is 0
DBBC  A9 30             	LDA	#'0'			; set character = "0"
DBBE  4C BFDC           	JMP	LAB_2A89		; save last character, [EOT] and exit

                        					; FAC1 is some non zero value
DBC1                    LAB_2989
DBC1  A9 00             	LDA	#$00			; clear (number exponent count)
DBC3  E0 81             	CPX	#$81			; compare FAC1 exponent with $81 (>1.00000)

DBC5  B0 09             	BCS	LAB_299A		; branch if FAC1=>1

                        					; FAC1<1
DBC7  A9 84             	LDA	#<LAB_294F		; set pointer low byte to 1,000,000
DBC9  A0 E2             	LDY	#>LAB_294F		; set pointer high byte to 1,000,000
DBCB  20 4AD8           	JSR	LAB_25FB		; do convert AY, FCA1*(AY)
DBCE  A9 FA             	LDA	#$FA			; set number exponent count (-6)
DBD0                    LAB_299A
DBD0  85 A8             	STA	numexp		; save number exponent count
DBD2                    LAB_299C
DBD2  A9 80             	LDA	#<LAB_294B		; set pointer low byte to 999999.4375 (max before sci note)
DBD4  A0 E2             	LDY	#>LAB_294B		; set pointer high byte to 999999.4375
DBD6  20 28DA           	JSR	LAB_27F8		; compare FAC1 with (AY)
DBD9  F0 1E             	BEQ	LAB_29C3		; exit if FAC1 = (AY)

DBDB  10 12             	BPL	LAB_29B9		; go do /10 if FAC1 > (AY)

                        					; FAC1 < (AY)
DBDD                    LAB_29A7
DBDD  A9 7C             	LDA	#<LAB_2947		; set pointer low byte to 99999.9375
DBDF  A0 E2             	LDY	#>LAB_2947		; set pointer high byte to 99999.9375
DBE1  20 28DA           	JSR	LAB_27F8		; compare FAC1 with (AY)
DBE4  F0 02             	BEQ	LAB_29B2		; branch if FAC1 = (AY) (allow decimal places)

DBE6  10 0E             	BPL	LAB_29C0		; branch if FAC1 > (AY) (no decimal places)

                        					; FAC1 <= (AY)
DBE8                    LAB_29B2
DBE8  20 E8D8           	JSR	LAB_269E		; multiply by 10
DBEB  C6 A8             	DEC	numexp		; decrement number exponent count
DBED  D0 EE             	BNE	LAB_29A7		; go test again (branch always)

DBEF                    LAB_29B9
DBEF  20 01D9           	JSR	LAB_26B9		; divide by 10
DBF2  E6 A8             	INC	numexp		; increment number exponent count
DBF4  D0 DC             	BNE	LAB_299C		; go test again (branch always)

                        ; now we have just the digits to do

DBF6                    LAB_29C0
DBF6  20 CBD6           	JSR	LAB_244E		; add 0.5 to FAC1 (round FAC1)
DBF9                    LAB_29C3
DBF9  20 61DA           	JSR	LAB_2831		; convert FAC1 floating-to-fixed
DBFC  A2 01             	LDX	#$01			; set default digits before dp = 1
DBFE  A5 A8             	LDA	numexp		; get number exponent count
DC00  18                	CLC				; clear carry for add
DC01  69 07             	ADC	#$07			; up to 6 digits before point
DC03  30 09             	BMI	LAB_29D8		; if -ve then 1 digit before dp

DC05  C9 08             	CMP	#$08			; A>=8 if n>=1E6
DC07  B0 06             	BCS	LAB_29D9		; branch if >= $08

                        					; carry is clear
DC09  69 FF             	ADC	#$FF			; take 1 from digit count
DC0B  AA                	TAX				; copy to A
DC0C  A9 02             	LDA	#$02			;.set exponent adjust
DC0E                    LAB_29D8
DC0E  38                	SEC				; set carry for subtract
DC0F                    LAB_29D9
DC0F  E9 02             	SBC	#$02			; -2
DC11  85 A9             	STA	expcnt		;.save exponent adjust
DC13  86 A8             	STX	numexp		; save digits before dp count
DC15  8A                	TXA				; copy to A
DC16  F0 02             	BEQ	LAB_29E4		; branch if no digits before dp

DC18  10 13             	BPL	LAB_29F7		; branch if digits before dp

DC1A                    LAB_29E4
DC1A  A4 BA             	LDY	Sendl			; get output string index
DC1C  A9 2E             	LDA	#$2E			; character "."
DC1E  C8                	INY				; increment index
DC1F  99 EF00           	STA	Decss,Y		; save to output string
DC22  8A                	TXA				;.
DC23  F0 06             	BEQ	LAB_29F5		;.

DC25  A9 30             	LDA	#'0'			; character "0"
DC27  C8                	INY				; increment index
DC28  99 EF00           	STA	Decss,Y		; save to output string
DC2B                    LAB_29F5
DC2B  84 BA             	STY	Sendl			; save output string index
DC2D                    LAB_29F7
DC2D  A0 00             	LDY	#$00			; clear index (point to 100,000)
DC2F  A2 80             	LDX	#$80			;
DC31                    LAB_29FB
DC31  A5 AF             	LDA	FAC1_3		; get FAC1 mantissa3
DC33  18                	CLC				; clear carry for add
DC34  79 FAE2           	ADC	LAB_2A9C,Y		; add -ve LSB
DC37  85 AF             	STA	FAC1_3		; save FAC1 mantissa3
DC39  A5 AE             	LDA	FAC1_2		; get FAC1 mantissa2
DC3B  79 F9E2           	ADC	LAB_2A9B,Y		; add -ve NMSB
DC3E  85 AE             	STA	FAC1_2		; save FAC1 mantissa2
DC40  A5 AD             	LDA	FAC1_1		; get FAC1 mantissa1
DC42  79 F8E2           	ADC	LAB_2A9A,Y		; add -ve MSB
DC45  85 AD             	STA	FAC1_1		; save FAC1 mantissa1
DC47  E8                	INX				;
DC48  B0 04             	BCS	LAB_2A18		;

DC4A  10 E5             	BPL	LAB_29FB		; not -ve so try again

DC4C  30 02             	BMI	LAB_2A1A		;

DC4E                    LAB_2A18
DC4E  30 E1             	BMI	LAB_29FB		;

DC50                    LAB_2A1A
DC50  8A                	TXA				;
DC51  90 04             	BCC	LAB_2A21		;

DC53  49 FF             	EOR	#$FF			;
DC55  69 0A             	ADC	#$0A			;
DC57                    LAB_2A21
DC57  69 2F             	ADC	#'0'-1		; add "0"-1 to result
DC59  C8                	INY				; increment index ..
DC5A  C8                	INY				; .. to next less ..
DC5B  C8                	INY				; .. power of ten
DC5C  84 95             	STY	Cvaral		; save as current var address low byte
DC5E  A4 BA             	LDY	Sendl			; get output string index
DC60  C8                	INY				; increment output string index
DC61  AA                	TAX				; copy character to X
DC62  29 7F             	AND	#$7F			; mask out top bit
DC64  99 EF00           	STA	Decss,Y		; save to output string
DC67  C6 A8             	DEC	numexp		; decrement # of characters before the dp
DC69  D0 06             	BNE	LAB_2A3B		; branch if still characters to do

                        					; else output the point
DC6B  A9 2E             	LDA	#$2E			; character "."
DC6D  C8                	INY				; increment output string index
DC6E  99 EF00           	STA	Decss,Y		; save to output string
DC71                    LAB_2A3B
DC71  84 BA             	STY	Sendl			; save output string index
DC73  A4 95             	LDY	Cvaral		; get current var address low byte
DC75  8A                	TXA				; get character back
DC76  49 FF             	EOR	#$FF			;
DC78  29 80             	AND	#$80			;
DC7A  AA                	TAX				;
DC7B  C0 12             	CPY	#$12			; compare index with max
DC7D  D0 B2             	BNE	LAB_29FB		; loop if not max

                        					; now remove trailing zeroes
DC7F  A4 BA             	LDY	Sendl			; get output string index
DC81                    LAB_2A4B
DC81  B9 EF00           	LDA	Decss,Y		; get character from output string
DC84  88                	DEY				; decrement output string index
DC85  C9 30             	CMP	#'0'			; compare with "0"
DC87  F0 F8             	BEQ	LAB_2A4B		; loop until non "0" character found

DC89  C9 2E             	CMP	#'.'			; compare with "."
DC8B  F0 01             	BEQ	LAB_2A58		; branch if was dp

                        					; restore last character
DC8D  C8                	INY				; increment output string index
DC8E                    LAB_2A58
DC8E  A9 2B             	LDA	#$2B			; character "+"
DC90  A6 A9             	LDX	expcnt		; get exponent count
DC92  F0 2E             	BEQ	LAB_2A8C		; if zero go set null terminator and exit

                        					; exponent isn't zero so write exponent
DC94  10 08             	BPL	LAB_2A68		; branch if exponent count +ve

DC96  A9 00             	LDA	#$00			; clear A
DC98  38                	SEC				; set carry for subtract
DC99  E5 A9             	SBC	expcnt		; subtract exponent count adjust (convert -ve to +ve)
DC9B  AA                	TAX				; copy exponent count to X
DC9C  A9 2D             	LDA	#'-'			; character "-"
DC9E                    LAB_2A68
DC9E  99 F100           	STA	Decss+2,Y		; save to output string
DCA1  A9 45             	LDA	#$45			; character "E"
DCA3  99 F000           	STA	Decss+1,Y		; save exponent sign to output string
DCA6  8A                	TXA				; get exponent count back
DCA7  A2 2F             	LDX	#'0'-1		; one less than "0" character
DCA9  38                	SEC				; set carry for subtract
DCAA                    LAB_2A74
DCAA  E8                	INX				; increment 10's character
DCAB  E9 0A             	SBC	#$0A			;.subtract 10 from exponent count
DCAD  B0 FB             	BCS	LAB_2A74		; loop while still >= 0

DCAF  69 3A             	ADC	#':'			; add character ":" ($30+$0A, result is 10 less that value)
DCB1  99 F300           	STA	Decss+4,Y		; save to output string
DCB4  8A                	TXA				; copy 10's character
DCB5  99 F200           	STA	Decss+3,Y		; save to output string
DCB8  A9 00             	LDA	#$00			; set null terminator
DCBA  99 F400           	STA	Decss+5,Y		; save to output string
DCBD  F0 08             	BEQ	LAB_2A91		; go set string pointer (AY) and exit (branch always)

                        					; save last character, [EOT] and exit
DCBF                    LAB_2A89
DCBF  99 EF00           	STA	Decss,Y		; save last character to output string

                        					; set null terminator and exit
DCC2                    LAB_2A8C
DCC2  A9 00             	LDA	#$00			; set null terminator
DCC4  99 F000           	STA	Decss+1,Y		; save after last character

                        					; set string pointer (AY) and exit
DCC7                    LAB_2A91
DCC7  A9 F0             	LDA	#<Decssp1		; set result string low pointer
DCC9  A0 00             	LDY	#>Decssp1		; set result string high pointer
DCCB  60                	RTS

                        ; perform power function

DCCC                    LAB_POWER
DCCC  F0 42             	BEQ	LAB_EXP		; go do  EXP()

DCCE  A5 B3             	LDA	FAC2_e		; get FAC2 exponent
DCD0  D0 03             	BNE	LAB_2ABF		; branch if FAC2<>0

DCD2  4C 63D7           	JMP	LAB_24F3		; clear FAC1 exponent and sign and return

DCD5                    LAB_2ABF
DCD5  A2 9C             	LDX	#<func_l		; set destination pointer low byte
DCD7  A0 00             	LDY	#>func_l		; set destination pointer high byte
DCD9  20 B8D9           	JSR	LAB_2778		; pack FAC1 into (XY)
DCDC  A5 B7             	LDA	FAC2_s		; get FAC2 sign (b7)
DCDE  10 0F             	BPL	LAB_2AD9		; branch if FAC2>0

                        					; else FAC2 is -ve and can only be raised to an
                        					; integer power which gives an x +j0 result
DCE0  20 92DA           	JSR	LAB_INT		; perform INT
DCE3  A9 9C             	LDA	#<func_l		; set source pointer low byte
DCE5  A0 00             	LDY	#>func_l		; set source pointer high byte
DCE7  20 28DA           	JSR	LAB_27F8		; compare FAC1 with (AY)
DCEA  D0 03             	BNE	LAB_2AD9		; branch if FAC1 <> (AY) to allow Function Call error
                        					; this will leave FAC1 -ve and cause a Function Call
                        					; error when LOG() is called

DCEC  98                	TYA				; clear sign b7
DCED  A4 5B             	LDY	Temp3			; save mantissa 3 from INT() function as sign in Y
                        					; for possible later negation, b0
DCEF                    LAB_2AD9
DCEF  20 D6D6           	JSR	LAB_279D		; save FAC1 sign and copy ABS(FAC2) to FAC1
DCF2  98                	TYA				; copy sign back ..
DCF3  48                	PHA				; .. and save it
DCF4  20 0CD8           	JSR	LAB_LOG		; do LOG(n)
DCF7  A9 9C             	LDA	#<garb_l		; set pointer low byte
DCF9  A0 00             	LDY	#>garb_l		; set pointer high byte
DCFB  20 4AD8           	JSR	LAB_25FB		; do convert AY, FCA1*(AY) (square the value)
DCFE  20 10DD           	JSR	LAB_EXP		; go do EXP(n)
DD01  68                	PLA				; pull sign from stack
DD02  4A                	LSR				; b0 is to be tested, shift to Cb
DD03  90 0A             	BCC	LAB_2AF9		; if no bit then exit

                        					; Perform negation
                        ; do - FAC1

DD05                    LAB_GTHAN
DD05  A5 AC             	LDA	FAC1_e		; get FAC1 exponent
DD07  F0 06             	BEQ	LAB_2AF9		; exit if FAC1_e = $00

DD09  A5 B0             	LDA	FAC1_s		; get FAC1 sign (b7)
DD0B  49 FF             	EOR	#$FF			; complement it
DD0D  85 B0             	STA	FAC1_s		; save FAC1 sign (b7)
DD0F                    LAB_2AF9
DD0F  60                	RTS

                        ; perform EXP()	(x^e)

DD10                    LAB_EXP
DD10  A9 88             	LDA	#<LAB_2AFA		; set 1.443 pointer low byte
DD12  A0 E2             	LDY	#>LAB_2AFA		; set 1.443 pointer high byte
DD14  20 4AD8           	JSR	LAB_25FB		; do convert AY, FCA1*(AY)
DD17  A5 B9             	LDA	FAC1_r		; get FAC1 rounding byte
DD19  69 50             	ADC	#$50			; +$50/$100
DD1B  90 03             	BCC	LAB_2B2B		; skip rounding if no carry

DD1D  20 F2D9           	JSR	LAB_27C2		; round FAC1 (no check)
DD20                    LAB_2B2B
DD20  85 A3             	STA	FAC2_r		; save FAC2 rounding byte
DD22  20 DED9           	JSR	LAB_27AE		; copy FAC1 to FAC2
DD25  A5 AC             	LDA	FAC1_e		; get FAC1 exponent
DD27  C9 88             	CMP	#$88			; compare with EXP limit (256d)
DD29  90 03             	BCC	LAB_2B39		; branch if less

DD2B                    LAB_2B36
DD2B  20 DFD8           	JSR	LAB_2690		; handle overflow and underflow
DD2E                    LAB_2B39
DD2E  20 92DA           	JSR	LAB_INT		; perform INT
DD31  A5 5B             	LDA	Temp3			; get mantissa 3 from INT() function
DD33  18                	CLC				; clear carry for add
DD34  69 81             	ADC	#$81			; normalise +1
DD36  F0 F3             	BEQ	LAB_2B36		; if $00 go handle overflow

DD38  38                	SEC				; set carry for subtract
DD39  E9 01             	SBC	#$01			; now correct for exponent
DD3B  48                	PHA				; save FAC2 exponent

                        					; swap FAC1 and FAC2
DD3C  A2 04             	LDX	#$04			; 4 bytes to do
DD3E                    LAB_2B49
DD3E  B5 B3             	LDA	FAC2_e,X		; get FAC2,X
DD40  B4 AC             	LDY	FAC1_e,X		; get FAC1,X
DD42  95 AC             	STA	FAC1_e,X		; save FAC1,X
DD44  94 B3             	STY	FAC2_e,X		; save FAC2,X
DD46  CA                	DEX				; decrement count/index
DD47  10 F5             	BPL	LAB_2B49		; loop if not all done

DD49  A5 A3             	LDA	FAC2_r		; get FAC2 rounding byte
DD4B  85 B9             	STA	FAC1_r		; save as FAC1 rounding byte
DD4D  20 B7D6           	JSR	LAB_SUBTRACT	; perform subtraction, FAC2 from FAC1
DD50  20 05DD           	JSR	LAB_GTHAN		; do - FAC1
DD53  A9 8C             	LDA	#<LAB_2AFE		; set counter pointer low byte
DD55  A0 E2             	LDY	#>LAB_2AFE		; set counter pointer high byte
DD57  20 78DD           	JSR	LAB_2B84		; go do series evaluation
DD5A  A9 00             	LDA	#$00			; clear A
DD5C  85 B8             	STA	FAC_sc		; clear sign compare (FAC1 EOR FAC2)
DD5E  68                	PLA				;.get saved FAC2 exponent
DD5F  4C C4D8           	JMP	LAB_2675		; test and adjust accumulators and return

                        ; ^2 then series evaluation

DD62                    LAB_2B6E
DD62  85 BA             	STA	Cptrl			; save count pointer low byte
DD64  84 BB             	STY	Cptrh			; save count pointer high byte
DD66  20 AED9           	JSR	LAB_276E		; pack FAC1 into Adatal
DD69  A9 A4             	LDA	#<Adatal		; set pointer low byte (Y already $00)
DD6B  20 4AD8           	JSR	LAB_25FB		; do convert AY, FCA1*(AY)
DD6E  20 7CDD           	JSR	LAB_2B88		; go do series evaluation
DD71  A9 A4             	LDA	#<Adatal		; pointer to original # low byte
DD73  A0 00             	LDY	#>Adatal		; pointer to original # high byte
DD75  4C 4AD8           	JMP	LAB_25FB		; do convert AY, FCA1*(AY) and return

                        ; series evaluation

DD78                    LAB_2B84
DD78  85 BA             	STA	Cptrl			; save count pointer low byte
DD7A  84 BB             	STY	Cptrh			; save count pointer high byte
DD7C                    LAB_2B88
DD7C  A2 A8             	LDX	#<numexp		; set pointer low byte
DD7E  20 B0D9           	JSR	LAB_2770		; set pointer high byte and pack FAC1 into numexp
DD81  B1 BA             	LDA	(Cptrl),Y		; get constants count
DD83  85 B1             	STA	numcon		; save constants count
DD85  A4 BA             	LDY	Cptrl			; get count pointer low byte
DD87  C8                	INY				; increment it (now constants pointer)
DD88  98                	TYA				; copy it
DD89  D0 02             	BNE	LAB_2B97		; skip next if no overflow

DD8B  E6 BB             	INC	Cptrh			; else increment high byte
DD8D                    LAB_2B97
DD8D  85 BA             	STA	Cptrl			; save low byte
DD8F  A4 BB             	LDY	Cptrh			; get high byte
DD91                    LAB_2B9B
DD91  20 4AD8           	JSR	LAB_25FB		; do convert AY, FCA1*(AY)
DD94  A5 BA             	LDA	Cptrl			; get constants pointer low byte
DD96  A4 BB             	LDY	Cptrh			; get constants pointer high byte
DD98  18                	CLC				; clear carry for add
DD99  69 04             	ADC	#$04			; +4 to  low pointer (4 bytes per constant)
DD9B  90 01             	BCC	LAB_2BA8		; skip next if no overflow

DD9D  C8                	INY				; increment high byte
DD9E                    LAB_2BA8
DD9E  85 BA             	STA	Cptrl			; save pointer low byte
DDA0  84 BB             	STY	Cptrh			; save pointer high byte
DDA2  20 CFD6           	JSR	LAB_246C		; add (AY) to FAC1
DDA5  A9 A8             	LDA	#<numexp		; set pointer low byte to partial @ numexp
DDA7  A0 00             	LDY	#>numexp		; set pointer high byte to partial @ numexp
DDA9  C6 B1             	DEC	numcon		; decrement constants count
DDAB  D0 E4             	BNE	LAB_2B9B		; loop until all done

DDAD  60                	RTS

                        ; RND(n), 32 bit Galoise version. make n=0 for 19th next number in sequence or n<>0
                        ; to get 19th next number in sequence after seed n. This version of the PRNG uses
                        ; the Galois method and a sample of 65536 bytes produced gives the following values.

                        ; Entropy = 7.997442 bits per byte
                        ; Optimum compression would reduce these 65536 bytes by 0 percent

                        ; Chi square distribution for 65536 samples is 232.01, and
                        ; randomly would exceed this value 75.00 percent of the time

                        ; Arithmetic mean value of data bytes is 127.6724, 127.5 would be random
                        ; Monte Carlo value for Pi is 3.122871269, error 0.60 percent
                        ; Serial correlation coefficient is -0.000370, totally uncorrelated would be 0.0

DDAE                    LAB_RND
DDAE  A5 AC             	LDA	FAC1_e		; get FAC1 exponent
DDB0  F0 07             	BEQ	NextPRN		; do next random # if zero

                        					; else get seed into random number store
DDB2  A2 D8             	LDX	#Rbyte4		; set PRNG pointer low byte
DDB4  A0 00             	LDY	#$00			; set PRNG pointer high byte
DDB6  20 B8D9           	JSR	LAB_2778		; pack FAC1 into (XY)
DDB9                    NextPRN
DDB9  A2 AF             	LDX	#$AF			; set EOR byte
DDBB  A0 13             	LDY	#$13			; do this nineteen times
DDBD                    LoopPRN
DDBD  06 D9             	ASL	Rbyte1		; shift PRNG most significant byte
DDBF  26 DA             	ROL	Rbyte2		; shift PRNG middle byte
DDC1  26 DB             	ROL	Rbyte3		; shift PRNG least significant byte
DDC3  26 D8             	ROL	Rbyte4		; shift PRNG extra byte
DDC5  90 05             	BCC	Ninc1			; branch if bit 32 clear

DDC7  8A                	TXA				; set EOR byte
DDC8  45 D9             	EOR	Rbyte1		; EOR PRNG extra byte
DDCA  85 D9             	STA	Rbyte1		; save new PRNG extra byte
DDCC                    Ninc1
DDCC  88                	DEY				; decrement loop count
DDCD  D0 EE             	BNE	LoopPRN		; loop if not all done

DDCF  A2 02             	LDX	#$02			; three bytes to copy
DDD1                    CopyPRNG
DDD1  B5 D9             	LDA	Rbyte1,X		; get PRNG byte
DDD3  95 AD             	STA	FAC1_1,X		; save FAC1 byte
DDD5  CA                	DEX
DDD6  10 F9             	BPL	CopyPRNG		; loop if not complete

DDD8  A9 80             	LDA	#$80			; set the exponent
DDDA  85 AC             	STA	FAC1_e		; save FAC1 exponent

DDDC  0A                	ASL				; clear A
DDDD  85 B0             	STA	FAC1_s		; save FAC1 sign

DDDF  4C 45D7           	JMP	LAB_24D5		; normalise FAC1 and return

                        ; perform COS()

DDE2                    LAB_COS
DDE2  A9 A9             	LDA	#<LAB_2C78		; set (pi/2) pointer low byte
DDE4  A0 E2             	LDY	#>LAB_2C78		; set (pi/2) pointer high byte
DDE6  20 CFD6           	JSR	LAB_246C		; add (AY) to FAC1

                        ; perform SIN()

DDE9                    LAB_SIN
DDE9  20 DBD9           	JSR	LAB_27AB		; round and copy FAC1 to FAC2
DDEC  A9 BE             	LDA	#<LAB_2C7C		; set (2*pi) pointer low byte
DDEE  A0 E2             	LDY	#>LAB_2C7C		; set (2*pi) pointer high byte
DDF0  A6 B7             	LDX	FAC2_s		; get FAC2 sign (b7)
DDF2  20 0AD9           	JSR	LAB_26C2		; divide by (AY) (X=sign)
DDF5  20 DBD9           	JSR	LAB_27AB		; round and copy FAC1 to FAC2
DDF8  20 92DA           	JSR	LAB_INT		; perform INT
DDFB  A9 00             	LDA	#$00			; clear byte
DDFD  85 B8             	STA	FAC_sc		; clear sign compare (FAC1 EOR FAC2)
DDFF  20 B7D6           	JSR	LAB_SUBTRACT	; perform subtraction, FAC2 from FAC1
DE02  A9 F0             	LDA	#<LAB_2C80		; set 0.25 pointer low byte
DE04  A0 E2             	LDY	#>LAB_2C80		; set 0.25 pointer high byte
DE06  20 B4D6           	JSR	LAB_2455		; perform subtraction, (AY) from FAC1
DE09  A5 B0             	LDA	FAC1_s		; get FAC1 sign (b7)
DE0B  48                	PHA				; save FAC1 sign
DE0C  10 0D             	BPL	LAB_2C35		; branch if +ve

                        					; FAC1 sign was -ve
DE0E  20 CBD6           	JSR	LAB_244E		; add 0.5 to FAC1
DE11  A5 B0             	LDA	FAC1_s		; get FAC1 sign (b7)
DE13  30 09             	BMI	LAB_2C38		; branch if -ve

DE15  A5 63             	LDA	Cflag			; get comparison evaluation flag
DE17  49 FF             	EOR	#$FF			; toggle flag
DE19  85 63             	STA	Cflag			; save comparison evaluation flag
DE1B                    LAB_2C35
DE1B  20 05DD           	JSR	LAB_GTHAN		; do - FAC1
DE1E                    LAB_2C38
DE1E  A9 F0             	LDA	#<LAB_2C80		; set 0.25 pointer low byte
DE20  A0 E2             	LDY	#>LAB_2C80		; set 0.25 pointer high byte
DE22  20 CFD6           	JSR	LAB_246C		; add (AY) to FAC1
DE25  68                	PLA				; restore FAC1 sign
DE26  10 03             	BPL	LAB_2C45		; branch if was +ve

                        					; else correct FAC1
DE28  20 05DD           	JSR	LAB_GTHAN		; do - FAC1
DE2B                    LAB_2C45
DE2B  A9 AD             	LDA	#<LAB_2C84		; set pointer low byte to counter
DE2D  A0 E2             	LDY	#>LAB_2C84		; set pointer high byte to counter
DE2F  4C 62DD           	JMP	LAB_2B6E		; ^2 then series evaluation and return

                        ; perform TAN()

DE32                    LAB_TAN
DE32  20 AED9           	JSR	LAB_276E		; pack FAC1 into Adatal
DE35  A9 00             	LDA	#$00			; clear byte
DE37  85 63             	STA	Cflag			; clear comparison evaluation flag
DE39  20 E9DD           	JSR	LAB_SIN		; go do SIN(n)
DE3C  A2 9C             	LDX	#<func_l		; set sin(n) pointer low byte
DE3E  A0 00             	LDY	#>func_l		; set sin(n) pointer high byte
DE40  20 B8D9           	JSR	LAB_2778		; pack FAC1 into (XY)
DE43  A9 A4             	LDA	#<Adatal		; set n pointer low addr
DE45  A0 00             	LDY	#>Adatal		; set n pointer high addr
DE47  20 8ED9           	JSR	LAB_UFAC		; unpack memory (AY) into FAC1
DE4A  A9 00             	LDA	#$00			; clear byte
DE4C  85 B0             	STA	FAC1_s		; clear FAC1 sign (b7)
DE4E  A5 63             	LDA	Cflag			; get comparison evaluation flag
DE50  20 5ADE           	JSR	LAB_2C74		; save flag and go do series evaluation

DE53  A9 9C             	LDA	#<func_l		; set sin(n) pointer low byte
DE55  A0 00             	LDY	#>func_l		; set sin(n) pointer high byte
DE57  4C 12D9           	JMP	LAB_26CA		; convert AY and do (AY)/FAC1

DE5A                    LAB_2C74
DE5A  48                	PHA				; save comparison evaluation flag
DE5B  4C 1BDE           	JMP	LAB_2C35		; go do series evaluation

                        ; perform USR()

DE5E                    LAB_USR
DE5E  20 0A00           	JSR	Usrjmp		; call user code
DE61  4C 00CD           	JMP	LAB_1BFB		; scan for ")", else do syntax error then warm start

                        ; perform ATN()

DE64                    LAB_ATN
DE64  A5 B0             	LDA	FAC1_s		; get FAC1 sign (b7)
DE66  48                	PHA				; save sign
DE67  10 03             	BPL	LAB_2CA1		; branch if +ve

DE69  20 05DD           	JSR	LAB_GTHAN		; else do - FAC1
DE6C                    LAB_2CA1
DE6C  A5 AC             	LDA	FAC1_e		; get FAC1 exponent
DE6E  48                	PHA				; push exponent
DE6F  C9 81             	CMP	#$81			; compare with 1
DE71  90 07             	BCC	LAB_2CAF		; branch if FAC1<1

DE73  A9 E3             	LDA	#<LAB_259C		; set 1 pointer low byte
DE75  A0 E2             	LDY	#>LAB_259C		; set 1 pointer high byte
DE77  20 12D9           	JSR	LAB_26CA		; convert AY and do (AY)/FAC1
DE7A                    LAB_2CAF
DE7A  A9 C2             	LDA	#<LAB_2CC9		; set pointer low byte to counter
DE7C  A0 E2             	LDY	#>LAB_2CC9		; set pointer high byte to counter
DE7E  20 62DD           	JSR	LAB_2B6E		; ^2 then series evaluation
DE81  68                	PLA				; restore old FAC1 exponent
DE82  C9 81             	CMP	#$81			; compare with 1
DE84  90 07             	BCC	LAB_2CC2		; branch if FAC1<1

DE86  A9 A9             	LDA	#<LAB_2C78		; set (pi/2) pointer low byte
DE88  A0 E2             	LDY	#>LAB_2C78		; set (pi/2) pointer high byte
DE8A  20 B4D6           	JSR	LAB_2455		; perform subtraction, (AY) from FAC1
DE8D                    LAB_2CC2
DE8D  68                	PLA				; restore FAC1 sign
DE8E  10 16             	BPL	LAB_2D04		; exit if was +ve

DE90  4C 05DD           	JMP	LAB_GTHAN		; else do - FAC1 and return

                        ; perform BITSET

DE93                    LAB_BITSET
DE93  20 E9D5           	JSR	LAB_GADB		; get two parameters for POKE or WAIT
DE96  E0 08             	CPX	#$08			; only 0 to 7 are allowed
DE98  B0 20             	BCS	FCError		; branch if > 7

DE9A  A9 00             	LDA	#$00			; clear A
DE9C  38                	SEC				; set the carry
DE9D                    S_Bits
DE9D  2A                	ROL				; shift bit
DE9E  CA                	DEX				; decrement bit number
DE9F  10 FC             	BPL	S_Bits		; loop if still +ve

DEA1  E8                	INX				; make X = $00
DEA2  01 11             	ORA	(Itempl,X)		; or with byte via temporary integer (addr)
DEA4  81 11             	STA	(Itempl,X)		; save byte via temporary integer (addr)
DEA6                    LAB_2D04
DEA6  60                	RTS

                        ; perform BITCLR

DEA7                    LAB_BITCLR
DEA7  20 E9D5           	JSR	LAB_GADB		; get two parameters for POKE or WAIT
DEAA  E0 08             	CPX	#$08			; only 0 to 7 are allowed
DEAC  B0 0C             	BCS	FCError		; branch if > 7

DEAE  A9 FF             	LDA	#$FF			; set A
DEB0                    S_Bitc
DEB0  2A                	ROL				; shift bit
DEB1  CA                	DEX				; decrement bit number
DEB2  10 FC             	BPL	S_Bitc		; loop if still +ve

DEB4  E8                	INX				; make X = $00
DEB5  21 11             	AND	(Itempl,X)		; and with byte via temporary integer (addr)
DEB7  81 11             	STA	(Itempl,X)		; save byte via temporary integer (addr)
DEB9  60                	RTS

DEBA                    FCError
DEBA  4C 3AD0           	JMP	LAB_FCER		; do function call error then warm start

                        ; perform BITTST()

DEBD                    LAB_BTST
DEBD  20 BC00           	JSR	LAB_IGBY		; increment BASIC pointer
DEC0  20 E9D5           	JSR	LAB_GADB		; get two parameters for POKE or WAIT
DEC3  E0 08             	CPX	#$08			; only 0 to 7 are allowed
DEC5  B0 F3             	BCS	FCError		; branch if > 7

DEC7  20 C200           	JSR	LAB_GBYT		; get next BASIC byte
DECA  C9 29             	CMP	#')'			; is next character ")"
DECC  F0 03             	BEQ	TST_OK		; if ")" go do rest of function

DECE  4C 13CD           	JMP	LAB_SNER		; do syntax error then warm start

DED1                    TST_OK
DED1  20 BC00           	JSR	LAB_IGBY		; update BASIC execute pointer (to character past ")")
DED4  A9 00             	LDA	#$00			; clear A
DED6  38                	SEC				; set the carry
DED7                    T_Bits
DED7  2A                	ROL				; shift bit
DED8  CA                	DEX				; decrement bit number
DED9  10 FC             	BPL	T_Bits		; loop if still +ve

DEDB  E8                	INX				; make X = $00
DEDC  21 11             	AND	(Itempl,X)		; AND with byte via temporary integer (addr)
DEDE  F0 02             	BEQ	LAB_NOTT		; branch if zero (already correct)

DEE0  A9 FF             	LDA	#$FF			; set for -1 result
DEE2                    LAB_NOTT
DEE2  4C 0BDA           	JMP	LAB_27DB		; go do SGN tail

                        ; perform BIN$()

DEE5                    LAB_BINS
DEE5  E0 19             	CPX	#$19			; max + 1
DEE7  B0 48             	BCS	BinFErr		; exit if too big ( > or = )

DEE9  86 78             	STX	TempB			; save # of characters ($00 = leading zero remove)
DEEB  A9 18             	LDA	#$18			; need A byte long space
DEED  20 4BD2           	JSR	LAB_MSSP		; make string space A bytes long
DEF0  A0 17             	LDY	#$17			; set index
DEF2  A2 18             	LDX	#$18			; character count
DEF4                    NextB1
DEF4  46 11             	LSR	nums_1		; shift highest byte
DEF6  66 12             	ROR	nums_2		; shift middle byte
DEF8  66 13             	ROR	nums_3		; shift lowest byte bit 0 to carry
DEFA  8A                	TXA				; load with "0"/2
DEFB  2A                	ROL				; shift in carry
DEFC  91 AD             	STA	(str_pl),Y		; save to temp string + index
DEFE  88                	DEY				; decrement index
DEFF  10 F3             	BPL	NextB1		; loop if not done

DF01  A5 78             	LDA	TempB			; get # of characters
DF03  F0 0A             	BEQ	EndBHS		; branch if truncate

DF05  AA                	TAX				; copy length to X
DF06  38                	SEC				; set carry for add !
DF07  49 FF             	EOR	#$FF			; 1's complement
DF09  69 18             	ADC	#$18			; add 24d
DF0B  F0 1C             	BEQ	GoPr2			; if zero print whole string

DF0D  D0 0F             	BNE	GoPr1			; else go make output string
                        	
                        ; this is the exit code and is also used by HEX$()
                        ; truncate string to remove leading "0"s

DF0F                    EndBHS
DF0F  A8                	TAY				; clear index (A=0, X=length here)
DF10                    NextB2
DF10  B1 AD             	LDA	(str_pl),Y		; get character from string
DF12  C9 30             	CMP	#'0'			; compare with "0"
DF14  D0 07             	BNE	GoPr			; if not "0" then go print string from here

DF16  CA                	DEX				; decrement character count
DF17  F0 03             	BEQ	GoPr3			; if zero then end of string so go print it

DF19  C8                	INY				; else increment index
DF1A  10 F4             	BPL	NextB2		; loop always

                        ; make fixed length output string - ignore overflows!

DF1C                    GoPr3
DF1C  E8                	INX				; need at least 1 character
DF1D                    GoPr
DF1D  98                	TYA				; copy result
DF1E                    GoPr1
DF1E  18                	CLC				; clear carry for add
DF1F  65 AD             	ADC	str_pl		; add low address
DF21  85 AD             	STA	str_pl		; save low address
DF23  A9 00             	LDA	#$00			; do high byte
DF25  65 AE             	ADC	str_ph		; add high address
DF27  85 AE             	STA	str_ph		; save high address
DF29                    GoPr2
DF29  86 AC             	STX	str_ln		; X holds string length
DF2B  20 BC00           	JSR	LAB_IGBY		; update BASIC execute pointer (to character past ")")
DF2E  4C 96D2           	JMP	LAB_RTST		; check for space on descriptor stack then put address
                        					; and length on descriptor stack and update stack pointers

DF31                    BinFErr
DF31  4C 3AD0           	JMP	LAB_FCER		; do function call error then warm start

                        ; perform HEX$()

DF34                    LAB_HEXS
DF34  E0 07             	CPX	#$07			; max + 1
DF36  B0 F9             	BCS	BinFErr		; exit if too big ( > or = )

DF38  86 78             	STX	TempB			; save # of characters

DF3A  A9 06             	LDA	#$06			; need 6 bytes for string
DF3C  20 4BD2           	JSR	LAB_MSSP		; make string space A bytes long
DF3F  A0 05             	LDY	#$05			; set string index

DF41  F8                	SED				; need decimal mode for nibble convert
DF42  A5 13             	LDA	nums_3		; get lowest byte
DF44  20 62DF           	JSR	LAB_A2HX		; convert A to ASCII hex byte and output
DF47  A5 12             	LDA	nums_2		; get middle byte
DF49  20 62DF           	JSR	LAB_A2HX		; convert A to ASCII hex byte and output
DF4C  A5 11             	LDA	nums_1		; get highest byte
DF4E  20 62DF           	JSR	LAB_A2HX		; convert A to ASCII hex byte and output
DF51  D8                	CLD				; back to binary

DF52  A2 06             	LDX	#$06			; character count
DF54  A5 78             	LDA	TempB			; get # of characters
DF56  F0 B7             	BEQ	EndBHS		; branch if truncate

DF58  AA                	TAX				; copy length to X
DF59  38                	SEC				; set carry for add !
DF5A  49 FF             	EOR	#$FF			; 1's complement
DF5C  69 06             	ADC	#$06			; add 6d
DF5E  F0 C9             	BEQ	GoPr2			; if zero print whole string

DF60  D0 BC             	BNE	GoPr1			; else go make output string (branch always)

                        ; convert A to ASCII hex byte and output .. note set decimal mode before calling

DF62                    LAB_A2HX
DF62  AA                	TAX				; save byte
DF63  29 0F             	AND	#$0F			; mask off top bits
DF65  20 6DDF           	JSR	LAB_AL2X		; convert low nibble to ASCII and output
DF68  8A                	TXA				; get byte back
DF69  4A                	LSR				; /2	shift high nibble to low nibble
DF6A  4A                	LSR				; /4
DF6B  4A                	LSR				; /8
DF6C  4A                	LSR				; /16
DF6D                    LAB_AL2X
DF6D  C9 0A             	CMP	#$0A			; set carry for +1 if >9
DF6F  69 30             	ADC	#'0'			; add ASCII "0"
DF71  91 AD             	STA	(str_pl),Y		; save to temp string
DF73  88                	DEY				; decrement counter
DF74  60                	RTS

DF75                    LAB_NLTO
DF75  85 AC             	STA	FAC1_e		; save FAC1 exponent
DF77  A9 00             	LDA	#$00			; clear sign compare
DF79                    LAB_MLTE
DF79  85 B8             	STA	FAC_sc		; save sign compare (FAC1 EOR FAC2)
DF7B  8A                	TXA				; restore character
DF7C  20 56DB           	JSR	LAB_2912		; evaluate new ASCII digit

                        ; gets here if the first character was "$" for hex
                        ; get hex number

DF7F                    LAB_CHEX
DF7F  20 BC00           	JSR	LAB_IGBY		; increment and scan memory
DF82  90 0A             	BCC	LAB_ISHN		; branch if numeric character

DF84  09 20             	ORA	#$20			; case convert, allow "A" to "F" and "a" to "f"
DF86  E9 61             	SBC	#'a'			; subtract "a" (carry set here)
DF88  C9 06             	CMP	#$06			; compare normalised with $06 (max+1)
DF8A  B0 2A             	BCS	LAB_EXCH		; exit if >"f" or <"0"

DF8C  69 0A             	ADC	#$0A			; convert to nibble
DF8E                    LAB_ISHN
DF8E  29 0F             	AND	#$0F			; convert to binary
DF90  AA                	TAX				; save nibble
DF91  A5 AC             	LDA	FAC1_e		; get FAC1 exponent
DF93  F0 E4             	BEQ	LAB_MLTE		; skip multiply if zero

DF95  69 04             	ADC	#$04			; add four to exponent (*16 - carry clear here)
DF97  90 DC             	BCC	LAB_NLTO		; if no overflow do evaluate digit

DF99                    LAB_MLTO
DF99  4C D4D7           	JMP	LAB_2564		; do overflow error and warm start

DF9C                    LAB_NXCH
DF9C  AA                	TAX				; save bit
DF9D  A5 AC             	LDA	FAC1_e		; get FAC1 exponent
DF9F  F0 06             	BEQ	LAB_MLBT		; skip multiply if zero

DFA1  E6 AC             	INC	FAC1_e		; increment FAC1 exponent (*2)
DFA3  F0 F4             	BEQ	LAB_MLTO		; do overflow error if = $00

DFA5  A9 00             	LDA	#$00			; clear sign compare
DFA7                    LAB_MLBT
DFA7  85 B8             	STA	FAC_sc		; save sign compare (FAC1 EOR FAC2)
DFA9  8A                	TXA				; restore bit
DFAA  20 56DB           	JSR	LAB_2912		; evaluate new ASCII digit

                        ; gets here if the first character was  "%" for binary
                        ; get binary number

DFAD                    LAB_CBIN
DFAD  20 BC00           	JSR	LAB_IGBY		; increment and scan memory
DFB0  49 30             	EOR	#'0'			; convert "0" to 0 etc.
DFB2  C9 02             	CMP	#$02			; compare with max+1
DFB4  90 E6             	BCC	LAB_NXCH		; branch exit if < 2

DFB6                    LAB_EXCH
DFB6  4C 3BDB           	JMP	LAB_28F6		; evaluate -ve flag and return

                        ; ctrl-c check routine. includes limited "life" byte save for INGET routine
                        ; now also the code that checks to see if an interrupt has occurred

DFB9                    CTRLC
DFB9  AD 0002           	LDA	ccflag		; get [CTRL-C] check flag
DFBC  D0 18             	BNE	LAB_FBA2		; exit if inhibited

DFBE  20 F1E1           	JSR	V_INPT		; scan input device
DFC1  90 0B             	BCC	LAB_FBA0		; exit if buffer empty

DFC3  8D 0102           	STA	ccbyte		; save received byte
DFC6  A2 20             	LDX	#$20			; "life" timer for bytes
DFC8  8E 0202           	STX	ccnull		; set countdown
DFCB  4C 28C6           	JMP	LAB_1636		; return to BASIC

DFCE                    LAB_FBA0
DFCE  AE 0202           	LDX	ccnull		; get countdown byte
DFD1  F0 03             	BEQ	LAB_FBA2		; exit if finished

DFD3  CE 0202           	DEC	ccnull		; else decrement countdown
DFD6                    LAB_FBA2
                        ;;	LDX	#NmiBase		; set pointer to NMI values
                        ;;	JSR	LAB_CKIN		; go check interrupt
                        ;;	LDX	#IrqBase		; set pointer to IRQ values
                        ;;	JSR	LAB_CKIN		; go check interrupt
DFD6                    LAB_CRTS
DFD6  60                	RTS

                        ; check whichever interrupt is indexed by X

DFD7                    LAB_CKIN
DFD7  B5 00             	LDA	PLUS_0,X		; get interrupt flag byte
DFD9  10 FB             	BPL	LAB_CRTS		; branch if interrupt not enabled

                        ; we disable the interrupt here and make two new commands RETIRQ and RETNMI to
                        ; automatically enable the interrupt when we exit

DFDB  0A                	ASL				; move happened bit to setup bit
DFDC  29 40             	AND	#$40			; mask happened bits
DFDE  F0 F6             	BEQ	LAB_CRTS		; if no interrupt then exit

DFE0  95 00             	STA	PLUS_0,X		; save interrupt flag byte

DFE2  8A                	TXA				; copy index ..
DFE3  A8                	TAY				; .. to Y

DFE4  68                	PLA				; dump return address low byte, call from CTRL-C
DFE5  68                	PLA				; dump return address high byte

DFE6  A9 05             	LDA	#$05			; need 5 bytes for GOSUB
DFE8  20 09C2           	JSR	LAB_1212		; check room on stack for A bytes
DFEB  A5 C4             	LDA	Bpntrh		; get BASIC execute pointer high byte
DFED  48                	PHA				; push on stack
DFEE  A5 C3             	LDA	Bpntrl		; get BASIC execute pointer low byte
DFF0  48                	PHA				; push on stack
DFF1  A5 88             	LDA	Clineh		; get current line high byte
DFF3  48                	PHA				; push on stack
DFF4  A5 87             	LDA	Clinel		; get current line low byte
DFF6  48                	PHA				; push on stack
DFF7  A9 8D             	LDA	#TK_GOSUB		; token for GOSUB
DFF9  48                	PHA				; push on stack

DFFA  B9 0100           	LDA	PLUS_1,Y		; get interrupt code pointer low byte
DFFD  85 C3             	STA	Bpntrl		; save as BASIC execute pointer low byte
DFFF  B9 0200           	LDA	PLUS_2,Y		; get interrupt code pointer high byte
E002  85 C4             	STA	Bpntrh		; save as BASIC execute pointer high byte

E004  4C CDC5           	JMP	LAB_15C2		; go do interpreter inner loop
                        					; can't RTS, we used the stack! the RTS from the ctrl-c
                        					; check will be taken when the RETIRQ/RETNMI/RETURN is
                        					; executed at the end of the subroutine

                        ; get byte from input device, no waiting
                        ; returns with carry set if byte in A

E007                    INGET
E007  20 F1E1           	JSR	V_INPT		; call scan input device
E00A  B0 09             	BCS	LAB_FB95		; if byte go reset timer

E00C  AD 0202           	LDA	ccnull		; get countdown
E00F  F0 09             	BEQ	LAB_FB96		; exit if empty

E011  AD 0102           	LDA	ccbyte		; get last received byte
E014  38                	SEC				; flag we got a byte
E015                    LAB_FB95
E015  A2 00             	LDX	#$00			; clear X
E017  8E 0202           	STX	ccnull		; clear timer because we got a byte
E01A                    LAB_FB96
E01A  60                	RTS

                        ; these routines only enable the interrupts if the set-up flag is set
                        ; if not they have no effect



                        ; perform IRQ {ON|OFF|CLEAR}
E01B                    LAB_IRQ
E01B  A2 DF             	LDX	#IrqBase		; set pointer to IRQ values
E01D  2C                	.byte	$2C			; make next line BIT abs.

                        ; perform NMI {ON|OFF|CLEAR}

E01E                    LAB_NMI
E01E  A2 DC             	LDX	#NmiBase		; set pointer to NMI values
E020  C9 93             	CMP	#TK_ON		; compare with token for ON
E022  F0 11             	BEQ	LAB_INON		; go turn on interrupt

E024  C9 B6             	CMP	#TK_OFF		; compare with token for OFF
E026  F0 07             	BEQ	LAB_IOFF		; go turn off interrupt

E028  49 A2             	EOR	#TK_CLEAR		; compare with token for CLEAR, A = $00 if = TK_CLEAR
E02A  F0 0E             	BEQ	LAB_INEX		; go clear interrupt flags and return

E02C  4C 13CD           	JMP	LAB_SNER		; do syntax error then warm start

E02F                    LAB_IOFF
E02F  A9 7F             	LDA	#$7F			; clear A
E031  35 00             	AND	PLUS_0,X		; AND with interrupt setup flag
E033  10 05             	BPL	LAB_INEX		; go clear interrupt enabled flag and return

E035                    LAB_INON
E035  B5 00             	LDA	PLUS_0,X		; get interrupt setup flag
E037  0A                	ASL				; Shift bit to enabled flag
E038  15 00             	ORA	PLUS_0,X		; OR with flag byte
E03A                    LAB_INEX
E03A  95 00             	STA	PLUS_0,X		; save interrupt flag byte
E03C  4C BC00           	JMP	LAB_IGBY		; update BASIC execute pointer and return

                        ; these routines set up the pointers and flags for the interrupt routines
                        ; note that the interrupts are also enabled by these commands

                        ; perform ON IRQ

E03F                    LAB_SIRQ
E03F  58                	CLI				; enable interrupts
E040  A2 DF             	LDX	#IrqBase		; set pointer to IRQ values
E042  2C                	.byte	$2C			; make next line BIT abs.

                        ; perform ON NMI

E043                    LAB_SNMI
E043  A2 DC             	LDX	#NmiBase		; set pointer to NMI values

E045  86 78             	STX	TempB			; save interrupt pointer
E047  20 BC00           	JSR	LAB_IGBY		; increment and scan memory (past token)
E04A  20 66C8           	JSR	LAB_GFPN		; get fixed-point number into temp integer
E04D  A5 79             	LDA	Smeml			; get start of mem low byte
E04F  A6 7A             	LDX	Smemh			; get start of mem high byte
E051  20 36C4           	JSR	LAB_SHLN		; search Basic for temp integer line number from AX
E054  B0 03             	BCS	LAB_LFND		; if carry set go set-up interrupt

E056  4C 83C7           	JMP	LAB_16F7		; else go do "Undefined statement" error and warm start

E059                    LAB_LFND
E059  A6 78             	LDX	TempB			; get interrupt pointer
E05B  A5 AA             	LDA	Baslnl		; get pointer low byte
E05D  E9 01             	SBC	#$01			; -1 (carry already set for subtract)
E05F  95 01             	STA	PLUS_1,X		; save as interrupt pointer low byte
E061  A5 AB             	LDA	Baslnh		; get pointer high byte
E063  E9 00             	SBC	#$00			; subtract carry
E065  95 02             	STA	PLUS_2,X		; save as interrupt pointer high byte

E067  A9 C0             	LDA	#$C0			; set interrupt enabled/setup bits
E069  95 00             	STA	PLUS_0,X		; set interrupt flags
E06B                    LAB_IRTS
E06B  60                	RTS

                        ; return from IRQ service, restores the enabled flag.

                        ; perform RETIRQ

E06C                    LAB_RETIRQ
E06C  D0 FD             	BNE	LAB_IRTS		; exit if following token (to allow syntax error)

E06E  A5 DF             	LDA	IrqBase		; get interrupt flags
E070  0A                	ASL				; copy setup to enabled (b7)
E071  05 DF             	ORA	IrqBase		; OR in setup flag
E073  85 DF             	STA	IrqBase		; save enabled flag
E075  4C 8AC7           	JMP	LAB_16E8		; go do rest of RETURN

                        ; return from NMI service, restores the enabled flag.

                        ; perform RETNMI

E078                    LAB_RETNMI
E078  D0 F1             	BNE	LAB_IRTS		; exit if following token (to allow syntax error)

E07A  A5 DC             	LDA	NmiBase		; get set-up flag
E07C  0A                	ASL				; copy setup to enabled (b7)
E07D  05 DC             	ORA	NmiBase		; OR in setup flag
E07F  85 DC             	STA	NmiBase		; save enabled flag
E081  4C 8AC7           	JMP	LAB_16E8		; go do rest of RETURN

                        ; MAX() MIN() pre process

E084                    LAB_MMPP
E084  20 FACB           	JSR	LAB_EVEZ		; process expression
E087  4C E1CB           	JMP	LAB_CTNM		; check if source is numeric, else do type mismatch

                        ; perform MAX()

E08A                    LAB_MAX
E08A  20 B8E0           	JSR	LAB_PHFA		; push FAC1, evaluate expression,
                        					; pull FAC2 and compare with FAC1
E08D  10 FB             	BPL	LAB_MAX		; branch if no swap to do

E08F  A5 B4             	LDA	FAC2_1		; get FAC2 mantissa1
E091  09 80             	ORA	#$80			; set top bit (clear sign from compare)
E093  85 B4             	STA	FAC2_1		; save FAC2 mantissa1
E095  20 D4D6           	JSR	LAB_279B		; copy FAC2 to FAC1
E098  F0 F0             	BEQ	LAB_MAX		; go do next (branch always)

                        ; perform MIN()

E09A                    LAB_MIN
E09A  20 B8E0           	JSR	LAB_PHFA		; push FAC1, evaluate expression,
                        					; pull FAC2 and compare with FAC1
E09D  30 FB             	BMI	LAB_MIN		; branch if no swap to do

E09F  F0 F9             	BEQ	LAB_MIN		; branch if no swap to do

E0A1  A5 B4             	LDA	FAC2_1		; get FAC2 mantissa1
E0A3  09 80             	ORA	#$80			; set top bit (clear sign from compare)
E0A5  85 B4             	STA	FAC2_1		; save FAC2 mantissa1
E0A7  20 D4D6           	JSR	LAB_279B		; copy FAC2 to FAC1
E0AA  F0 EE             	BEQ	LAB_MIN		; go do next (branch always)

                        ; exit routine. don't bother returning to the loop code
                        ; check for correct exit, else so syntax error

E0AC                    LAB_MMEC
E0AC  C9 29             	CMP	#')'			; is it end of function?
E0AE  D0 05             	BNE	LAB_MMSE		; if not do MAX MIN syntax error

E0B0  68                	PLA				; dump return address low byte
E0B1  68                	PLA				; dump return address high byte
E0B2  4C BC00           	JMP	LAB_IGBY		; update BASIC execute pointer (to chr past ")")

E0B5                    LAB_MMSE
E0B5  4C 13CD           	JMP	LAB_SNER		; do syntax error then warm start

                        ; check for next, evaluate and return or exit
                        ; this is the routine that does most of the work

E0B8                    LAB_PHFA
E0B8  20 C200           	JSR	LAB_GBYT		; get next BASIC byte
E0BB  C9 2C             	CMP	#','			; is there more ?
E0BD  D0 ED             	BNE	LAB_MMEC		; if not go do end check

                        					; push FAC1
E0BF  20 EAD9           	JSR	LAB_27BA		; round FAC1
E0C2  A5 B0             	LDA	FAC1_s		; get FAC1 sign
E0C4  09 7F             	ORA	#$7F			; set all non sign bits
E0C6  25 AD             	AND	FAC1_1		; AND FAC1 mantissa1 (AND in sign bit)
E0C8  48                	PHA				; push on stack
E0C9  A5 AE             	LDA	FAC1_2		; get FAC1 mantissa2
E0CB  48                	PHA				; push on stack
E0CC  A5 AF             	LDA	FAC1_3		; get FAC1 mantissa3
E0CE  48                	PHA				; push on stack
E0CF  A5 AC             	LDA	FAC1_e		; get FAC1 exponent
E0D1  48                	PHA				; push on stack

E0D2  20 BC00           	JSR	LAB_IGBY		; scan and get next BASIC byte (after ",")
E0D5  20 DECB           	JSR	LAB_EVNM		; evaluate expression and check is numeric,
                        					; else do type mismatch

                        					; pop FAC2 (MAX/MIN expression so far)
E0D8  68                	PLA				; pop exponent
E0D9  85 B3             	STA	FAC2_e		; save FAC2 exponent
E0DB  68                	PLA				; pop mantissa3
E0DC  85 B6             	STA	FAC2_3		; save FAC2 mantissa3
E0DE  68                	PLA				; pop mantissa1
E0DF  85 B5             	STA	FAC2_2		; save FAC2 mantissa2
E0E1  68                	PLA				; pop sign/mantissa1
E0E2  85 B4             	STA	FAC2_1		; save FAC2 sign/mantissa1
E0E4  85 B7             	STA	FAC2_s		; save FAC2 sign

                        					; compare FAC1 with (packed) FAC2
E0E6  A9 B3             	LDA	#<FAC2_e		; set pointer low byte to FAC2
E0E8  A0 00             	LDY	#>FAC2_e		; set pointer high byte to FAC2
E0EA  4C 28DA           	JMP	LAB_27F8		; compare FAC1 with FAC2 (AY) and return
                        					; returns A=$00 if FAC1 = (AY)
                        					; returns A=$01 if FAC1 > (AY)
                        					; returns A=$FF if FAC1 < (AY)

                        ; perform WIDTH

E0ED                    LAB_WDTH
E0ED  C9 2C             	CMP	#','			; is next byte ","
E0EF  F0 1B             	BEQ	LAB_TBSZ		; if so do tab size

E0F1  20 9DD5           	JSR	LAB_GTBY		; get byte parameter
E0F4  8A                	TXA				; copy width to A
E0F5  F0 0A             	BEQ	LAB_NSTT		; branch if set for infinite line

E0F7  E0 10             	CPX	#$10			; else make min width = 16d
E0F9  90 45             	BCC	TabErr		; if less do function call error and exit

                        ; this next compare ensures that we can't exit WIDTH via an error leaving the
                        ; tab size greater than the line length.

E0FB  E4 64             	CPX	TabSiz		; compare with tab size
E0FD  B0 02             	BCS	LAB_NSTT		; branch if >= tab size

E0FF  86 64             	STX	TabSiz		; else make tab size = terminal width
E101                    LAB_NSTT
E101  86 0F             	STX	TWidth		; set the terminal width
E103  20 C200           	JSR	LAB_GBYT		; get BASIC byte back
E106  F0 1A             	BEQ	WExit			; exit if no following

E108  C9 2C             	CMP	#','			; else is it ","
E10A  D0 A9             	BNE	LAB_MMSE		; if not do syntax error

E10C                    LAB_TBSZ
E10C  20 9AD5           	JSR	LAB_SGBY		; scan and get byte parameter
E10F  8A                	TXA				; copy TAB size
E110  30 2E             	BMI	TabErr		; if >127 do function call error and exit

E112  E0 01             	CPX	#$01			; compare with min-1
E114  90 2A             	BCC	TabErr		; if <=1 do function call error and exit

E116  A5 0F             	LDA	TWidth		; set flags for width
E118  F0 06             	BEQ	LAB_SVTB		; skip check if infinite line

E11A  E4 0F             	CPX	TWidth		; compare TAB with width
E11C  F0 02             	BEQ	LAB_SVTB		; ok if =

E11E  B0 20             	BCS	TabErr		; branch if too big

E120                    LAB_SVTB
E120  86 64             	STX	TabSiz		; save TAB size

                        ; calculate tab column limit from TAB size. The Iclim is set to the last tab
                        ; position on a line that still has at least one whole tab width between it
                        ; and the end of the line.

E122                    WExit
E122  A5 0F             	LDA	TWidth		; get width
E124  F0 06             	BEQ	LAB_SULP		; branch if infinite line

E126  C5 64             	CMP	TabSiz		; compare with tab size
E128  B0 03             	BCS	LAB_WDLP		; branch if >= tab size

E12A  85 64             	STA	TabSiz		; else make tab size = terminal width
E12C                    LAB_SULP
E12C  38                	SEC				; set carry for subtract
E12D                    LAB_WDLP
E12D  E5 64             	SBC	TabSiz		; subtract tab size
E12F  B0 FC             	BCS	LAB_WDLP		; loop while no borrow

E131  65 64             	ADC	TabSiz		; add tab size back
E133  18                	CLC				; clear carry for add
E134  65 64             	ADC	TabSiz		; add tab size back again
E136  85 10             	STA	Iclim			; save for now
E138  A5 0F             	LDA	TWidth		; get width back
E13A  38                	SEC				; set carry for subtract
E13B  E5 10             	SBC	Iclim			; subtract remainder
E13D  85 10             	STA	Iclim			; save tab column limit
E13F                    LAB_NOSQ
E13F  60                	RTS

E140                    TabErr
E140  4C 3AD0           	JMP	LAB_FCER		; do function call error then warm start

                        ; perform SQR()

E143                    LAB_SQR
E143  A5 B0             	LDA	FAC1_s		; get FAC1 sign
E145  30 F9             	BMI	TabErr		; if -ve do function call error

E147  A5 AC             	LDA	FAC1_e		; get exponent
E149  F0 F4             	BEQ	LAB_NOSQ		; if zero just return

                        					; else do root
E14B  20 DBD9           	JSR	LAB_27AB		; round and copy FAC1 to FAC2
E14E  A9 00             	LDA	#$00			; clear A

E150  85 77             	STA	FACt_3		; clear remainder
E152  85 76             	STA	FACt_2		; ..
E154  85 75             	STA	FACt_1		; ..
E156  85 78             	STA	TempB			; ..

E158  85 AF             	STA	FAC1_3		; clear root
E15A  85 AE             	STA	FAC1_2		; ..
E15C  85 AD             	STA	FAC1_1		; ..

E15E  A2 18             	LDX	#$18			; 24 pairs of bits to do
E160  A5 B3             	LDA	FAC2_e		; get exponent
E162  4A                	LSR				; check odd/even
E163  B0 0E             	BCS	LAB_SQE2		; if odd only 1 shift first time

E165                    LAB_SQE1
E165  06 B6             	ASL	FAC2_3		; shift highest bit of number ..
E167  26 B5             	ROL	FAC2_2		; ..
E169  26 B4             	ROL	FAC2_1		; ..
E16B  26 77             	ROL	FACt_3		; .. into remainder
E16D  26 76             	ROL	FACt_2		; ..
E16F  26 75             	ROL	FACt_1		; ..
E171  26 78             	ROL	TempB			; .. never overflows
E173                    LAB_SQE2
E173  06 B6             	ASL	FAC2_3		; shift highest bit of number ..
E175  26 B5             	ROL	FAC2_2		; ..
E177  26 B4             	ROL	FAC2_1		; ..
E179  26 77             	ROL	FACt_3		; .. into remainder
E17B  26 76             	ROL	FACt_2		; ..
E17D  26 75             	ROL	FACt_1		; ..
E17F  26 78             	ROL	TempB			; .. never overflows

E181  06 AF             	ASL	FAC1_3		; root = root * 2
E183  26 AE             	ROL	FAC1_2		; ..
E185  26 AD             	ROL	FAC1_1		; .. never overflows

E187  A5 AF             	LDA	FAC1_3		; get root low byte
E189  2A                	ROL				; *2
E18A  85 5B             	STA	Temp3			; save partial low byte
E18C  A5 AE             	LDA	FAC1_2		; get root low mid byte
E18E  2A                	ROL				; *2
E18F  85 5C             	STA	Temp3+1		; save partial low mid byte
E191  A5 AD             	LDA	FAC1_1		; get root high mid byte
E193  2A                	ROL				; *2
E194  85 5D             	STA	Temp3+2		; save partial high mid byte
E196  A9 00             	LDA	#$00			; get root high byte (always $00)
E198  2A                	ROL				; *2
E199  85 5E             	STA	Temp3+3		; save partial high byte

                        					; carry clear for subtract +1
E19B  A5 77             	LDA	FACt_3		; get remainder low byte
E19D  E5 5B             	SBC	Temp3			; subtract partial low byte
E19F  85 5B             	STA	Temp3			; save partial low byte

E1A1  A5 76             	LDA	FACt_2		; get remainder low mid byte
E1A3  E5 5C             	SBC	Temp3+1		; subtract partial low mid byte
E1A5  85 5C             	STA	Temp3+1		; save partial low mid byte

E1A7  A5 75             	LDA	FACt_1		; get remainder high mid byte
E1A9  E5 5D             	SBC	Temp3+2		; subtract partial high mid byte
E1AB  A8                	TAY				; copy partial high mid byte

E1AC  A5 78             	LDA	TempB			; get remainder high byte
E1AE  E5 5E             	SBC	Temp3+3		; subtract partial high byte
E1B0  90 0E             	BCC	LAB_SQNS		; skip sub if remainder smaller

E1B2  85 78             	STA	TempB			; save remainder high byte

E1B4  84 75             	STY	FACt_1		; save remainder high mid byte

E1B6  A5 5C             	LDA	Temp3+1		; get remainder low mid byte
E1B8  85 76             	STA	FACt_2		; save remainder low mid byte

E1BA  A5 5B             	LDA	Temp3			; get partial low byte
E1BC  85 77             	STA	FACt_3		; save remainder low byte

E1BE  E6 AF             	INC	FAC1_3		; increment root low byte (never any rollover)
E1C0                    LAB_SQNS
E1C0  CA                	DEX				; decrement bit pair count
E1C1  D0 A2             	BNE	LAB_SQE1		; loop if not all done

E1C3  38                	SEC				; set carry for subtract
E1C4  A5 B3             	LDA	FAC2_e		; get exponent
E1C6  E9 80             	SBC	#$80			; normalise
E1C8  6A                	ROR				; /2 and re-bias to $80
E1C9  69 00             	ADC	#$00			; add bit zero back in (allow for half shift)
E1CB  85 AC             	STA	FAC1_e		; save it
E1CD  4C 45D7           	JMP	LAB_24D5		; normalise FAC1 and return

                        ; perform VARPTR()

E1D0                    LAB_VARPTR
E1D0  20 BC00           	JSR	LAB_IGBY		; increment and scan memory
E1D3  20 BBCE           	JSR	LAB_GVAR		; get var address
E1D6  20 00CD           	JSR	LAB_1BFB		; scan for ")" , else do syntax error then warm start
E1D9  A4 95             	LDY	Cvaral		; get var address low byte
E1DB  A5 96             	LDA	Cvarah		; get var address high byte
E1DD  4C 6AD1           	JMP	LAB_AYFC		; save and convert integer AY to FAC1 and return

                        ; perform PI

E1E0                    LAB_PI
E1E0  A9 BE             	LDA	#<LAB_2C7C		; set (2*pi) pointer low byte
E1E2  A0 E2             	LDY	#>LAB_2C7C		; set (2*pi) pointer high byte
E1E4  20 8ED9           	JSR	LAB_UFAC		; unpack memory (AY) into FAC1
E1E7  C6 AC             	DEC	FAC1_e		; make result = PI
E1E9  60                	RTS

                        ; perform TWOPI

E1EA                    LAB_TWOPI
E1EA  A9 BE             	LDA	#<LAB_2C7C		; set (2*pi) pointer low byte
E1EC  A0 E2             	LDY	#>LAB_2C7C		; set (2*pi) pointer high byte
E1EE  4C 8ED9           	JMP	LAB_UFAC		; unpack memory (AY) into FAC1 and return

                        ; system dependant i/o vectors
                        ; these are in RAM and are set by the monitor at start-up

E1F1                    V_INPT
E1F1  4C 06FF           	JMP	check_input   ;(VEC_IN)		; non blocking scan input device
E1F4                    V_OUTP
E1F4  4C 09FF           	JMP	output_char   ;(VEC_OUT)	; send byte to output device
E1F7                    V_LOAD
E1F7  60                        rts
                        ;;	JMP	(VEC_LD)		; load BASIC program
E1F8                    V_SAVE
E1F8  60                        rts
                        ;;	JMP	(VEC_SV)		; save BASIC program

                        ; The rest are tables messages and code for RAM

                        ; the rest of the code is tables and BASIC start-up code

E1F9                    PG2_TABS
E1F9  00                	.byte	$00			; ctrl-c flag		-	$00 = enabled
E1FA  00                	.byte	$00			; ctrl-c byte		-	GET needs this
E1FB  00                	.byte	$00			; ctrl-c byte timeout	-	GET needs this
E1FC  B9DF              	.word	CTRLC			; ctrl c check vector
                        ;	.word	xxxx			; non halting key input	-	monitor to set this
                        ;	.word	xxxx			; output vector		-	monitor to set this
                        ;	.word	xxxx			; load vector		-	monitor to set this
                        ;	.word	xxxx			; save vector		-	monitor to set this
E1FE                    PG2_TABE

                        ; character get subroutine for zero page

                        ; For a 1.8432MHz 6502 including the JSR and RTS
                        ; fastest (>=":")	=  29 cycles =  15.7uS
                        ; slowest (<":")	=  40 cycles =  21.7uS
                        ; space skip	= +21 cycles = +11.4uS
                        ; inc across page	=  +4 cycles =  +2.2uS

                        ; the target address for the LDA at LAB_2CF4 becomes the BASIC execute pointer once the
                        ; block is copied to it's destination, any non zero page address will do at assembly
                        ; time, to assemble a three byte instruction.

                        ; page 0 initialisation table from $BC
                        ; increment and scan memory

E1FE                    LAB_2CEE
E1FE  E6 C3             	INC	Bpntrl		; increment BASIC execute pointer low byte
E200  D0 02             	BNE	LAB_2CF4		; branch if no carry
                        					; else
E202  E6 C4             	INC	Bpntrh		; increment BASIC execute pointer high byte

                        ; page 0 initialisation table from $C2
                        ; scan memory

E204                    LAB_2CF4
E204  AD FFFF           	LDA	$FFFF			; get byte to scan (addr set by call routine)
E207  C9 AD             	CMP	#TK_ELSE		; compare with the token for ELSE
E209  F0 0E             	BEQ	LAB_2D05		; exit if ELSE, not numeric, carry set

E20B  C9 3A             	CMP	#':'			; compare with ":"
E20D  B0 0A             	BCS	LAB_2D05		; exit if >= ":", not numeric, carry set

E20F  C9 20             	CMP	#' '			; compare with " "
E211  F0 EB             	BEQ	LAB_2CEE		; if " " go do next

E213  38                	SEC				; set carry for SBC
E214  E9 30             	SBC	#'0'			; subtract "0"
E216  38                	SEC				; set carry for SBC
E217  E9 D0             	SBC	#$D0			; subtract -"0"
                        					; clear carry if byte = "0"-"9"
E219                    LAB_2D05
E219  60                	RTS

                        ; page zero initialisation table $00-$12 inclusive

E21A                    StrTab
E21A  4C                	.byte	$4C			; JMP opcode
E21B  06C1              	.word LAB_COLD		; initial warm start vector (cold start)

E21D  00                	.byte	$00			; these bytes are not used by BASIC
E21E  0000              	.word	$0000			;
E220  0000              	.word	$0000			;
E222  0000              	.word	$0000			;

E224  4C                	.byte	$4C			; JMP opcode
E225  3AD0              	.word	LAB_FCER		; initial user function vector ("Function call" error)
E227  00                	.byte	$00			; default NULL count
E228  00                	.byte	$00			; clear terminal position
E229  00                	.byte	$00			; default terminal width byte
E22A  F2                	.byte	$F2			; default limit for TAB = 14
E22B  0004              	.word	Ram_base		; start of user RAM
E22D                    EndTab

E22D                    LAB_MSZM
E22D  0D0A4D65 6D6F7279 	.byte	$0D,$0A,"Memory size ",$00
E235  2073697A 652000

E23C                    LAB_SMSG
E23C  20427974 65732066 	.byte	" Bytes free",$0D,$0A,$0A
E244  7265650D 0A0A
E24A  456E6861 6E636564 	.byte	"Enhanced BASIC 2.22",$0A,$00
E252  20424153 49432032
E25A  2E32320A 00

                        ; numeric constants and series

                        					; constants and series for LOG(n)
E25F                    LAB_25A0
E25F  02                	.byte	$02			; counter
E260  80195662          	.byte	$80,$19,$56,$62	; 0.59898
E264  807622F3          	.byte	$80,$76,$22,$F3	; 0.96147
                        ;##	.byte	$80,$76,$22,$F1	; 0.96147
E268  8238AA40          	.byte	$82,$38,$AA,$40	; 2.88539
                        ;##	.byte	$82,$38,$AA,$45	; 2.88539

E26C                    LAB_25AD
E26C  803504F3          	.byte	$80,$35,$04,$F3	; 0.70711	1/root 2
E270                    LAB_25B1
E270  813504F3          	.byte	$81,$35,$04,$F3	; 1.41421	root 2
E274                    LAB_25B5
E274  80800000          	.byte	$80,$80,$00,$00	; -0.5
E278                    LAB_25B9
E278  80317218          	.byte	$80,$31,$72,$18	; 0.69315	LOG(2)

                        					; numeric PRINT constants
E27C                    LAB_2947
E27C  91434FF8          	.byte	$91,$43,$4F,$F8	; 99999.9375 (max value with at least one decimal)
E280                    LAB_294B
E280  947423F7          	.byte	$94,$74,$23,$F7	; 999999.4375 (max value before scientific notation)
E284                    LAB_294F
E284  94742400          	.byte	$94,$74,$24,$00	; 1000000

                        					; EXP(n) constants and series
E288                    LAB_2AFA
E288  8138AA3B          	.byte	$81,$38,$AA,$3B	; 1.4427	(1/LOG base 2 e)
E28C                    LAB_2AFE
E28C  06                	.byte	$06			; counter
E28D  7463908C          	.byte	$74,$63,$90,$8C	; 2.17023e-4
E291  77230CAB          	.byte	$77,$23,$0C,$AB	; 0.00124
E295  7A1E9400          	.byte	$7A,$1E,$94,$00	; 0.00968
E299  7C634280          	.byte	$7C,$63,$42,$80	; 0.05548
E29D  7E75FED0          	.byte	$7E,$75,$FE,$D0	; 0.24023
E2A1  80317215          	.byte	$80,$31,$72,$15	; 0.69315
E2A5  81000000          	.byte	$81,$00,$00,$00	; 1.00000

                        ;##	.byte	$07			; counter
                        ;##	.byte	$74,$94,$2E,$40	; -1/7! (-1/5040)
                        ;##	.byte	$77,$2E,$4F,$70	;  1/6! ( 1/720)
                        ;##	.byte	$7A,$88,$02,$6E	; -1/5! (-1/120)
                        ;##	.byte	$7C,$2A,$A0,$E6	;  1/4! ( 1/24)
                        ;##	.byte	$7E,$AA,$AA,$50	; -1/3! (-1/6)
                        ;##	.byte	$7F,$7F,$FF,$FF	;  1/2! ( 1/2)
                        ;##	.byte	$81,$80,$00,$00	; -1/1! (-1/1)
                        ;##	.byte	$81,$00,$00,$00	;  1/0! ( 1/1)

                        					; trigonometric constants and series
E2A9                    LAB_2C78
E2A9  81490FDB          	.byte	$81,$49,$0F,$DB	; 1.570796371 (pi/2) as floating #
E2AD                    LAB_2C84
E2AD  04                	.byte	$04			; counter
E2AE  861ED7FB          	.byte	$86,$1E,$D7,$FB	; 39.7109
                        ;##	.byte	$86,$1E,$D7,$BA	; 39.7109
E2B2  87992665          	.byte	$87,$99,$26,$65	;-76.575
                        ;##	.byte	$87,$99,$26,$64	;-76.575
E2B6  87233458          	.byte	$87,$23,$34,$58	; 81.6022
E2BA  86A55DE1          	.byte	$86,$A5,$5D,$E1	;-41.3417
                        ;##	.byte	$86,$A5,$5D,$E0	;-41.3417
E2BE                    LAB_2C7C
E2BE  83490FDB          	.byte	$83,$49,$0F,$DB	; 6.28319 (2*pi) as floating #
                        ;##	.byte	$83,$49,$0F,$DA	; 6.28319 (2*pi) as floating #

E2C2                    LAB_2CC9
E2C2  08                	.byte	$08			; counter
E2C3  783AC537          	.byte	$78,$3A,$C5,$37	; 0.00285
E2C7  7B83A25C          	.byte	$7B,$83,$A2,$5C	;-0.0160686
E2CB  7C2EDD4D          	.byte	$7C,$2E,$DD,$4D	; 0.0426915
E2CF  7D99B01E          	.byte	$7D,$99,$B0,$1E	;-0.0750429
E2D3  7D59ED24          	.byte	$7D,$59,$ED,$24	; 0.106409
E2D7  7E917200          	.byte	$7E,$91,$72,$00	;-0.142036
E2DB  7E4CB973          	.byte	$7E,$4C,$B9,$73	; 0.199926
E2DF  7FAAAA53          	.byte	$7F,$AA,$AA,$53	;-0.333331

                        ;##	.byte	$08			; counter
                        ;##	.byte	$78,$3B,$D7,$4A	; 1/17
                        ;##	.byte	$7B,$84,$6E,$02	;-1/15
                        ;##	.byte	$7C,$2F,$C1,$FE	; 1/13
                        ;##	.byte	$7D,$9A,$31,$74	;-1/11
                        ;##	.byte	$7D,$5A,$3D,$84	; 1/9
                        ;##	.byte	$7E,$91,$7F,$C8	;-1/7
                        ;##	.byte	$7E,$4C,$BB,$E4	; 1/5
                        ;##	.byte	$7F,$AA,$AA,$6C	;-1/3

      = E2E4            LAB_1D96	= *+1			; $00,$00 used for undefined variables
E2E3                    LAB_259C
E2E3  81000000          	.byte	$81,$00,$00,$00	; 1.000000, used for INC
E2E7                    LAB_2AFD
E2E7  81800000          	.byte	$81,$80,$00,$00	; -1.00000, used for DEC. must be on the same page as +1.00

                        					; misc constants
E2EB                    LAB_1DF7
E2EB  90                	.byte	$90			;-32768 (uses first three bytes from 0.5)
E2EC                    LAB_2A96
E2EC  80000000          	.byte	$80,$00,$00,$00	; 0.5
E2F0                    LAB_2C80
E2F0  7F000000          	.byte	$7F,$00,$00,$00	; 0.25
E2F4                    LAB_26B5
E2F4  84200000          	.byte	$84,$20,$00,$00	; 10.0000 divide by 10 constant

                        ; This table is used in converting numbers to ASCII.

E2F8                    LAB_2A9A
      = E2F9            LAB_2A9B = LAB_2A9A+1
      = E2FA            LAB_2A9C = LAB_2A9B+1
E2F8  FE7960            	.byte	$FE,$79,$60		; -100000
E2FB  002710            	.byte	$00,$27,$10		; 10000
E2FE  FFFC18            	.byte	$FF,$FC,$18		; -1000
E301  000064            	.byte	$00,$00,$64		; 100
E304  FFFFF6            	.byte	$FF,$FF,$F6		; -10
E307  000001            	.byte	$00,$00,$01		; 1

E30A                    LAB_CTBL
E30A  2BC6              	.word	LAB_END-1		; END
E30C  68C5              	.word	LAB_FOR-1		; FOR
E30E  75CB              	.word	LAB_NEXT-1		; NEXT
E310  9CC7              	.word	LAB_DATA-1		; DATA
E312  57CA              	.word	LAB_INPUT-1		; INPUT
E314  6FCE              	.word	LAB_DIM-1		; DIM
E316  77CA              	.word	LAB_READ-1		; READ
E318  C4C8              	.word	LAB_LET-1		; LET
E31A  96C8              	.word	LAB_DEC-1		; DEC			new command
E31C  FBC6              	.word	LAB_GOTO-1		; GOTO
E31E  BAC6              	.word	LAB_RUN-1		; RUN
E320  CAC7              	.word	LAB_IF-1		; IF
E322  52C6              	.word	LAB_RESTORE-1	; RESTORE		modified command
E324  DEC6              	.word	LAB_GOSUB-1		; GOSUB
E326  6BE0              	.word	LAB_RETIRQ-1	; RETIRQ		new command
E328  77E0              	.word	LAB_RETNMI-1	; RETNMI		new command
E32A  87C7              	.word	LAB_RETURN-1	; RETURN
E32C  2EC8              	.word	LAB_REM-1		; REM
E32E  29C6              	.word	LAB_STOP-1		; STOP
E330  37C8              	.word	LAB_ON-1		; ON			modified command
E332  90C6              	.word	LAB_NULL-1		; NULL		modified command
E334  99C8              	.word	LAB_INC-1		; INC			new command
E336  99D6              	.word	LAB_WAIT-1		; WAIT
E338  F6E1              	.word	V_LOAD-1		; LOAD
E33A  F7E1              	.word	V_SAVE-1		; SAVE
E33C  84D1              	.word	LAB_DEF-1		; DEF
E33E  1ED6              	.word	LAB_POKE-1		; POKE
E340  3AD6              	.word	LAB_DOKE-1		; DOKE		new command
E342  87D6              	.word	LAB_CALL-1		; CALL		new command
E344  C4C6              	.word	LAB_DO-1		; DO			new command
E346  2DC7              	.word	LAB_LOOP-1		; LOOP		new command
E348  65C9              	.word	LAB_PRINT-1		; PRINT
E34A  96C6              	.word	LAB_CONT-1		; CONT
E34C  B3C4              	.word	LAB_LIST-1		; LIST
E34E  ADC4              	.word	LAB_CLEAR-1		; CLEAR
E350  5BC4              	.word	LAB_NEW-1		; NEW
E352  ECE0              	.word	LAB_WDTH-1		; WIDTH		new command
E354  34C9              	.word	LAB_GET-1		; GET			new command
E356  5FD6              	.word	LAB_SWAP-1		; SWAP		new command
E358  92DE              	.word	LAB_BITSET-1	; BITSET		new command
E35A  A6DE              	.word	LAB_BITCLR-1	; BITCLR		new command
E35C  1AE0              	.word	LAB_IRQ-1		; IRQ			new command
E35E  1DE0              	.word	LAB_NMI-1		; NMI			new command
E360  B0C4              	.word   LAB_SYS-1               ; SYS   New for RC2014

                        ; function pre process routine table

E362                    LAB_FTPL
      = E363            LAB_FTPM	= LAB_FTPL+$01
E362  75CD              	.word	LAB_PPFN-1		; SGN(n)	process numeric expression in ()
E364  75CD              	.word	LAB_PPFN-1		; INT(n)		"
E366  75CD              	.word	LAB_PPFN-1		; ABS(n)		"
E368  F9CB              	.word	LAB_EVEZ-1		; USR(x)	process any expression
E36A  FCCC              	.word	LAB_1BF7-1		; FRE(x)		"
E36C  FCCC              	.word	LAB_1BF7-1		; POS(x)		"
E36E  75CD              	.word	LAB_PPFN-1		; SQR(n)	process numeric expression in ()
E370  75CD              	.word	LAB_PPFN-1		; RND(n)		"
E372  75CD              	.word	LAB_PPFN-1		; LOG(n)		"
E374  75CD              	.word	LAB_PPFN-1		; EXP(n)		"
E376  75CD              	.word	LAB_PPFN-1		; COS(n)		"
E378  75CD              	.word	LAB_PPFN-1		; SIN(n)		"
E37A  75CD              	.word	LAB_PPFN-1		; TAN(n)		"
E37C  75CD              	.word	LAB_PPFN-1		; ATN(n)		"
E37E  75CD              	.word	LAB_PPFN-1		; PEEK(n)		"
E380  75CD              	.word	LAB_PPFN-1		; DEEK(n)		"
E382  0000              	.word	$0000			; SADD()	none
E384  6FCD              	.word	LAB_PPFS-1		; LEN($)	process string expression in ()
E386  75CD              	.word	LAB_PPFN-1		; STR$(n)	process numeric expression in ()
E388  6FCD              	.word	LAB_PPFS-1		; VAL($)	process string expression in ()
E38A  6FCD              	.word	LAB_PPFS-1		; ASC($)		"
E38C  6FCD              	.word	LAB_PPFS-1		; UCASE$($)		"
E38E  6FCD              	.word	LAB_PPFS-1		; LCASE$($)		"
E390  75CD              	.word	LAB_PPFN-1		; CHR$(n)	process numeric expression in ()
E392  9CCD              	.word	LAB_BHSS-1		; HEX$(n)		"
E394  9CCD              	.word	LAB_BHSS-1		; BIN$(n)		"
E396  0000              	.word	$0000			; BITTST()	none
E398  83E0              	.word	LAB_MMPP-1		; MAX()	process numeric expression
E39A  83E0              	.word	LAB_MMPP-1		; MIN()		"
E39C  7BCD              	.word	LAB_PPBI-1		; PI		advance pointer
E39E  7BCD              	.word	LAB_PPBI-1		; TWOPI		"
E3A0  0000              	.word	$0000			; VARPTR()	none
E3A2  80CD              	.word	LAB_LRMS-1		; LEFT$()	process string expression
E3A4  80CD              	.word	LAB_LRMS-1		; RIGHT$()		"
E3A6  80CD              	.word	LAB_LRMS-1		; MID$()		"

                        ; action addresses for functions

E3A8                    LAB_FTBL
      = E3A9            LAB_FTBM	= LAB_FTBL+$01
E3A8  07DA              	.word	LAB_SGN-1		; SGN()
E3AA  91DA              	.word	LAB_INT-1		; INT()
E3AC  24DA              	.word	LAB_ABS-1		; ABS()
E3AE  5DDE              	.word	LAB_USR-1		; USR()
E3B0  55D1              	.word	LAB_FRE-1		; FRE()
E3B2  74D1              	.word	LAB_POS-1		; POS()
E3B4  42E1              	.word	LAB_SQR-1		; SQR()
E3B6  ADDD              	.word	LAB_RND-1		; RND()		modified function
E3B8  0BD8              	.word	LAB_LOG-1		; LOG()
E3BA  0FDD              	.word	LAB_EXP-1		; EXP()
E3BC  E1DD              	.word	LAB_COS-1		; COS()
E3BE  E8DD              	.word	LAB_SIN-1		; SIN()
E3C0  31DE              	.word	LAB_TAN-1		; TAN()
E3C2  63DE              	.word	LAB_ATN-1		; ATN()
E3C4  13D6              	.word	LAB_PEEK-1		; PEEK()
E3C6  27D6              	.word	LAB_DEEK-1		; DEEK()		new function
E3C8  65D5              	.word	LAB_SADD-1		; SADD()		new function
E3CA  7ED5              	.word	LAB_LENS-1		; LEN()
E3CC  36D2              	.word	LAB_STRS-1		; STR$()
E3CE  ABD5              	.word	LAB_VAL-1		; VAL()
E3D0  89D5              	.word	LAB_ASC-1		; ASC()
E3D2  43D5              	.word	LAB_UCASE-1		; UCASE$()		new function
E3D4  22D5              	.word	LAB_LCASE-1		; LCASE$()		new function
E3D6  94D4              	.word	LAB_CHRS-1		; CHR$()
E3D8  33DF              	.word	LAB_HEXS-1		; HEX$()		new function
E3DA  E4DE              	.word	LAB_BINS-1		; BIN$()		new function
E3DC  BCDE              	.word	LAB_BTST-1		; BITTST()		new function
E3DE  89E0              	.word	LAB_MAX-1		; MAX()		new function
E3E0  99E0              	.word	LAB_MIN-1		; MIN()		new function
E3E2  DFE1              	.word	LAB_PI-1		; PI			new function
E3E4  E9E1              	.word	LAB_TWOPI-1		; TWOPI		new function
E3E6  CFE1              	.word	LAB_VARPTR-1	; VARPTR()		new function
E3E8  A6D4              	.word	LAB_LEFT-1		; LEFT$()
E3EA  AFD4              	.word	LAB_RIGHT-1		; RIGHT$()
E3EC  DED4              	.word	LAB_MIDS-1		; MID$()

                        ; hierarchy and action addresses for operator

E3EE                    LAB_OPPT
E3EE  79                	.byte	$79			; +
E3EF  D1D6              	.word	LAB_ADD-1
E3F1  79                	.byte	$79			; -
E3F2  B6D6              	.word	LAB_SUBTRACT-1
E3F4  7B                	.byte	$7B			; *
E3F5  4CD8              	.word	LAB_MULTIPLY-1
E3F7  7B                	.byte	$7B			; /
E3F8  14D9              	.word	LAB_DIVIDE-1
E3FA  7F                	.byte	$7F			; ^
E3FB  CBDC              	.word	LAB_POWER-1
E3FD  50                	.byte	$50			; AND
E3FE  E5CD              	.word	LAB_AND-1
E400  46                	.byte	$46			; EOR			new operator
E401  CBCD              	.word	LAB_EOR-1
E403  46                	.byte	$46			; OR
E404  D8CD              	.word	LAB_OR-1
E406  56                	.byte	$56			; >>			new operator
E407  91CE              	.word	LAB_RSHIFT-1
E409  56                	.byte	$56			; <<			new operator
E40A  79CE              	.word	LAB_LSHIFT-1
E40C  7D                	.byte	$7D			; >
E40D  04DD              	.word	LAB_GTHAN-1
E40F  5A                	.byte	$5A			; =
E410  27CD              	.word	LAB_EQUAL-1
E412  64                	.byte	$64			; <
E413  06CE              	.word	LAB_LTHAN-1

                        ; keywords start with ..
                        ; this is the first character table and must be in alphabetic order

E415                    TAB_1STC
E415  2A                	.byte	"*"
E416  2B                	.byte	"+"
E417  2D                	.byte	"-"
E418  2F                	.byte	"/"
E419  3C                	.byte	"<"
E41A  3D                	.byte	"="
E41B  3E                	.byte	">"
E41C  3F                	.byte	"?"
E41D  41                	.byte	"A"
E41E  42                	.byte	"B"
E41F  43                	.byte	"C"
E420  44                	.byte	"D"
E421  45                	.byte	"E"
E422  46                	.byte	"F"
E423  47                	.byte	"G"
E424  48                	.byte	"H"
E425  49                	.byte	"I"
E426  4C                	.byte	"L"
E427  4D                	.byte	"M"
E428  4E                	.byte	"N"
E429  4F                	.byte	"O"
E42A  50                	.byte	"P"
E42B  52                	.byte	"R"
E42C  53                	.byte	"S"
E42D  54                	.byte	"T"
E42E  55                	.byte	"U"
E42F  56                	.byte	"V"
E430  57                	.byte	"W"
E431  5E                	.byte	"^"
E432  00                	.byte	$00			; table terminator

                        ; pointers to keyword tables

E433                    TAB_CHRT
E433  6DE4              	.word	TAB_STAR		; table for "*"
E435  6FE4              	.word	TAB_PLUS		; table for "+"
E437  71E4              	.word	TAB_MNUS		; table for "-"
E439  73E4              	.word	TAB_SLAS		; table for "/"
E43B  75E4              	.word	TAB_LESS		; table for "<"
E43D  79E4              	.word	TAB_EQUL		; table for "="
E43F  7BE4              	.word	TAB_MORE		; table for ">"
E441  7FE4              	.word	TAB_QEST		; table for "?"
E443  81E4              	.word	TAB_ASCA		; table for "A"
E445  91E4              	.word	TAB_ASCB		; table for "B"
E447  AAE4              	.word	TAB_ASCC		; table for "C"
E449  C1E4              	.word	TAB_ASCD		; table for "D"
E44B  DAE4              	.word	TAB_ASCE		; table for "E"
E44D  E9E4              	.word	TAB_ASCF		; table for "F"
E44F  F3E4              	.word	TAB_ASCG		; table for "G"
E451  00E5              	.word	TAB_ASCH		; table for "H"
E453  06E5              	.word	TAB_ASCI		; table for "I"
E455  18E5              	.word	TAB_ASCL		; table for "L"
E457  3DE5              	.word	TAB_ASCM		; table for "M"
E459  4BE5              	.word	TAB_ASCN		; table for "N"
E45B  5DE5              	.word	TAB_ASCO		; table for "O"
E45D  65E5              	.word	TAB_ASCP		; table for "P"
E45F  7AE5              	.word	TAB_ASCR		; table for "R"
E461  A9E5              	.word	TAB_ASCS		; table for "S"
E463  D7E5              	.word	TAB_ASCT		; table for "T"
E465  EBE5              	.word	TAB_ASCU		; table for "U"
E467  FCE5              	.word	TAB_ASCV		; table for "V"
E469  08E6              	.word	TAB_ASCW		; table for "W"
E46B  17E6              	.word	TAB_POWR		; table for "^"

                        ; tables for each start character, note if a longer keyword with the same start
                        ; letters as a shorter one exists then it must come first, else the list is in
                        ; alphabetical order as follows ..

                        ; [keyword,token
                        ; [keyword,token]]
                        ; end marker (#$00)

E46D                    TAB_STAR
E46D  B900              	.byte TK_MUL,$00		; *
E46F                    TAB_PLUS
E46F  B700              	.byte TK_PLUS,$00		; +
E471                    TAB_MNUS
E471  B800              	.byte TK_MINUS,$00	; -
E473                    TAB_SLAS
E473  BA00              	.byte TK_DIV,$00		; /
E475                    TAB_LESS
E475                    LBB_LSHIFT
E475  3CC0              	.byte	"<",TK_LSHIFT	; <<	note - "<<" must come before "<"
E477  C3                	.byte TK_LT			; <
E478  00                	.byte	$00
E479                    TAB_EQUL
E479  C200              	.byte TK_EQUAL,$00	; =
E47B                    TAB_MORE
E47B                    LBB_RSHIFT
E47B  3EBF              	.byte	">",TK_RSHIFT	; >>	note - ">>" must come before ">"
E47D  C1                	.byte TK_GT			; >
E47E  00                	.byte	$00
E47F                    TAB_QEST
E47F  9F00              	.byte TK_PRINT,$00	; ?
E481                    TAB_ASCA
E481                    LBB_ABS
E481  425328C6          	.byte	"BS(",TK_ABS	; ABS(
E485                    LBB_AND
E485  4E44BC            	.byte	"ND",TK_AND		; AND
E488                    LBB_ASC
E488  534328D8          	.byte	"SC(",TK_ASC	; ASC(
E48C                    LBB_ATN
E48C  544E28D1          	.byte	"TN(",TK_ATN	; ATN(
E490  00                	.byte	$00
E491                    TAB_ASCB
E491                    LBB_BINS
E491  494E2428 DD       	.byte	"IN$(",TK_BINS	; BIN$(
E496                    LBB_BITCLR
E496  4954434C 52A8     	.byte	"ITCLR",TK_BITCLR	; BITCLR
E49C                    LBB_BITSET
E49C  49545345 54A7     	.byte	"ITSET",TK_BITSET	; BITSET
E4A2                    LBB_BITTST
E4A2  49545453 5428DE   	.byte	"ITTST(",TK_BITTST
                        					; BITTST(
E4A9  00                	.byte	$00
E4AA                    TAB_ASCC
E4AA                    LBB_CALL
E4AA  414C4C9C          	.byte	"ALL",TK_CALL	; CALL
E4AE                    LBB_CHRS
E4AE  48522428 DB       	.byte	"HR$(",TK_CHRS	; CHR$(
E4B3                    LBB_CLEAR
E4B3  4C454152 A2       	.byte	"LEAR",TK_CLEAR	; CLEAR
E4B8                    LBB_CONT
E4B8  4F4E54A0          	.byte	"ONT",TK_CONT	; CONT
E4BC                    LBB_COS
E4BC  4F5328CE          	.byte	"OS(",TK_COS	; COS(
E4C0  00                	.byte	$00
E4C1                    TAB_ASCD
E4C1                    LBB_DATA
E4C1  41544183          	.byte	"ATA",TK_DATA	; DATA
E4C5                    LBB_DEC
E4C5  454388            	.byte	"EC",TK_DEC		; DEC
E4C8                    LBB_DEEK
E4C8  45454B28 D3       	.byte	"EEK(",TK_DEEK	; DEEK(
E4CD                    LBB_DEF
E4CD  454699            	.byte	"EF",TK_DEF		; DEF
E4D0                    LBB_DIM
E4D0  494D85            	.byte	"IM",TK_DIM		; DIM
E4D3                    LBB_DOKE
E4D3  4F4B459B          	.byte	"OKE",TK_DOKE	; DOKE note - "DOKE" must come before "DO"
E4D7                    LBB_DO
E4D7  4F9D              	.byte	"O",TK_DO		; DO
E4D9  00                	.byte	$00
E4DA                    TAB_ASCE
E4DA                    LBB_ELSE
E4DA  4C5345AD          	.byte	"LSE",TK_ELSE	; ELSE
E4DE                    LBB_END
E4DE  4E4480            	.byte	"ND",TK_END		; END
E4E1                    LBB_EOR
E4E1  4F52BD            	.byte	"OR",TK_EOR		; EOR
E4E4                    LBB_EXP
E4E4  585028CD          	.byte	"XP(",TK_EXP	; EXP(
E4E8  00                	.byte	$00
E4E9                    TAB_ASCF
E4E9                    LBB_FN
E4E9  4EAF              	.byte	"N",TK_FN		; FN
E4EB                    LBB_FOR
E4EB  4F5281            	.byte	"OR",TK_FOR		; FOR
E4EE                    LBB_FRE
E4EE  524528C8          	.byte	"RE(",TK_FRE	; FRE(
E4F2  00                	.byte	$00
E4F3                    TAB_ASCG
E4F3                    LBB_GET
E4F3  4554A5            	.byte	"ET",TK_GET		; GET
E4F6                    LBB_GOSUB
E4F6  4F535542 8D       	.byte	"OSUB",TK_GOSUB	; GOSUB
E4FB                    LBB_GOTO
E4FB  4F544F89          	.byte	"OTO",TK_GOTO	; GOTO
E4FF  00                	.byte	$00
E500                    TAB_ASCH
E500                    LBB_HEXS
E500  45582428 DC       	.byte	"EX$(",TK_HEXS	; HEX$(
E505  00                	.byte	$00
E506                    TAB_ASCI
E506                    LBB_IF
E506  468B              	.byte	"F",TK_IF		; IF
E508                    LBB_INC
E508  4E4395            	.byte	"NC",TK_INC		; INC
E50B                    LBB_INPUT
E50B  4E505554 84       	.byte	"NPUT",TK_INPUT	; INPUT
E510                    LBB_INT
E510  4E5428C5          	.byte	"NT(",TK_INT	; INT(
E514                    LBB_IRQ
E514  5251A9            	.byte	"RQ",TK_IRQ		; IRQ
E517  00                	.byte	$00
E518                    TAB_ASCL
E518                    LBB_LCASES
E518  43415345 2428DA   	.byte	"CASE$(",TK_LCASES
                        					; LCASE$(
E51F                    LBB_LEFTS
E51F  45465424 28E4     	.byte	"EFT$(",TK_LEFTS	; LEFT$(
E525                    LBB_LEN
E525  454E28D5          	.byte	"EN(",TK_LEN	; LEN(
E529                    LBB_LET
E529  455487            	.byte	"ET",TK_LET		; LET
E52C                    LBB_LIST
E52C  495354A1          	.byte	"IST",TK_LIST	; LIST
E530                    LBB_LOAD
E530  4F414497          	.byte	"OAD",TK_LOAD	; LOAD
E534                    LBB_LOG
E534  4F4728CC          	.byte	"OG(",TK_LOG	; LOG(
E538                    LBB_LOOP
E538  4F4F509E          	.byte	"OOP",TK_LOOP	; LOOP
E53C  00                	.byte	$00
E53D                    TAB_ASCM
E53D                    LBB_MAX
E53D  415828DF          	.byte	"AX(",TK_MAX	; MAX(
E541                    LBB_MIDS
E541  49442428 E6       	.byte	"ID$(",TK_MIDS	; MID$(
E546                    LBB_MIN
E546  494E28E0          	.byte	"IN(",TK_MIN	; MIN(
E54A  00                	.byte	$00
E54B                    TAB_ASCN
E54B                    LBB_NEW
E54B  4557A3            	.byte	"EW",TK_NEW		; NEW
E54E                    LBB_NEXT
E54E  45585482          	.byte	"EXT",TK_NEXT	; NEXT
E552                    LBB_NMI
E552  4D49AA            	.byte	"MI",TK_NMI		; NMI
E555                    LBB_NOT
E555  4F54B2            	.byte	"OT",TK_NOT		; NOT
E558                    LBB_NULL
E558  554C4C94          	.byte	"ULL",TK_NULL	; NULL
E55C  00                	.byte	$00
E55D                    TAB_ASCO
E55D                    LBB_OFF
E55D  4646B6            	.byte	"FF",TK_OFF		; OFF
E560                    LBB_ON
E560  4E93              	.byte	"N",TK_ON		; ON
E562                    LBB_OR
E562  52BE              	.byte	"R",TK_OR		; OR
E564  00                	.byte	$00
E565                    TAB_ASCP
E565                    LBB_PEEK
E565  45454B28 D2       	.byte	"EEK(",TK_PEEK	; PEEK(
E56A                    LBB_PI
E56A  49E1              	.byte	"I",TK_PI		; PI
E56C                    LBB_POKE
E56C  4F4B459A          	.byte	"OKE",TK_POKE	; POKE
E570                    LBB_POS
E570  4F5328C9          	.byte	"OS(",TK_POS	; POS(
E574                    LBB_PRINT
E574  52494E54 9F       	.byte	"RINT",TK_PRINT	; PRINT
E579  00                	.byte	$00
E57A                    TAB_ASCR
E57A                    LBB_READ
E57A  45414486          	.byte	"EAD",TK_READ	; READ
E57E                    LBB_REM
E57E  454D91            	.byte	"EM",TK_REM		; REM
E581                    LBB_RESTORE
E581  4553544F 52458C   	.byte	"ESTORE",TK_RESTORE
                        					; RESTORE
E588                    LBB_RETIRQ
E588  45544952 518E     	.byte	"ETIRQ",TK_RETIRQ	; RETIRQ
E58E                    LBB_RETNMI
E58E  45544E4D 498F     	.byte	"ETNMI",TK_RETNMI	; RETNMI
E594                    LBB_RETURN
E594  45545552 4E90     	.byte	"ETURN",TK_RETURN	; RETURN
E59A                    LBB_RIGHTS
E59A  49474854 2428E5   	.byte	"IGHT$(",TK_RIGHTS
                        					; RIGHT$(
E5A1                    LBB_RND
E5A1  4E4428CB          	.byte	"ND(",TK_RND	; RND(
E5A5                    LBB_RUN
E5A5  554E8A            	.byte	"UN",TK_RUN		; RUN
E5A8  00                	.byte	$00
E5A9                    TAB_ASCS
E5A9                    LBB_SADD
E5A9  41444428 D4       	.byte	"ADD(",TK_SADD	; SADD(
E5AE                    LBB_SAVE
E5AE  41564598          	.byte	"AVE",TK_SAVE	; SAVE
E5B2                    LBB_SGN
E5B2  474E28C4          	.byte	"GN(",TK_SGN	; SGN(
E5B6                    LBB_SIN
E5B6  494E28CF          	.byte	"IN(",TK_SIN	; SIN(
E5BA                    LBB_SPC
E5BA  504328B0          	.byte	"PC(",TK_SPC	; SPC(
E5BE                    LBB_SQR
E5BE  515228CA          	.byte	"QR(",TK_SQR	; SQR(
E5C2                    LBB_STEP
E5C2  544550B3          	.byte	"TEP",TK_STEP	; STEP
E5C6                    LBB_STOP
E5C6  544F5092          	.byte	"TOP",TK_STOP	; STOP
E5CA                    LBB_STRS
E5CA  54522428 D6       	.byte	"TR$(",TK_STRS	; STR$(
E5CF                    LBB_SWAP
E5CF  574150A6          	.byte	"WAP",TK_SWAP	; SWAP
E5D3                    LBB_SYS
E5D3  5953AB                    .byte   "YS", TK_SYS    ; SYS	
E5D6  00                	.byte	$00
E5D7                    TAB_ASCT
E5D7                    LBB_TAB
E5D7  414228AC          	.byte	"AB(",TK_TAB	; TAB(
E5DB                    LBB_TAN
E5DB  414E28D0          	.byte	"AN(",TK_TAN	; TAN(
E5DF                    LBB_THEN
E5DF  48454EB1          	.byte	"HEN",TK_THEN	; THEN
E5E3                    LBB_TO
E5E3  4FAE              	.byte	"O",TK_TO		; TO
E5E5                    LBB_TWOPI
E5E5  574F5049 E2       	.byte	"WOPI",TK_TWOPI	; TWOPI
E5EA  00                	.byte	$00
E5EB                    TAB_ASCU
E5EB                    LBB_UCASES
E5EB  43415345 2428D9   	.byte	"CASE$(",TK_UCASES
                        					; UCASE$(
E5F2                    LBB_UNTIL
E5F2  4E54494C B4       	.byte	"NTIL",TK_UNTIL	; UNTIL
E5F7                    LBB_USR
E5F7  535228C7          	.byte	"SR(",TK_USR	; USR(
E5FB  00                	.byte	$00
E5FC                    TAB_ASCV
E5FC                    LBB_VAL
E5FC  414C28D7          	.byte	"AL(",TK_VAL	; VAL(
E600                    LBB_VPTR
E600  41525054 5228E3   	.byte	"ARPTR(",TK_VPTR	; VARPTR(
E607  00                	.byte	$00
E608                    TAB_ASCW
E608                    LBB_WAIT
E608  41495496          	.byte	"AIT",TK_WAIT	; WAIT
E60C                    LBB_WHILE
E60C  48494C45 B5       	.byte	"HILE",TK_WHILE	; WHILE
E611                    LBB_WIDTH
E611  49445448 A4       	.byte	"IDTH",TK_WIDTH	; WIDTH
E616  00                	.byte	$00
E617                    TAB_POWR
E617  BB00              	.byte	TK_POWER,$00	; ^

                        ; new decode table for LIST
                        ; Table is ..
                        ; byte - keyword length, keyword first character
                        ; word - pointer to rest of keyword from dictionary

                        ; note if length is 1 then the pointer is ignored

E619                    LAB_KEYT
E619  0345              	.byte	3,'E'
E61B  DEE4              	.word	LBB_END		; END
E61D  0346              	.byte	3,'F'
E61F  EBE4              	.word	LBB_FOR		; FOR
E621  044E              	.byte	4,'N'
E623  4EE5              	.word	LBB_NEXT		; NEXT
E625  0444              	.byte	4,'D'
E627  C1E4              	.word	LBB_DATA		; DATA
E629  0549              	.byte	5,'I'
E62B  0BE5              	.word	LBB_INPUT		; INPUT
E62D  0344              	.byte	3,'D'
E62F  D0E4              	.word	LBB_DIM		; DIM
E631  0452              	.byte	4,'R'
E633  7AE5              	.word	LBB_READ		; READ
E635  034C              	.byte	3,'L'
E637  29E5              	.word	LBB_LET		; LET
E639  0344              	.byte	3,'D'
E63B  C5E4              	.word	LBB_DEC		; DEC
E63D  0447              	.byte	4,'G'
E63F  FBE4              	.word	LBB_GOTO		; GOTO
E641  0352              	.byte	3,'R'
E643  A5E5              	.word	LBB_RUN		; RUN
E645  0249              	.byte	2,'I'
E647  06E5              	.word	LBB_IF		; IF
E649  0752              	.byte	7,'R'
E64B  81E5              	.word	LBB_RESTORE		; RESTORE
E64D  0547              	.byte	5,'G'
E64F  F6E4              	.word	LBB_GOSUB		; GOSUB
E651  0652              	.byte	6,'R'
E653  88E5              	.word	LBB_RETIRQ		; RETIRQ
E655  0652              	.byte	6,'R'
E657  8EE5              	.word	LBB_RETNMI		; RETNMI
E659  0652              	.byte	6,'R'
E65B  94E5              	.word	LBB_RETURN		; RETURN
E65D  0352              	.byte	3,'R'
E65F  7EE5              	.word	LBB_REM		; REM
E661  0453              	.byte	4,'S'
E663  C6E5              	.word	LBB_STOP		; STOP
E665  024F              	.byte	2,'O'
E667  60E5              	.word	LBB_ON		; ON
E669  044E              	.byte	4,'N'
E66B  58E5              	.word	LBB_NULL		; NULL
E66D  0349              	.byte	3,'I'
E66F  08E5              	.word	LBB_INC		; INC
E671  0457              	.byte	4,'W'
E673  08E6              	.word	LBB_WAIT		; WAIT
E675  044C              	.byte	4,'L'
E677  30E5              	.word	LBB_LOAD		; LOAD
E679  0453              	.byte	4,'S'
E67B  AEE5              	.word	LBB_SAVE		; SAVE
E67D  0344              	.byte	3,'D'
E67F  CDE4              	.word	LBB_DEF		; DEF
E681  0450              	.byte	4,'P'
E683  6CE5              	.word	LBB_POKE		; POKE
E685  0444              	.byte	4,'D'
E687  D3E4              	.word	LBB_DOKE		; DOKE
E689  0443              	.byte	4,'C'
E68B  AAE4              	.word	LBB_CALL		; CALL
E68D  0244              	.byte	2,'D'
E68F  D7E4              	.word	LBB_DO		; DO
E691  044C              	.byte	4,'L'
E693  38E5              	.word	LBB_LOOP		; LOOP
E695  0550              	.byte	5,'P'
E697  74E5              	.word	LBB_PRINT		; PRINT
E699  0443              	.byte	4,'C'
E69B  B8E4              	.word	LBB_CONT		; CONT
E69D  044C              	.byte	4,'L'
E69F  2CE5              	.word	LBB_LIST		; LIST
E6A1  0543              	.byte	5,'C'
E6A3  B3E4              	.word	LBB_CLEAR		; CLEAR
E6A5  034E              	.byte	3,'N'
E6A7  4BE5              	.word	LBB_NEW		; NEW
E6A9  0557              	.byte	5,'W'
E6AB  11E6              	.word	LBB_WIDTH		; WIDTH
E6AD  0347              	.byte	3,'G'
E6AF  F3E4              	.word	LBB_GET		; GET
E6B1  0453              	.byte	4,'S'
E6B3  CFE5              	.word	LBB_SWAP		; SWAP
E6B5  0642              	.byte	6,'B'
E6B7  9CE4              	.word	LBB_BITSET		; BITSET
E6B9  0642              	.byte	6,'B'
E6BB  96E4              	.word	LBB_BITCLR		; BITCLR
E6BD  0349              	.byte	3,'I'
E6BF  14E5              	.word	LBB_IRQ		; IRQ
E6C1  034E              	.byte	3,'N'
E6C3  52E5              	.word	LBB_NMI		; NMI
E6C5  0353              	.byte	3,'S'
E6C7  D3E5              	.word	LBB_SYS		; SYS	

                        ; secondary commands (can't start a statement)

E6C9  0454              	.byte	4,'T'
E6CB  D7E5              	.word	LBB_TAB		; TAB
E6CD  0445              	.byte	4,'E'
E6CF  DAE4              	.word	LBB_ELSE		; ELSE
E6D1  0254              	.byte	2,'T'
E6D3  E3E5              	.word	LBB_TO		; TO
E6D5  0246              	.byte	2,'F'
E6D7  E9E4              	.word	LBB_FN		; FN
E6D9  0453              	.byte	4,'S'
E6DB  BAE5              	.word	LBB_SPC		; SPC
E6DD  0454              	.byte	4,'T'
E6DF  DFE5              	.word	LBB_THEN		; THEN
E6E1  034E              	.byte	3,'N'
E6E3  55E5              	.word	LBB_NOT		; NOT
E6E5  0453              	.byte	4,'S'
E6E7  C2E5              	.word	LBB_STEP		; STEP
E6E9  0555              	.byte	5,'U'
E6EB  F2E5              	.word	LBB_UNTIL		; UNTIL
E6ED  0557              	.byte	5,'W'
E6EF  0CE6              	.word	LBB_WHILE		; WHILE
E6F1  034F              	.byte	3,'O'
E6F3  5DE5              	.word	LBB_OFF		; OFF

                        ; opperators

E6F5  012B              	.byte	1,'+'
E6F7  0000              	.word	$0000			; +
E6F9  012D              	.byte	1,'-'
E6FB  0000              	.word	$0000			; -
E6FD  012A              	.byte	1,'*'
E6FF  0000              	.word	$0000			; *
E701  012F              	.byte	1,'/'
E703  0000              	.word	$0000			; /
E705  015E              	.byte	1,'^'
E707  0000              	.word	$0000			; ^
E709  0341              	.byte	3,'A'
E70B  85E4              	.word	LBB_AND		; AND
E70D  0345              	.byte	3,'E'
E70F  E1E4              	.word	LBB_EOR		; EOR
E711  024F              	.byte	2,'O'
E713  62E5              	.word	LBB_OR		; OR
E715  023E              	.byte	2,'>'
E717  7BE4              	.word	LBB_RSHIFT		; >>
E719  023C              	.byte	2,'<'
E71B  75E4              	.word	LBB_LSHIFT		; <<
E71D  013E              	.byte	1,'>'
E71F  0000              	.word	$0000			; >
E721  013D              	.byte	1,'='
E723  0000              	.word	$0000			; =
E725  013C              	.byte	1,'<'
E727  0000              	.word	$0000			; <

                        ; functions

E729  0453              	.byte	4,'S'			;
E72B  B2E5              	.word	LBB_SGN		; SGN
E72D  0449              	.byte	4,'I'			;
E72F  10E5              	.word	LBB_INT		; INT
E731  0441              	.byte	4,'A'			;
E733  81E4              	.word	LBB_ABS		; ABS
E735  0455              	.byte	4,'U'			;
E737  F7E5              	.word	LBB_USR		; USR
E739  0446              	.byte	4,'F'			;
E73B  EEE4              	.word	LBB_FRE		; FRE
E73D  0450              	.byte	4,'P'			;
E73F  70E5              	.word	LBB_POS		; POS
E741  0453              	.byte	4,'S'			;
E743  BEE5              	.word	LBB_SQR		; SQR
E745  0452              	.byte	4,'R'			;
E747  A1E5              	.word	LBB_RND		; RND
E749  044C              	.byte	4,'L'			;
E74B  34E5              	.word	LBB_LOG		; LOG
E74D  0445              	.byte	4,'E'			;
E74F  E4E4              	.word	LBB_EXP		; EXP
E751  0443              	.byte	4,'C'			;
E753  BCE4              	.word	LBB_COS		; COS
E755  0453              	.byte	4,'S'			;
E757  B6E5              	.word	LBB_SIN		; SIN
E759  0454              	.byte	4,'T'			;
E75B  DBE5              	.word	LBB_TAN		; TAN
E75D  0441              	.byte	4,'A'			;
E75F  8CE4              	.word	LBB_ATN		; ATN
E761  0550              	.byte	5,'P'			;
E763  65E5              	.word	LBB_PEEK		; PEEK
E765  0544              	.byte	5,'D'			;
E767  C8E4              	.word	LBB_DEEK		; DEEK
E769  0553              	.byte	5,'S'			;
E76B  A9E5              	.word	LBB_SADD		; SADD
E76D  044C              	.byte	4,'L'			;
E76F  25E5              	.word	LBB_LEN		; LEN
E771  0553              	.byte	5,'S'			;
E773  CAE5              	.word	LBB_STRS		; STR$
E775  0456              	.byte	4,'V'			;
E777  FCE5              	.word	LBB_VAL		; VAL
E779  0441              	.byte	4,'A'			;
E77B  88E4              	.word	LBB_ASC		; ASC
E77D  0755              	.byte	7,'U'			;
E77F  EBE5              	.word	LBB_UCASES		; UCASE$
E781  074C              	.byte	7,'L'			;
E783  18E5              	.word	LBB_LCASES		; LCASE$
E785  0543              	.byte	5,'C'			;
E787  AEE4              	.word	LBB_CHRS		; CHR$
E789  0548              	.byte	5,'H'			;
E78B  00E5              	.word	LBB_HEXS		; HEX$
E78D  0542              	.byte	5,'B'			;
E78F  91E4              	.word	LBB_BINS		; BIN$
E791  0742              	.byte	7,'B'			;
E793  A2E4              	.word	LBB_BITTST		; BITTST
E795  044D              	.byte	4,'M'			;
E797  3DE5              	.word	LBB_MAX		; MAX
E799  044D              	.byte	4,'M'			;
E79B  46E5              	.word	LBB_MIN		; MIN
E79D  0250              	.byte	2,'P'			;
E79F  6AE5              	.word	LBB_PI		; PI
E7A1  0554              	.byte	5,'T'			;
E7A3  E5E5              	.word	LBB_TWOPI		; TWOPI
E7A5  0756              	.byte	7,'V'			;
E7A7  00E6              	.word	LBB_VPTR		; VARPTR
E7A9  064C              	.byte	6,'L'			;
E7AB  1FE5              	.word	LBB_LEFTS		; LEFT$
E7AD  0752              	.byte	7,'R'			;
E7AF  9AE5              	.word	LBB_RIGHTS		; RIGHT$
E7B1  054D              	.byte	5,'M'			;
E7B3  41E5              	.word	LBB_MIDS		; MID$

                        ; BASIC messages, mostly error messages

E7B5                    LAB_BAER
E7B5  D9E7              	.word	ERR_NF		;$00 NEXT without FOR
E7B7  EAE7              	.word	ERR_SN		;$02 syntax
E7B9  F1E7              	.word	ERR_RG		;$04 RETURN without GOSUB
E7BB  06E8              	.word	ERR_OD		;$06 out of data
E7BD  12E8              	.word	ERR_FC		;$08 function call
E7BF  20E8              	.word	ERR_OV		;$0A overflow
E7C1  29E8              	.word	ERR_OM		;$0C out of memory
E7C3  37E8              	.word	ERR_US		;$0E undefined statement
E7C5  4BE8              	.word	ERR_BS		;$10 array bounds
E7C7  58E8              	.word	ERR_DD		;$12 double dimension array
E7C9  69E8              	.word	ERR_D0		;$14 divide by 0
E7CB  78E8              	.word	ERR_ID		;$16 illegal direct
E7CD  87E8              	.word	ERR_TM		;$18 type mismatch
E7CF  95E8              	.word	ERR_LS		;$1A long string
E7D1  A5E8              	.word	ERR_ST		;$1C string too complex
E7D3  B8E8              	.word	ERR_CN		;$1E continue error
E7D5  C7E8              	.word	ERR_UF		;$20 undefined function
E7D7  DAE8              	.word ERR_LD		;$22 LOOP without DO

                        ; I may implement these two errors to force definition of variables and
                        ; dimensioning of arrays before use.

                        ;	.word ERR_UV		;$24 undefined variable

                        ; the above error has been tested and works (see code and comments below LAB_1D8B)

                        ;	.word ERR_UA		;$26 undimensioned array

E7D9  4E455854 20776974 ERR_NF	.byte	"NEXT without FOR",$00
E7E1  686F7574 20464F52
E7E9  00
E7EA  53796E74 617800   ERR_SN	.byte	"Syntax",$00
E7F1  52455455 524E2077 ERR_RG	.byte	"RETURN without GOSUB",$00
E7F9  6974686F 75742047
E801  4F535542 00
E806  4F757420 6F662044 ERR_OD	.byte	"Out of DATA",$00
E80E  41544100
E812  46756E63 74696F6E ERR_FC	.byte	"Function call",$00
E81A  2063616C 6C00
E820  4F766572 666C6F77 ERR_OV	.byte	"Overflow",$00
E828  00
E829  4F757420 6F66206D ERR_OM	.byte	"Out of memory",$00
E831  656D6F72 7900
E837  556E6465 66696E65 ERR_US	.byte	"Undefined statement",$00
E83F  64207374 6174656D
E847  656E7400
E84B  41727261 7920626F ERR_BS	.byte	"Array bounds",$00
E853  756E6473 00
E858  446F7562 6C652064 ERR_DD	.byte	"Double dimension",$00
E860  696D656E 73696F6E
E868  00
E869  44697669 64652062 ERR_D0	.byte	"Divide by zero",$00
E871  79207A65 726F00
E878  496C6C65 67616C20 ERR_ID	.byte	"Illegal direct",$00
E880  64697265 637400
E887  54797065 206D6973 ERR_TM	.byte	"Type mismatch",$00
E88F  6D617463 6800
E895  53747269 6E672074 ERR_LS	.byte	"String too long",$00
E89D  6F6F206C 6F6E6700
E8A5  53747269 6E672074 ERR_ST	.byte	"String too complex",$00
E8AD  6F6F2063 6F6D706C
E8B5  657800
E8B8  43616E27 7420636F ERR_CN	.byte	"Can't continue",$00
E8C0  6E74696E 756500
E8C7  556E6465 66696E65 ERR_UF	.byte	"Undefined function",$00
E8CF  64206675 6E637469
E8D7  6F6E00
E8DA  4C4F4F50 20776974 ERR_LD	.byte	"LOOP without DO",$00
E8E2  686F7574 20444F00

                        ;ERR_UV	.byte	"Undefined variable",$00

                        ; the above error has been tested and works (see code and comments below LAB_1D8B)

                        ;ERR_UA	.byte	"Undimensioned array",$00

E8EA  0D0A4272 65616B00 LAB_BMSG	.byte	$0D,$0A,"Break",$00
E8F2  20457272 6F7200   LAB_EMSG	.byte	" Error",$00
E8F9  20696E20 6C696E65 LAB_LMSG	.byte	" in line ",$00
E901  2000
E903  0D0A5265 6164790D LAB_RMSG	.byte	$0D,$0A,"Ready",$0D,$0A,$00
E90B  0A00

E90D  20457874 72612069 LAB_IMSG	.byte	" Extra ignored",$0D,$0A,$00
E915  676E6F72 65640D0A
E91D  00
E91E  20526564 6F206672 LAB_REDO	.byte	" Redo from start",$0D,$0A,$00
E926  6F6D2073 74617274
E92E  0D0A00

E931                    AA_end_basic

                                ; Remove this for execution from RAM
EFFF                            .org    basic_start_address+$2EFF
EFFF  00                        .byte   $00
AA_END_BASIC       E931    ADATAH             00A5 E  ADATAL             00A4 E
ASPTH              00BB E  ASPTL              00BA E  ASRCH              005C E
ASTRTH             00AB E  ASTRTL             00AA E  
BASIC_START_ADDRESS                           C100    BASLNH             00AB E
BASLNL             00AA E  BINFERR            DF31    BLINEH             008A E
BLINEL             0089 E  BPNTRH             00C4 E  BPNTRL             00C3 E
BTMPH              00BB E  BTMPL              00BA E  CALLEXIT           D697
CCBYTE             0201 E  CCFLAG             0200 E  CCNULL             0202 E
CFLAG              0063 E  CHECK_INPUT        FF06 E  CLINEH             0088 E
CLINEL             0087 E  COMP_F             009B E  COPYPRNG           DDD1
CPNTRH             008C E  CPNTRL             008B E  CPTRH              00BB E
CPTRL              00BA E  CSIDX              00BA E  CTRLC              DFB9
CVARAH             0096 E  CVARAL             0095 E  DECSS              00EF E
DECSSP1            00F0 E  DEEKH              D636    DEFDIM             005E E
DES_2H             009F E  DES_2L             009E E  DES_PH             00AF E
DES_PL             00AE E  DES_SK             0068 E  DIMCNT             005D E
DIMS_H             0077 E  DIMS_L             0076 E  DLINEH             008E E
DLINEL             008D E  DOCMP              C758    DOKEH              D659
DOREST             C74A    DPTRH              0090 E  DPTRL              008F E
DTYPEF             005F E  EARRYH             0080 E  EARRYL             007F E
EMEMH              0086 E  EMEML              0085 E  ENDBHS             DF0F
ENDTAB             E22D    ERR_BS             E84B    ERR_CN             E8B8
ERR_D0             E869    ERR_DD             E858    ERR_FC             E812
ERR_ID             E878    ERR_LD             E8DA    ERR_LS             E895
ERR_NF             E7D9    ERR_OD             E806    ERR_OM             E829
ERR_OV             E820    ERR_RG             E7F1    ERR_SN             E7EA
ERR_ST             E8A5    ERR_TM             E887    ERR_UF             E8C7
ERR_US             E837    EXPCNT             00A9 E  EXPNEG             00AB E
FAC1_1             00AD E  FAC1_2             00AE E  FAC1_3             00AF E
FAC1_E             00AC E  FAC1_O             00B2 E  FAC1_R             00B9 E
FAC1_S             00B0 E  FAC2_1             00B4 E  FAC2_2             00B5 E
FAC2_3             00B6 E  FAC2_E             00B3 E  FAC2_R             00A3 E
FAC2_S             00B7 E  FACT_1             0075 E  FACT_2             0076 E
FACT_3             0077 E  FAC_SC             00B8 E  FCERROR            DEBA
FNXJMP             00A1 E  FNXJPH             00A3 E  FNXJPL             00A2 E
FRNXTH             0098 E  FRNXTL             0097 E  FUNC_H             009D E
FUNC_L             009C E  FVAR_H             00AB E  FVAR_L             00AA E
GARB_H             009D E  GARB_L             009C E  GCLCTD             0060 E
GETFIRST           CDF3    GETPAIR            CEB0    GOPR               DF1D
GOPR1              DF1E    GOPR2              DF29    GOPR3              DF1C
G_INDX             00A2 E  G_STEP             00A0 E  HISTRH             00AB E
HISTRL             00AA E  IBPTR              005D E  IBUFFE             0268 E
IBUFFS             0221 E  ICLIM              0010 E  IMODE              0062 E
INCRERR            C8C2    INGET              E007    INPUT_CHAR         FF03 E
IRQBASE            00DF E  IRQ_VEC            020D E  ITEMPH             0012 E
ITEMPL             0011 E  LAB_11A1           CB48    LAB_11A6           CB4D
LAB_11BB           CB62    LAB_11C7           CB6E    LAB_11CE           CB75
LAB_11CF           C1C7    LAB_11D6           C1CE    LAB_11F3           C1E9
LAB_11FF           C1F6    LAB_1203           C1FA    LAB_120A           C201
LAB_1212           C209    LAB_121F           C211    LAB_1229           C21B
LAB_122D           C21F    LAB_1238           C22A    LAB_124B           C23F
LAB_1269           C255    LAB_1274           C260    LAB_127D           C26D
LAB_1280           C270    LAB_1295           C285    LAB_12D0           C2C0
LAB_12D8           C2C8    LAB_12E6           C2D6    LAB_1301           C2F0
LAB_1311           C302    LAB_1319           C31A    LAB_1325           C323
LAB_1330           C32D    LAB_133E           C343    LAB_134B           C34E
LAB_1357           C353    LAB_1359           C355    LAB_1374           C36E
LAB_1378           C372    LAB_137F           C37A    LAB_1384           C37F
LAB_138E           C382    LAB_13A6           C386    LAB_13AC           C390
LAB_13CC           C3AB    LAB_13D0           C3BD    LAB_13D1           C3C6
LAB_13D6           C3D7    LAB_13D8           C3DA    LAB_13EA           C3E4
LAB_13EC           C3E6    LAB_13FF           C3F7    LAB_1401           C3F9
LAB_1408           C3FF    LAB_1410           C408    LAB_1417           C40F
LAB_141B           C411    LAB_142A           C421    LAB_142P           C42F
LAB_1455           C44D    LAB_1456           C44F    LAB_145E           C458
LAB_145F           C45A    LAB_1460           C45B    LAB_1463           C45E
LAB_1477           C473    LAB_147A           C480    LAB_1491           C497
LAB_14A6           C4AD    LAB_14BD           C4BC    LAB_14D4           C4D3
LAB_14E2           C4DF    LAB_14FF           C4FC    LAB_1501           C4FE
LAB_1508           C505    LAB_150C           C509    LAB_1519           C516
LAB_152B           C528    LAB_152E           C529    LAB_152F           C537
LAB_1530           C53C    LAB_1540           C55E    LAB_159F           C5A8
LAB_15B3           C5BC    LAB_15C2           C5CD    LAB_15D1           C5DD
LAB_15D9           C5E7    LAB_15DC           C5EA    LAB_15F6           C604
LAB_15F9           C607    LAB_15FC           C60A    LAB_15FF           C60D
LAB_1602           C60F    LAB_1609           C615    LAB_161A           C655
LAB_1624           C65F    LAB_1628           C663    LAB_1629           C625
LAB_1636           C628    LAB_163B           C62D    LAB_1647           C63D
LAB_164F           C645    LAB_1651           C647    LAB_165E           C650
LAB_166C           C6A2    LAB_167A           C696    LAB_1696           C6C0
LAB_16B0           C6F3    LAB_16D0           C713    LAB_16D4           C717
LAB_16E5           C728    LAB_16E8           C78A    LAB_16F4           C780
LAB_16F7           C783    LAB_16FC           C7AB    LAB_16FD           C835
LAB_16FF           C791    LAB_170F           C7A0    LAB_1719           C7AA
LAB_1725           C7B7    LAB_172D           C7BC    LAB_174B           C7E6
LAB_174C           C7EF    LAB_174D           C7F2    LAB_174E           C805
LAB_174G           C7F9    LAB_1750           C809    LAB_1752           C815
LAB_1753           C81D    LAB_1754           C827    LAB_1767           C850
LAB_176B           C852    LAB_1773           C85A    LAB_177E           C864
LAB_177F           C865    LAB_1785           C86A    LAB_17B3           C891
LAB_17B5           C89C    LAB_17B7           C89D    LAB_17D5           C8E1
LAB_17E6           C8F2    LAB_17F4           C900    LAB_17FB           C907
LAB_1811           C91D    LAB_1829           C960    LAB_182C           C963
LAB_1831           C968    LAB_185E           C995    LAB_1866           C99A
LAB_1880           CA2A    LAB_1886           CA32    LAB_188A           CA36
LAB_188B           C9AC    LAB_188C           CA38    LAB_1897           C9B7
LAB_1898           C9B8    LAB_18A2           C9C2    LAB_18B6           C9D4
LAB_18B7           C9D5    LAB_18BA           C9D8    LAB_18BD           C9DE
LAB_18C3           C9E4    LAB_18C6           C9E7    LAB_18CD           C9EF
LAB_18E0           C9F9    LAB_18E3           C9FC    LAB_18F0           CA11
LAB_18F7           CA18    LAB_18F9           CA1B    LAB_1904           CA39
LAB_1910           CA45    LAB_1913           CA48    LAB_1934           CA67
LAB_1953           CA7E    LAB_195B           CA84    LAB_1985           CAAE
LAB_1988           CAB1    LAB_1999           CAC2    LAB_19A4           CACD
LAB_19B0           CAD9    LAB_19B6           CADF    LAB_19C2           CAEB
LAB_19C5           CAEE    LAB_19DD           CB09    LAB_19F6           CB22
LAB_1A03           CB2F    LAB_1A0E           CB3A    LAB_1A1B           CB41
LAB_1A46           CB7C    LAB_1A49           CB7F    LAB_1A54           CB8A
LAB_1A56           CB8C    LAB_1A98           CBC9    LAB_1A9B           CBCC
LAB_1AB9           CBEA    LAB_1ABA           CBEB    LAB_1ABC           CBED
LAB_1ABE           CBEF    LAB_1AC7           CBF8    LAB_1ACC           CBFC
LAB_1ADB           CC09    LAB_1ADE           CC0C    LAB_1AFA           CC28
LAB_1B0B           CC3B    LAB_1B13           CC41    LAB_1B1C           CC4A
LAB_1B1D           CC4B    LAB_1B2A           CC58    LAB_1B34           CC64
LAB_1B3C           CC6C    LAB_1B43           CC73    LAB_1B53           CC87
LAB_1B5B           CC8A    LAB_1B66           CC95    LAB_1B78           CCA7
LAB_1B7B           CCAA    LAB_1B7D           CCAC    LAB_1B84           CCB3
LAB_1B86           CCB5    LAB_1B9D           CCCC    LAB_1BA9           CCE3
LAB_1BAC           CCE6    LAB_1BC1           CCCF    LAB_1BCA           CCD8
LAB_1BD0           CD18    LAB_1BE7           CD37    LAB_1BEE           CD3E
LAB_1BF7           CCFD    LAB_1BFB           CD00    LAB_1BFE           CD0B
LAB_1C01           CD0F    LAB_1C11           CD45    LAB_1C13           CD47
LAB_1C18           CD4C    LAB_1C18P2         CD4E E  LAB_1C24           CD57
LAB_1C25           CD5A    LAB_1C27           CD5B    LAB_1C54           CDC8
LAB_1C56           CD6F    LAB_1C95           CE06    LAB_1CAE           CE1F
LAB_1CD6           CE45    LAB_1CDB           CE4A    LAB_1CE1           CE50
LAB_1CE6           CE55    LAB_1CF2           CE61    LAB_1CFB           CE6A
LAB_1CFE           CE6D    LAB_1D10           CEC0    LAB_1D12           CEC2
LAB_1D1F           CECE    LAB_1D2D           CEDC    LAB_1D2E           CEDD
LAB_1D38           CEE7    LAB_1D47           CEF6    LAB_1D53           CF01
LAB_1D5D           CF0B    LAB_1D5F           CF0D    LAB_1D69           CF17
LAB_1D77           CF25    LAB_1D82           CF33    LAB_1D83           CF3D
LAB_1D8A           CF3C    LAB_1D8B           CF43    LAB_1D96           E2E4 E
LAB_1D98           CF4E    LAB_1DAE           CF64    LAB_1DD7           CF8D
LAB_1DE1           CF97    LAB_1DE6           CF9C    LAB_1DF2           CFA8
LAB_1DF7           E2EB    LAB_1E12           CFC4    LAB_1E14           CFC6
LAB_1E17           CFC9    LAB_1E1F           CFD1    LAB_1E5C           D00E
LAB_1E68           D01A    LAB_1E77           D029    LAB_1E85           D037
LAB_1E8A           D03C    LAB_1E8D           D03F    LAB_1EA1           D053
LAB_1EC0           D06F    LAB_1ED0           D07E    LAB_1EF3           D0A1
LAB_1F02           D0B0    LAB_1F07           D0B5    LAB_1F24           D0D2
LAB_1F28           D0D6    LAB_1F2C           D0DA    LAB_1F42           D0F0
LAB_1F45           D0F3    LAB_1F48           D0F6    LAB_1F49           D0F7
LAB_1F5A           D107    LAB_1F7B           D124    LAB_1F7C           D125
LAB_1F8F           D138    LAB_1FA8           D151    LAB_1FB4           D15D
LAB_1FD0           D177    LAB_1FD9           D180    LAB_1FDB           D182
LAB_200B           D1B6    LAB_201E           D1C5    LAB_2043           D1EE
LAB_2074           D21F    LAB_207A           D225    LAB_209C           D243
LAB_20AE           D255    LAB_20B4           D25B    LAB_20BE           D265
LAB_20CB           D272    LAB_20CF           D276    LAB_20D0           D277
LAB_20DC           D283    LAB_20F5           D29E    LAB_20F8           D2A1
LAB_2115           D2BE    LAB_2117           D2C0    LAB_2122           D2CB
LAB_212C           D2D5    LAB_2137           D2E0    LAB_214B           D2F4
LAB_2161           D30A    LAB_216A           D313    LAB_2176           D31D
LAB_217E           D325    LAB_2183           D32A    LAB_218B           D332
LAB_218F           D336    LAB_219A           D33E    LAB_21C4           D361
LAB_21CC           D369    LAB_21D1           D36E    LAB_21D7           D374
LAB_21EC           D389    LAB_21F6           D393    LAB_2206           D3A3
LAB_2207           D3A4    LAB_2208           D3A6    LAB_2211           D3AE
LAB_2216           D3B3    LAB_224D           D3E5    LAB_226D           D405
LAB_228A           D422    LAB_2298           D430    LAB_229C           D434
LAB_22A0           D439    LAB_22A9           D442    LAB_22B2           D44B
LAB_22B6           D44F    LAB_22BA           D453    LAB_22E5           D47E
LAB_22E6           D47F    LAB_22EB           D484    LAB_22FB           D494
LAB_2316           D4B9    LAB_231C           D4BF    LAB_231D           D4C0
LAB_231E           D4C1    LAB_2335           D4D8    LAB_2358           D4F1
LAB_236F           D508    LAB_23A8           D597    LAB_23C5           D5B4
LAB_23F3           D5E0    LAB_2441           D6A9    LAB_2445           D6AB
LAB_244D           D6B3    LAB_244E           D6CB    LAB_2455           D6B4
LAB_2467           D6C6    LAB_246C           D6CF    LAB_2474           D6E4
LAB_247C           D6EC    LAB_2498           D708    LAB_249C           D70C
LAB_24A8           D718    LAB_24B4           D724    LAB_24D0           D740
LAB_24D5           D745    LAB_24D9           D749    LAB_24F1           D761
LAB_24F3           D763    LAB_24F5           D765    LAB_24F8           D768
LAB_2511           D781    LAB_251B           D78B    LAB_2528           D798
LAB_252A           D79A    LAB_2536           D7A6    LAB_2537           D7A7
LAB_253D           D7AD    LAB_2559           D7C9    LAB_2563           D7D3
LAB_2564           D7D4    LAB_2569           D7D9    LAB_256B           D7DB
LAB_257B           D7EB    LAB_2588           D7F8    LAB_258E           D7FE
LAB_2592           D802    LAB_259A           D80A    LAB_259C           E2E3
LAB_25A0           E25F    LAB_25AD           E26C    LAB_25B1           E270
LAB_25B5           E274    LAB_25B9           E278    LAB_25C4           D813
LAB_25C7           D816    LAB_25FB           D84A    LAB_2622           D871
LAB_2627           D876    LAB_262A           D879    LAB_2640           D88F
LAB_264C           D89B    LAB_264D           D89C    LAB_2673           D8C2
LAB_2675           D8C4    LAB_2680           D8CF    LAB_268B           D8DA
LAB_268F           D8DE    LAB_2690           D8DF    LAB_2696           D8E3
LAB_269B           D8FE    LAB_269E           D8E8    LAB_26B5           E2F4
LAB_26B9           D901    LAB_26C2           D90A    LAB_26CA           D912
LAB_26E4           D92C    LAB_26F4           D93C    LAB_2701           D94B
LAB_2702           D94E    LAB_2704           D965    LAB_272B           D971
LAB_2737           D97A    LAB_273C           D97F    LAB_276E           D9AE
LAB_2770           D9B0    LAB_2778           D9B8    LAB_279B           D6D4
LAB_279D           D6D6    LAB_27A1           D6DA    LAB_27AB           D9DB
LAB_27AE           D9DE    LAB_27B0           D9E0    LAB_27B9           D9E9
LAB_27BA           D9EA    LAB_27C2           D9F2    LAB_27CA           D9FA
LAB_27CE           D9FE    LAB_27D0           DA00    LAB_27D7           DA07
LAB_27DB           DA0B    LAB_27E3           DA13    LAB_27F8           DA28
LAB_27FA           DA2A    LAB_2828           DA58    LAB_282E           DA5E
LAB_2831           DA61    LAB_2845           DA75    LAB_2850           DA80
LAB_2851           DA81    LAB_287F           DAAF    LAB_2886           DAB6
LAB_2887           DAB7    LAB_288B           DABD    LAB_289A           DACC
LAB_289C           DAD0    LAB_289D           DAD5    LAB_289E           DAE3
LAB_28A1           DAE6    LAB_28A3           DAE8    LAB_28C2           DB07
LAB_28C4           DB09    LAB_28C7           DB0C    LAB_28C9           DB0E
LAB_28D5           DB1A    LAB_28DB           DB20    LAB_28DD           DB22
LAB_28E6           DB2B    LAB_28EF           DB34    LAB_28F6           DB3B
LAB_28FB           DB40    LAB_28FE           DB43    LAB_2905           DB4A
LAB_2912           DB56    LAB_2925           DB69    LAB_2934           DB78
LAB_2942           DB83    LAB_2947           E27C    LAB_294B           E280
LAB_294F           E284    LAB_2953           DB88    LAB_295E           DB93
LAB_296E           DBA6    LAB_2978           DBB0    LAB_297B           DBB3
LAB_2989           DBC1    LAB_299A           DBD0    LAB_299C           DBD2
LAB_29A7           DBDD    LAB_29B2           DBE8    LAB_29B9           DBEF
LAB_29C0           DBF6    LAB_29C3           DBF9    LAB_29D8           DC0E
LAB_29D9           DC0F    LAB_29E4           DC1A    LAB_29F5           DC2B
LAB_29F7           DC2D    LAB_29FB           DC31    LAB_2A18           DC4E
LAB_2A1A           DC50    LAB_2A21           DC57    LAB_2A3B           DC71
LAB_2A4B           DC81    LAB_2A58           DC8E    LAB_2A68           DC9E
LAB_2A74           DCAA    LAB_2A89           DCBF    LAB_2A8C           DCC2
LAB_2A91           DCC7    LAB_2A96           E2EC    LAB_2A9A           E2F8
LAB_2A9B           E2F9 E  LAB_2A9C           E2FA E  LAB_2ABF           DCD5
LAB_2AD9           DCEF    LAB_2AF9           DD0F    LAB_2AFA           E288
LAB_2AFD           E2E7    LAB_2AFE           E28C    LAB_2B2B           DD20
LAB_2B36           DD2B    LAB_2B39           DD2E    LAB_2B49           DD3E
LAB_2B6E           DD62    LAB_2B84           DD78    LAB_2B88           DD7C
LAB_2B97           DD8D    LAB_2B9B           DD91    LAB_2BA8           DD9E
LAB_2C35           DE1B    LAB_2C38           DE1E    LAB_2C45           DE2B
LAB_2C74           DE5A    LAB_2C78           E2A9    LAB_2C7C           E2BE
LAB_2C80           E2F0    LAB_2C84           E2AD    LAB_2CA1           DE6C
LAB_2CAF           DE7A    LAB_2CC2           DE8D    LAB_2CC9           E2C2
LAB_2CEE           E1FE    LAB_2CF4           E204    LAB_2D04           DEA6
LAB_2D05           E219    LAB_2D13           C108    LAB_2D4E           C11C
LAB_2D93           C15C    LAB_2D99           C168    LAB_2DAA           C179
LAB_2DB6           C185    LAB_2E05           C1A2    LAB_A2HX           DF62
LAB_ABS            DA25    LAB_ADD            D6D2    LAB_AL2X           DF6D
LAB_AND            CDE6    LAB_ASC            D58A    LAB_ATN            DE64
LAB_AYFC           D16A    LAB_BAER           E7B5    LAB_BHER           CDC9
LAB_BHSS           CD9D    LAB_BINS           DEE5    LAB_BITCLR         DEA7
LAB_BITSET         DE93    LAB_BMSG           E8EA    LAB_BTST           DEBD
LAB_CALL           D688    LAB_CASC           CF2F    LAB_CBIN           DFAD
LAB_CFAC           CDAE    LAB_CHEX           DF7F    LAB_CHRS           D495
LAB_CKIN           DFD7    LAB_CKRN           D17B    LAB_CKTM           CBE4
LAB_CLEAR          C4AE    LAB_COLD           C106    LAB_CONT           C697
LAB_COS            DDE2    LAB_CRLF           C9A3    LAB_CRTS           DFD6
LAB_CTBL           E30A    LAB_CTNM           CBE1    LAB_CTST           CBE3
LAB_DATA           C79D    LAB_DEC            C897    LAB_DEEK           D628
LAB_DEF            D185    LAB_DIM            CE70    LAB_DIVIDE         D915
LAB_DO             C6C5    LAB_DOKE           D63B    LAB_DONOK          C729
LAB_EMSG           E8F2    LAB_END            C62C    LAB_EOR            CDCC
LAB_EQUAL          CD28    LAB_ESGL           D585    LAB_EVBY           D5A0
LAB_EVEX           CBF2    LAB_EVEZ           CBFA    LAB_EVIN           CFAD
LAB_EVIR           CFB7    LAB_EVNM           CBDE    LAB_EVPI           CFB3
LAB_EVST           D44C    LAB_EXCH           DFB6    LAB_EXP            DD10
LAB_F2FU           D608    LAB_F2FX           D602    LAB_FB95           E015
LAB_FB96           E01A    LAB_FBA0           DFCE    LAB_FBA2           DFD6
LAB_FCER           D03A    LAB_FOR            C569    LAB_FRE            D156
LAB_FTBL           E3A8    LAB_FTBM           E3A9 E  LAB_FTPL           E362
LAB_FTPM           E363 E  LAB_GADB           D5E9    LAB_GARB           D2F0
LAB_GBYT           00C2 E  LAB_GET            C935    LAB_GETS           C94A
LAB_GFPN           C866    LAB_GMEM           C124    LAB_GOSUB          C6DF
LAB_GOTO           C6FC    LAB_GO_SEARCH      C67F    LAB_GTBY           D59D
LAB_GTHAN          DD05    LAB_GVAL           CCDE    LAB_GVAR           CEBB
LAB_HEXS           DF34    LAB_IF             C7CB    LAB_IGBY           00BC E
LAB_IMSG           E90D    LAB_INC            C89A    LAB_INEX           E03A
LAB_INLN           C346    LAB_INON           E035    LAB_INPUT          CA58
LAB_INT            DA92    LAB_IOFF           E02F    LAB_IRQ            E01B
LAB_IRTS           E06B    LAB_ISBYTE         C950    LAB_ISHN           DF8E
LAB_KEYT           E619    LAB_LCASE          D523    LAB_LEFT           D4A7
LAB_LENS           D57F    LAB_LET            C8C5    LAB_LFND           E059
LAB_LINE_FOUND     C687    LAB_LIST           C4B4    LAB_LMSG           E8F9
LAB_LOG            D80C    LAB_LOOP           C72E    LAB_LRMS           CD81
LAB_LSHIFT         CE7A    LAB_LTHAN          CE07    LAB_MAX            E08A
LAB_MIDS           D4DF    LAB_MIN            E09A    LAB_MLBT           DFA7
LAB_MLTE           DF79    LAB_MLTO           DF99    LAB_MMEC           E0AC
LAB_MMPP           E084    LAB_MMSE           E0B5    LAB_MSSP           D24B
LAB_MSZM           E22D    LAB_MULTIPLY       D84D    LAB_NEW            C45C
LAB_NEXT           CB76    LAB_NHEX           DADC    LAB_NLTO           DF75
LAB_NMI            E01E    LAB_NOIN           C83F    LAB_NONM           C846
LAB_NOSQ           E13F    LAB_NOST           C95A    LAB_NOTT           DEE2
LAB_NSTT           E101    LAB_NULL           C691    LAB_NXCH           DF9C
LAB_OMER           C240    LAB_ON             C838    LAB_OPPT           E3EE
LAB_OR             CDD9    LAB_PEEK           D614    LAB_PFAC           D9B4
LAB_PHFA           E0B8    LAB_PI             E1E0    LAB_POKE           D61F
LAB_POS            D175    LAB_POWER          DCCC    LAB_PPBI           CD7C
LAB_PPFN           CD76    LAB_PPFS           CD70    LAB_PRINT          C966
LAB_PRNA           C9FE    LAB_READ           CA78    LAB_REDO           E91E
LAB_REM            C82F    LAB_RESET_SEARCH   C67B    LAB_RESTORE        C653
LAB_RESTOREN       C664    LAB_RETIRQ         E06C    LAB_RETNMI         E078
LAB_RETURN         C788    LAB_RIGHT          D4B0    LAB_RMSG           E903
LAB_RND            DDAE    LAB_RSHIFT         CE92    LAB_RTST           D296
LAB_RUN            C6BB    LAB_SADD           D566    LAB_SCCA           CD02
LAB_SCGB           D5EF    LAB_SGBY           D59A    LAB_SGN            DA08
LAB_SHLN           C436    LAB_SIN            DDE9    LAB_SIRQ           E03F
LAB_SKFE           01FE E  LAB_SKFF           01FF E  LAB_SMSG           E23C
LAB_SNBL           C7B1    LAB_SNBS           C7AE    LAB_SNER           CD13
LAB_SNMI           E043    LAB_SQE1           E165    LAB_SQE2           E173
LAB_SQNS           E1C0    LAB_SQR            E143    LAB_SSLN           C432
LAB_STAK           0100 E  LAB_STFA           DA18    LAB_STOP           C62A
LAB_STRS           D237    LAB_SUBTRACT       D6B7    LAB_SULP           E12C
LAB_SVTB           E120    LAB_SWAP           D660    LAB_SYS            C4B1
LAB_TAN            DE32    LAB_TBSZ           E10C    LAB_TWOPI          E1EA
LAB_UCASE          D544    LAB_UFAC           D98E    LAB_UFLOW          C65E
LAB_USR            DE5E    LAB_VAL            D5AC    LAB_VARPTR         E1D0
LAB_WAIT           D69A    LAB_WARM           0000 E  LAB_WDLP           E12D
LAB_WDTH           E0ED    LAB_XERR           C242    LAST_SH            0067 E
LAST_SL            0066 E  LBB_ABS            E481    LBB_AND            E485
LBB_ASC            E488    LBB_ATN            E48C    LBB_BINS           E491
LBB_BITCLR         E496    LBB_BITSET         E49C    LBB_BITTST         E4A2
LBB_CALL           E4AA    LBB_CHRS           E4AE    LBB_CLEAR          E4B3
LBB_CONT           E4B8    LBB_COS            E4BC    LBB_DATA           E4C1
LBB_DEC            E4C5    LBB_DEEK           E4C8    LBB_DEF            E4CD
LBB_DIM            E4D0    LBB_DO             E4D7    LBB_DOKE           E4D3
LBB_ELSE           E4DA    LBB_END            E4DE    LBB_EOR            E4E1
LBB_EXP            E4E4    LBB_FN             E4E9    LBB_FOR            E4EB
LBB_FRE            E4EE    LBB_GET            E4F3    LBB_GOSUB          E4F6
LBB_GOTO           E4FB    LBB_HEXS           E500    LBB_IF             E506
LBB_INC            E508    LBB_INPUT          E50B    LBB_INT            E510
LBB_IRQ            E514    LBB_LCASES         E518    LBB_LEFTS          E51F
LBB_LEN            E525    LBB_LET            E529    LBB_LIST           E52C
LBB_LOAD           E530    LBB_LOG            E534    LBB_LOOP           E538
LBB_LSHIFT         E475    LBB_MAX            E53D    LBB_MIDS           E541
LBB_MIN            E546    LBB_NEW            E54B    LBB_NEXT           E54E
LBB_NMI            E552    LBB_NOT            E555    LBB_NULL           E558
LBB_OFF            E55D    LBB_ON             E560    LBB_OR             E562
LBB_PEEK           E565    LBB_PI             E56A    LBB_POKE           E56C
LBB_POS            E570    LBB_PRINT          E574    LBB_READ           E57A
LBB_REM            E57E    LBB_RESTORE        E581    LBB_RETIRQ         E588
LBB_RETNMI         E58E    LBB_RETURN         E594    LBB_RIGHTS         E59A
LBB_RND            E5A1    LBB_RSHIFT         E47B    LBB_RUN            E5A5
LBB_SADD           E5A9    LBB_SAVE           E5AE    LBB_SGN            E5B2
LBB_SIN            E5B6    LBB_SPC            E5BA    LBB_SQR            E5BE
LBB_STEP           E5C2    LBB_STOP           E5C6    LBB_STRS           E5CA
LBB_SWAP           E5CF    LBB_SYS            E5D3    LBB_TAB            E5D7
LBB_TAN            E5DB    LBB_THEN           E5DF    LBB_TO             E5E3
LBB_TWOPI          E5E5    LBB_UCASES         E5EB    LBB_UNTIL          E5F2
LBB_USR            E5F7    LBB_VAL            E5FC    LBB_VPTR           E600
LBB_WAIT           E608    LBB_WHILE          E60C    LBB_WIDTH          E611
LC_LOOP            D533    LOOPALWAYS         C75D    LOOPDONE           C777
LOOPPRN            DDBD    LS_LOOP            CE87    LVARPH             0098 E
LVARPL             0097 E  MIDS_L             00AF E  NBENDH             00A5 E
NBENDL             00A4 E  NEGNUM             00B1 E  NEXTB1             DEF4
NEXTB2             DF10    NEXTPRN            DDB9    NEXT_S             0065 E
NINC1              DDCC    NMIBASE            00DC E  NOLCASE            D55E
NOSHIFT            CEA5    NOSTRING           D563    NOUCASE            D53D
NULLCT             000D E  NUMBIT             00A8 E  NUMCON             00B1 E
NUMDPF             00AA E  NUMEXP             00A8 E  NUMS_1             0011 E
NUMS_2             0012 E  NUMS_3             0013 E  OBENDH             00A7 E
OBENDL             00A6 E  OQUOTE             0060 E  OSTRTH             00AB E
OSTRTL             00AA E  OUTPUT_CHAR        FF09 E  PG2_TABE           E1FE
PG2_TABS           E1F9    PLUS_0             0000 E  PLUS_1             0001 E
PLUS_2             0002 E  PLUS_3             0003 E  PRSTK              0099 E
RAM_BASE           0400 E  RAM_TOP            8000 E  RBYTE1             00D9 E
RBYTE2             00DA E  RBYTE3             00DB E  RBYTE4             00D8 E
RDPTRH             0092 E  RDPTRL             0091 E  RS_LOOP            CE9F
SARRYH             007E E  SARRYL             007D E  SCNQUO             005C E
SDESCR             00B8 E  SENDH              00BB E  SENDL              00BA E
SMEMH              007A E  SMEML              0079 E  SRCHC              005B E
SSPTR_H            00B9 E  SSPTR_L            00B8 E  SSTORH             0082 E
SSTORL             0081 E  STRTAB             E21A    STR_LN             00AC E
STR_PH             00AE E  STR_PL             00AD E  SUFNXF             0061 E
SUTILH             0084 E  SUTILL             0083 E  SVARH              007C E
SVARL              007B E  SWAPERR            D685    SWAPLP             D677
S_BITC             DEB0    S_BITS             DE9D    TABERR             E140
TABLOOP            C126    TABSIZ             0064 E  TAB_1STC           E415
TAB_ASCA           E481    TAB_ASCB           E491    TAB_ASCC           E4AA
TAB_ASCD           E4C1    TAB_ASCE           E4DA    TAB_ASCF           E4E9
TAB_ASCG           E4F3    TAB_ASCH           E500    TAB_ASCI           E506
TAB_ASCL           E518    TAB_ASCM           E53D    TAB_ASCN           E54B
TAB_ASCO           E55D    TAB_ASCP           E565    TAB_ASCR           E57A
TAB_ASCS           E5A9    TAB_ASCT           E5D7    TAB_ASCU           E5EB
TAB_ASCV           E5FC    TAB_ASCW           E608    TAB_CHRT           E433
TAB_EQUL           E479    TAB_LESS           E475    TAB_MNUS           E471
TAB_MORE           E47B    TAB_PLUS           E46F    TAB_POWR           E617
TAB_QEST           E47F    TAB_SLAS           E473    TAB_STAR           E46D
TEMP3              005B E  TEMPB              0078 E  TEMP_2             0071 E
TIDX1              0097 E  TINDX              005D E  TK_ABS             00C6 E
TK_AND             00BC E  TK_ASC             00D8 E  TK_ATN             00D1 E
TK_BINS            00DD E  TK_BITCLR          00A8 E  TK_BITSET          00A7 E
TK_BITTST          00DE E  TK_CALL            009C E  TK_CHRS            00DB E
TK_CLEAR           00A2 E  TK_CONT            00A0 E  TK_COS             00CE E
TK_DATA            0083 E  TK_DEC             0088 E  TK_DEEK            00D3 E
TK_DEF             0099 E  TK_DIM             0085 E  TK_DIV             00BA E
TK_DO              009D E  TK_DOKE            009B E  TK_ELSE            00AD E
TK_END             0080 E  TK_EOR             00BD E  TK_EQUAL           00C2 E
TK_EQUAL_PLUS      000B E  TK_EXP             00CD E  TK_FN              00AF E
TK_FOR             0081 E  TK_FRE             00C8 E  TK_GET             00A5 E
TK_GOSUB           008D E  TK_GOTO            0089 E  TK_GT              00C1 E
TK_GT_PLUS         000A E  TK_HEXS            00DC E  TK_IF              008B E
TK_INC             0095 E  TK_INPUT           0084 E  TK_INT             00C5 E
TK_IRQ             00A9 E  TK_LCASES          00DA E  TK_LEFTS           00E4 E
TK_LEN             00D5 E  TK_LET             0087 E  TK_LIST            00A1 E
TK_LOAD            0097 E  TK_LOG             00CC E  TK_LOOP            009E E
TK_LSHIFT          00C0 E  TK_LT              00C3 E  TK_LT_PLUS         000C E
TK_MAX             00DF E  TK_MIDS            00E6 E  TK_MIN             00E0 E
TK_MINUS           00B8 E  TK_MUL             00B9 E  TK_NEW             00A3 E
TK_NEXT            0082 E  TK_NMI             00AA E  TK_NOT             00B2 E
TK_NULL            0094 E  TK_OFF             00B6 E  TK_ON              0093 E
TK_OR              00BE E  TK_PEEK            00D2 E  TK_PI              00E1 E
TK_PLUS            00B7 E  TK_POKE            009A E  TK_POS             00C9 E
TK_POWER           00BB E  TK_PRINT           009F E  TK_READ            0086 E
TK_REM             0091 E  TK_RESTORE         008C E  TK_RETIRQ          008E E
TK_RETNMI          008F E  TK_RETURN          0090 E  TK_RIGHTS          00E5 E
TK_RND             00CB E  TK_RSHIFT          00BF E  TK_RUN             008A E
TK_SADD            00D4 E  TK_SAVE            0098 E  TK_SGN             00C4 E
TK_SIN             00CF E  TK_SPC             00B0 E  TK_SQR             00CA E
TK_STEP            00B3 E  TK_STOP            0092 E  TK_STRS            00D6 E
TK_SWAP            00A6 E  TK_SYS             00AB E  TK_TAB             00AC E
TK_TAN             00D0 E  TK_THEN            00B1 E  TK_TO              00AE E
TK_TWOPI           00E2 E  TK_UCASES          00D9 E  TK_UNTIL           00B4 E
TK_USR             00C7 E  TK_VAL             00D7 E  TK_VPTR            00E3 E
TK_WAIT            0096 E  TK_WHILE           00B5 E  TK_WIDTH           00A4 E
TOOBIG             CEAA    TPOS               000E E  TST_OK             DED1
TWIDTH             000F E  T_BITS             DED7    UC_LOOP            D554
USRJMP             000A E  USRJPH             000C E  USRJPL             000B E
UT1_PH             0072 E  UT1_PL             0071 E  UT2_PH             0074 E
UT2_PL             0073 E  VARNM1             0093 E  VARNM2             0094 E
VEC_CC             0203 E  VEC_IN             0205 E  VEC_LD             0209 E
VEC_OUT            0207 E  VEC_SV             020B E  VRSCHH             00AB E
VRSCHL             00AA E  V_INPT             E1F1    V_LOAD             E1F7
V_OUTP             E1F4    V_SAVE             E1F8    WEXIT              E122
WRMJPH             0002 E  WRMJPL             0001 E  XOAW_H             005C E
XOAW_L             005B E
